# hostname;interval;timestamp;IFACE;rxpck/s;txpck/s;rxkB/s;txkB/s;rxcmp/s;txcmp/s;rxmcst/s;%ifutil
zenbook;1;2017-12-21 17:22:56 UTC;enp0s20f0u1u3;12,00;8,00;1,77;3,50;0,00;0,00;0,00;0,00
zenbook;1;2017-12-21 17:22:57 UTC;enp0s20f0u1u3;5,00;1,00;0,29;0,04;0,00;0,00;0,00;0,00
zenbook;1;2017-12-21 17:22:58 UTC;enp0s20f0u1u3;11,00;11,00;3,25;6,48;0,00;0,00;0,00;0,01
zenbook;1;2017-12-21 17:22:59 UTC;enp0s20f0u1u3;14,00;9,00;1,45;6,93;0,00;0,00;0,00;0,01
zenbook;1;2017-12-21 17:23:00 UTC;enp0s20f0u1u3;5,00;2,00;0,91;0,18;0,00;0,00;0,00;0,00
zenbook;1;2017-12-21 17:23:01 UTC;enp0s20f0u1u3;4,00;0,00;1,04;0,00;0,00;0,00;0,00;0,00
zenbook;1;2017-12-21 17:23:02 UTC;enp0s20f0u1u3;19,00;8,00;6,63;2,13;0,00;0,00;0,00;0,01
zenbook;1;2017-12-21 17:23:03 UTC;enp0s20f0u1u3;4,00;0,00;0,32;0,00;0,00;0,00;0,00;0,00
zenbook;1;2017-12-21 17:23:04 UTC;enp0s20f0u1u3;2,00;1,00;0,30;0,04;0,00;0,00;0,00;0,00
zenbook;1;2017-12-21 17:23:05 UTC;enp0s20f0u1u3;10,00;5,00;0,83;0,32;0,00;0,00;0,00;0,00
zenbook;1;2017-12-21 17:23:06 UTC;enp0s20f0u1u3;4,00;1,00;0,29;0,09;0,00;0,00;0,00;0,00
zenbook;1;2017-12-21 17:23:07 UTC;enp0s20f0u1u3;9,00;0,00;1,63;0,00;0,00;0,00;0,00;0,00
zenbook;1;2017-12-21 17:23:08 UTC;enp0s20f0u1u3;4,00;1,00;0,26;0,09;0,00;0,00;0,00;0,00
zenbook;1;2017-12-21 17:23:09 UTC;enp0s20f0u1u3;1,00;0,00;0,06;0,00;0,00;0,00;0,00;0,00
zenbook;1;2017-12-21 17:23:10 UTC;enp0s20f0u1u3;73,00;149,00;21,20;74,22;0,00;0,00;0,00;0,06
zenbook;1;2017-12-21 17:23:11 UTC;enp0s20f0u1u3;30,00;260,00;3,32;230,50;0,00;0,00;0,00;0,19
zenbook;1;2017-12-21 17:23:12 UTC;enp0s20f0u1u3;33,00;298,00;3,61;270,08;0,00;0,00;0,00;0,22
zenbook;1;2017-12-21 17:23:13 UTC;enp0s20f0u1u3;32,00;293,00;3,89;269,73;0,00;0,00;0,00;0,22
zenbook;1;2017-12-21 17:23:14 UTC;enp0s20f0u1u3;30,00;299,00;3,38;273,41;0,00;0,00;0,00;0,22
zenbook;1;2017-12-21 17:23:15 UTC;enp0s20f0u1u3;36,00;302,00;5,17;275,78;0,00;0,00;0,00;0,23
zenbook;1;2017-12-21 17:23:16 UTC;enp0s20f0u1u3;28,00;292,00;3,04;264,34;0,00;0,00;0,00;0,22
zenbook;1;2017-12-21 17:23:17 UTC;enp0s20f0u1u3;30,00;303,00;3,56;277,24;0,00;0,00;0,00;0,23
zenbook;1;2017-12-21 17:23:18 UTC;enp0s20f0u1u3;39,00;295,00;4,66;276,94;0,00;0,00;0,00;0,23
zenbook;1;2017-12-21 17:23:19 UTC;enp0s20f0u1u3;25,00;291,00;2,70;274,27;0,00;0,00;0,00;0,22
zenbook;1;2017-12-21 17:23:20 UTC;enp0s20f0u1u3;40,00;308,00;3,85;283,56;0,00;0,00;0,00;0,23
zenbook;1;2017-12-21 17:23:21 UTC;enp0s20f0u1u3;21,00;293,00;2,29;274,10;0,00;0,00;0,00;0,22
zenbook;1;2017-12-21 17:23:22 UTC;enp0s20f0u1u3;26,00;286,00;2,83;265,94;0,00;0,00;0,00;0,22
zenbook;1;2017-12-21 17:23:23 UTC;enp0s20f0u1u3;24,00;297,00;2,78;284,35;0,00;0,00;0,00;0,23
zenbook;1;2017-12-21 17:23:24 UTC;enp0s20f0u1u3;26,00;279,00;3,33;262,34;0,00;0,00;0,00;0,21
zenbook;1;2017-12-21 17:23:25 UTC;enp0s20f0u1u3;30,00;295,00;3,47;280,49;0,00;0,00;0,00;0,23
zenbook;1;2017-12-21 17:23:26 UTC;enp0s20f0u1u3;27,00;282,00;3,24;273,38;0,00;0,00;0,00;0,22
zenbook;1;2017-12-21 17:23:27 UTC;enp0s20f0u1u3;24,00;290,00;2,62;270,95;0,00;0,00;0,00;0,22
zenbook;1;2017-12-21 17:23:28 UTC;enp0s20f0u1u3;25,00;279,00;3,10;264,05;0,00;0,00;0,00;0,22
zenbook;1;2017-12-21 17:23:29 UTC;enp0s20f0u1u3;24,00;298,00;2,62;282,18;0,00;0,00;0,00;0,23
zenbook;1;2017-12-21 17:23:30 UTC;enp0s20f0u1u3;25,00;293,00;2,63;270,47;0,00;0,00;0,00;0,22
zenbook;1;2017-12-21 17:23:31 UTC;enp0s20f0u1u3;25,00;297,00;2,89;282,57;0,00;0,00;0,00;0,23
zenbook;1;2017-12-21 17:23:32 UTC;enp0s20f0u1u3;40,00;292,00;8,62;270,03;0,00;0,00;0,00;0,22
zenbook;1;2017-12-21 17:23:33 UTC;enp0s20f0u1u3;32,00;301,00;3,05;274,13;0,00;0,00;0,00;0,22
zenbook;1;2017-12-21 17:23:34 UTC;enp0s20f0u1u3;29,00;292,00;3,15;275,79;0,00;0,00;0,00;0,23
zenbook;1;2017-12-21 17:23:35 UTC;enp0s20f0u1u3;29,00;302,00;3,25;284,36;0,00;0,00;0,00;0,23
zenbook;1;2017-12-21 17:23:36 UTC;enp0s20f0u1u3;27,00;288,00;2,80;272,25;0,00;0,00;0,00;0,22
zenbook;1;2017-12-21 17:23:37 UTC;enp0s20f0u1u3;33,00;291,00;4,28;275,07;0,00;0,00;0,00;0,23
zenbook;1;2017-12-21 17:23:38 UTC;enp0s20f0u1u3;25,00;288,00;2,52;273,22;0,00;0,00;0,00;0,22
zenbook;1;2017-12-21 17:23:39 UTC;enp0s20f0u1u3;75,00;390,00;18,16;304,47;0,00;0,00;0,00;0,25
zenbook;1;2017-12-21 17:23:40 UTC;enp0s20f0u1u3;39,00;400,00;4,10;313,80;0,00;0,00;0,00;0,26
zenbook;1;2017-12-21 17:23:41 UTC;enp0s20f0u1u3;36,00;406,00;3,95;321,05;0,00;0,00;0,00;0,26
zenbook;1;2017-12-21 17:23:42 UTC;enp0s20f0u1u3;39,60;430,69;4,20;341,47;0,00;0,00;0,00;0,28
zenbook;1;2017-12-21 17:23:43 UTC;enp0s20f0u1u3;34,00;425,00;3,82;339,84;0,00;0,00;0,00;0,28
zenbook;1;2017-12-21 17:23:44 UTC;enp0s20f0u1u3;42,00;425,00;5,06;341,08;0,00;0,00;0,00;0,28
zenbook;1;2017-12-21 17:23:45 UTC;enp0s20f0u1u3;46,00;412,00;6,54;331,87;0,00;0,00;0,00;0,27
zenbook;1;2017-12-21 17:23:46 UTC;enp0s20f0u1u3;47,00;438,00;5,45;355,18;0,00;0,00;0,00;0,29
zenbook;1;2017-12-21 17:23:47 UTC;enp0s20f0u1u3;54,00;422,00;5,61;348,14;0,00;0,00;0,00;0,29
zenbook;1;2017-12-21 17:23:48 UTC;enp0s20f0u1u3;45,00;421,00;5,18;345,90;0,00;0,00;0,00;0,28
zenbook;1;2017-12-21 17:23:49 UTC;enp0s20f0u1u3;45,00;441,00;5,04;360,41;0,00;0,00;0,00;0,30
zenbook;1;2017-12-21 17:23:50 UTC;enp0s20f0u1u3;42,00;446,00;4,54;374,05;0,00;0,00;0,00;0,31
zenbook;1;2017-12-21 17:23:51 UTC;enp0s20f0u1u3;39,00;450,00;5,24;375,59;0,00;0,00;0,00;0,31
zenbook;1;2017-12-21 17:23:52 UTC;enp0s20f0u1u3;41,00;454,00;4,41;373,76;0,00;0,00;0,00;0,31
zenbook;1;2017-12-21 17:23:53 UTC;enp0s20f0u1u3;39,00;451,00;5,19;380,95;0,00;0,00;0,00;0,31
zenbook;1;2017-12-21 17:23:54 UTC;enp0s20f0u1u3;41,00;472,00;4,59;400,77;0,00;0,00;0,00;0,33
zenbook;1;2017-12-21 17:23:55 UTC;enp0s20f0u1u3;40,00;460,00;4,26;391,15;0,00;0,00;0,00;0,32
zenbook;1;2017-12-21 17:23:56 UTC;enp0s20f0u1u3;44,00;474,00;5,42;407,44;0,00;0,00;0,00;0,33
zenbook;1;2017-12-21 17:23:57 UTC;enp0s20f0u1u3;45,00;476,00;4,75;410,54;0,00;0,00;0,00;0,34
zenbook;1;2017-12-21 17:23:58 UTC;enp0s20f0u1u3;45,00;499,00;4,80;436,70;0,00;0,00;0,00;0,36
zenbook;1;2017-12-21 17:23:59 UTC;enp0s20f0u1u3;46,00;496,00;4,81;429,58;0,00;0,00;0,00;0,35
zenbook;1;2017-12-21 17:24:00 UTC;enp0s20f0u1u3;46,00;534,00;4,93;456,01;0,00;0,00;0,00;0,37
zenbook;1;2017-12-21 17:24:01 UTC;enp0s20f0u1u3;44,00;525,00;5,02;454,12;0,00;0,00;0,00;0,37
zenbook;1;2017-12-21 17:24:02 UTC;enp0s20f0u1u3;61,00;566,00;14,82;495,02;0,00;0,00;0,00;0,41
zenbook;1;2017-12-21 17:24:03 UTC;enp0s20f0u1u3;36,00;552,00;3,98;491,06;0,00;0,00;0,00;0,40
zenbook;1;2017-12-21 17:24:04 UTC;enp0s20f0u1u3;41,00;574,00;4,56;514,90;0,00;0,00;0,00;0,42
zenbook;1;2017-12-21 17:24:05 UTC;enp0s20f0u1u3;46,00;589,00;4,57;528,38;0,00;0,00;0,00;0,43
zenbook;1;2017-12-21 17:24:06 UTC;enp0s20f0u1u3;43,00;591,00;4,50;540,75;0,00;0,00;0,00;0,44
zenbook;1;2017-12-21 17:24:07 UTC;enp0s20f0u1u3;42,00;605,00;5,53;555,56;0,00;0,00;0,00;0,46
zenbook;1;2017-12-21 17:24:08 UTC;enp0s20f0u1u3;38,00;600,00;4,05;558,13;0,00;0,00;0,00;0,46
zenbook;1;2017-12-21 17:24:09 UTC;enp0s20f0u1u3;45,00;596,00;4,88;549,21;0,00;0,00;0,00;0,45
zenbook;1;2017-12-21 17:24:10 UTC;enp0s20f0u1u3;44,00;603,00;4,68;551,21;0,00;0,00;0,00;0,45
zenbook;1;2017-12-21 17:24:11 UTC;enp0s20f0u1u3;37,00;603,00;4,03;552,01;0,00;0,00;0,00;0,45
zenbook;1;2017-12-21 17:24:12 UTC;enp0s20f0u1u3;48,00;606,00;5,15;550,74;0,00;0,00;0,00;0,45
zenbook;1;2017-12-21 17:24:13 UTC;enp0s20f0u1u3;46,00;603,00;5,02;553,74;0,00;0,00;0,00;0,45
zenbook;1;2017-12-21 17:24:14 UTC;enp0s20f0u1u3;46,00;606,00;4,88;555,93;0,00;0,00;0,00;0,46
zenbook;1;2017-12-21 17:24:15 UTC;enp0s20f0u1u3;51,00;588,00;7,23;540,01;0,00;0,00;0,00;0,44
zenbook;1;2017-12-21 17:24:16 UTC;enp0s20f0u1u3;42,00;605,00;4,56;557,12;0,00;0,00;0,00;0,46
zenbook;1;2017-12-21 17:24:17 UTC;enp0s20f0u1u3;44,00;602,00;4,77;550,11;0,00;0,00;0,00;0,45
zenbook;1;2017-12-21 17:24:18 UTC;enp0s20f0u1u3;52,00;614,00;6,61;554,13;0,00;0,00;0,00;0,45
zenbook;1;2017-12-21 17:24:19 UTC;enp0s20f0u1u3;48,00;601,00;5,14;548,05;0,00;0,00;0,00;0,45
zenbook;1;2017-12-21 17:24:20 UTC;enp0s20f0u1u3;53,00;599,00;5,82;545,90;0,00;0,00;0,00;0,45
zenbook;1;2017-12-21 17:24:21 UTC;enp0s20f0u1u3;40,00;598,00;4,46;547,47;0,00;0,00;0,00;0,45
zenbook;1;2017-12-21 17:24:22 UTC;enp0s20f0u1u3;41,00;614,00;5,03;565,34;0,00;0,00;0,00;0,46
zenbook;1;2017-12-21 17:24:23 UTC;enp0s20f0u1u3;37,00;601,00;4,36;552,16;0,00;0,00;0,00;0,45
zenbook;1;2017-12-21 17:24:24 UTC;enp0s20f0u1u3;41,00;599,00;4,47;548,71;0,00;0,00;0,00;0,45
zenbook;1;2017-12-21 17:24:25 UTC;enp0s20f0u1u3;47,00;597,00;4,92;542,79;0,00;0,00;0,00;0,44
zenbook;1;2017-12-21 17:24:26 UTC;enp0s20f0u1u3;41,00;605,00;4,29;554,62;0,00;0,00;0,00;0,45
zenbook;1;2017-12-21 17:24:27 UTC;enp0s20f0u1u3;42,00;600,00;4,53;538,11;0,00;0,00;0,00;0,44
zenbook;1;2017-12-21 17:24:28 UTC;enp0s20f0u1u3;37,00;591,00;4,04;535,81;0,00;0,00;0,00;0,44
zenbook;1;2017-12-21 17:24:29 UTC;enp0s20f0u1u3;44,00;600,00;4,86;550,90;0,00;0,00;0,00;0,45
zenbook;1;2017-12-21 17:24:30 UTC;enp0s20f0u1u3;51,00;592,00;5,35;547,67;0,00;0,00;0,00;0,45
zenbook;1;2017-12-21 17:24:31 UTC;enp0s20f0u1u3;44,00;574,00;4,90;533,88;0,00;0,00;0,00;0,44
zenbook;1;2017-12-21 17:24:32 UTC;enp0s20f0u1u3;49,00;608,00;9,62;560,50;0,00;0,00;0,00;0,46
zenbook;1;2017-12-21 17:24:33 UTC;enp0s20f0u1u3;41,00;587,00;4,67;551,73;0,00;0,00;0,00;0,45
zenbook;1;2017-12-21 17:24:34 UTC;enp0s20f0u1u3;42,00;590,00;4,50;548,73;0,00;0,00;0,00;0,45
zenbook;1;2017-12-21 17:24:35 UTC;enp0s20f0u1u3;41,00;581,00;4,36;541,63;0,00;0,00;0,00;0,44
zenbook;1;2017-12-21 17:24:36 UTC;enp0s20f0u1u3;39,00;592,00;4,16;556,59;0,00;0,00;0,00;0,46
zenbook;1;2017-12-21 17:24:37 UTC;enp0s20f0u1u3;45,00;595,00;5,74;556,17;0,00;0,00;0,00;0,46
zenbook;1;2017-12-21 17:24:38 UTC;enp0s20f0u1u3;36,00;579,00;3,96;540,21;0,00;0,00;0,00;0,44
zenbook;1;2017-12-21 17:24:39 UTC;enp0s20f0u1u3;91,00;689,00;19,48;586,55;0,00;0,00;0,00;0,48
zenbook;1;2017-12-21 17:24:40 UTC;enp0s20f0u1u3;55,00;721,00;6,04;629,00;0,00;0,00;0,00;0,52
zenbook;1;2017-12-21 17:24:41 UTC;enp0s20f0u1u3;97,00;833,00;19,95;684,85;0,00;0,00;0,00;0,56
zenbook;1;2017-12-21 17:24:42 UTC;enp0s20f0u1u3;64,00;909,00;6,97;760,03;0,00;0,00;0,00;0,62
zenbook;1;2017-12-21 17:24:43 UTC;enp0s20f0u1u3;61,00;918,00;6,96;792,84;0,00;0,00;0,00;0,65
zenbook;1;2017-12-21 17:24:44 UTC;enp0s20f0u1u3;67,00;935,00;7,66;803,98;0,00;0,00;0,00;0,66
zenbook;1;2017-12-21 17:24:45 UTC;enp0s20f0u1u3;66,00;940,00;9,42;819,55;0,00;0,00;0,00;0,67
zenbook;1;2017-12-21 17:24:46 UTC;enp0s20f0u1u3;62,00;960,00;7,27;843,74;0,00;0,00;0,00;0,69
zenbook;1;2017-12-21 17:24:47 UTC;enp0s20f0u1u3;56,00;982,00;6,18;869,35;0,00;0,00;0,00;0,71
zenbook;1;2017-12-21 17:24:48 UTC;enp0s20f0u1u3;59,00;991,00;6,79;888,96;0,00;0,00;0,00;0,73
zenbook;1;2017-12-21 17:24:49 UTC;enp0s20f0u1u3;68,00;1038,00;7,30;924,54;0,00;0,00;0,00;0,76
zenbook;1;2017-12-21 17:24:50 UTC;enp0s20f0u1u3;69,00;1067,00;7,82;963,04;0,00;0,00;0,00;0,79
zenbook;1;2017-12-21 17:24:51 UTC;enp0s20f0u1u3;62,00;1075,00;6,71;973,77;0,00;0,00;0,00;0,80
zenbook;1;2017-12-21 17:24:52 UTC;enp0s20f0u1u3;58,00;1083,00;6,40;987,22;0,00;0,00;0,00;0,81
zenbook;1;2017-12-21 17:24:53 UTC;enp0s20f0u1u3;58,00;1108,00;6,62;1029,20;0,00;0,00;0,00;0,84
zenbook;1;2017-12-21 17:24:54 UTC;enp0s20f0u1u3;63,00;1129,00;7,06;1047,19;0,00;0,00;0,00;0,86
zenbook;1;2017-12-21 17:24:55 UTC;enp0s20f0u1u3;67,00;1132,00;7,24;1054,80;0,00;0,00;0,00;0,86
zenbook;1;2017-12-21 17:24:56 UTC;enp0s20f0u1u3;62,00;1182,00;6,60;1097,43;0,00;0,00;0,00;0,90
zenbook;1;2017-12-21 17:24:57 UTC;enp0s20f0u1u3;58,00;1163,00;6,35;1092,11;0,00;0,00;0,00;0,89
zenbook;1;2017-12-21 17:24:58 UTC;enp0s20f0u1u3;62,00;1162,00;6,64;1089,76;0,00;0,00;0,00;0,89
zenbook;1;2017-12-21 17:24:59 UTC;enp0s20f0u1u3;65,00;1192,00;7,00;1108,34;0,00;0,00;0,00;0,91
zenbook;1;2017-12-21 17:25:00 UTC;enp0s20f0u1u3;62,00;1175,00;6,55;1096,93;0,00;0,00;0,00;0,90
zenbook;1;2017-12-21 17:25:01 UTC;enp0s20f0u1u3;68,00;1186,00;7,43;1098,68;0,00;0,00;0,00;0,90
zenbook;1;2017-12-21 17:25:02 UTC;enp0s20f0u1u3;70,00;1190,00;11,88;1105,30;0,00;0,00;0,00;0,91
zenbook;1;2017-12-21 17:25:03 UTC;enp0s20f0u1u3;71,00;1183,00;7,30;1094,55;0,00;0,00;0,00;0,90
zenbook;1;2017-12-21 17:25:04 UTC;enp0s20f0u1u3;65,00;1183,00;6,88;1103,74;0,00;0,00;0,00;0,90
zenbook;1;2017-12-21 17:25:05 UTC;enp0s20f0u1u3;68,00;1180,00;6,99;1101,83;0,00;0,00;0,00;0,90
zenbook;1;2017-12-21 17:25:06 UTC;enp0s20f0u1u3;68,00;1189,00;7,23;1106,97;0,00;0,00;0,00;0,91
zenbook;1;2017-12-21 17:25:07 UTC;enp0s20f0u1u3;67,00;1178,00;8,08;1096,79;0,00;0,00;0,00;0,90
zenbook;1;2017-12-21 17:25:08 UTC;enp0s20f0u1u3;60,00;1167,00;6,41;1092,85;0,00;0,00;0,00;0,90
zenbook;1;2017-12-21 17:25:09 UTC;enp0s20f0u1u3;68,00;1189,00;7,22;1098,90;0,00;0,00;0,00;0,90
zenbook;1;2017-12-21 17:25:10 UTC;enp0s20f0u1u3;61,00;1165,00;6,59;1095,86;0,00;0,00;0,00;0,90
zenbook;1;2017-12-21 17:25:11 UTC;enp0s20f0u1u3;69,00;1169,00;7,89;1093,74;0,00;0,00;0,00;0,90
zenbook;1;2017-12-21 17:25:12 UTC;enp0s20f0u1u3;62,00;1191,00;7,27;1105,76;0,00;0,00;0,00;0,91
zenbook;1;2017-12-21 17:25:13 UTC;enp0s20f0u1u3;63,00;1161,00;7,31;1091,58;0,00;0,00;0,00;0,89
zenbook;1;2017-12-21 17:25:14 UTC;enp0s20f0u1u3;61,00;1178,00;6,52;1100,44;0,00;0,00;0,00;0,90
zenbook;1;2017-12-21 17:25:15 UTC;enp0s20f0u1u3;72,00;1183,00;9,61;1100,69;0,00;0,00;0,00;0,90
zenbook;1;2017-12-21 17:25:16 UTC;enp0s20f0u1u3;64,00;1180,00;6,91;1089,27;0,00;0,00;0,00;0,89
zenbook;1;2017-12-21 17:25:17 UTC;enp0s20f0u1u3;61,00;1185,00;6,64;1093,22;0,00;0,00;0,00;0,90
zenbook;1;2017-12-21 17:25:18 UTC;enp0s20f0u1u3;61,00;1173,00;7,34;1096,56;0,00;0,00;0,00;0,90
zenbook;1;2017-12-21 17:25:19 UTC;enp0s20f0u1u3;72,00;1197,00;7,64;1115,06;0,00;0,00;0,00;0,91
zenbook;1;2017-12-21 17:25:20 UTC;enp0s20f0u1u3;73,00;1185,00;7,54;1099,32;0,00;0,00;0,00;0,90
zenbook;1;2017-12-21 17:25:21 UTC;enp0s20f0u1u3;64,00;1177,00;6,91;1095,28;0,00;0,00;0,00;0,90
zenbook;1;2017-12-21 17:25:22 UTC;enp0s20f0u1u3;60,00;1167,00;6,61;1084,92;0,00;0,00;0,00;0,89
zenbook;1;2017-12-21 17:25:23 UTC;enp0s20f0u1u3;61,00;1171,00;6,81;1099,76;0,00;0,00;0,00;0,90
zenbook;1;2017-12-21 17:25:24 UTC;enp0s20f0u1u3;62,00;1175,00;6,61;1092,39;0,00;0,00;0,00;0,89
zenbook;1;2017-12-21 17:25:25 UTC;enp0s20f0u1u3;62,00;1186,00;6,56;1098,23;0,00;0,00;0,00;0,90
zenbook;1;2017-12-21 17:25:26 UTC;enp0s20f0u1u3;64,00;1179,00;6,77;1091,53;0,00;0,00;0,00;0,89
zenbook;1;2017-12-21 17:25:27 UTC;enp0s20f0u1u3;60,00;1174,00;6,54;1101,46;0,00;0,00;0,00;0,90
zenbook;1;2017-12-21 17:25:28 UTC;enp0s20f0u1u3;62,00;1171,00;6,62;1095,06;0,00;0,00;0,00;0,90
zenbook;1;2017-12-21 17:25:29 UTC;enp0s20f0u1u3;65,00;1183,00;6,86;1100,13;0,00;0,00;0,00;0,90
zenbook;1;2017-12-21 17:25:30 UTC;enp0s20f0u1u3;64,00;1179,00;6,93;1097,22;0,00;0,00;0,00;0,90
zenbook;1;2017-12-21 17:25:31 UTC;enp0s20f0u1u3;62,00;1166,00;6,84;1094,37;0,00;0,00;0,00;0,90
zenbook;1;2017-12-21 17:25:32 UTC;enp0s20f0u1u3;68,00;1184,00;11,71;1099,21;0,00;0,00;0,00;0,90
zenbook;1;2017-12-21 17:25:33 UTC;enp0s20f0u1u3;60,00;1176,00;6,53;1096,00;0,00;0,00;0,00;0,90
zenbook;1;2017-12-21 17:25:34 UTC;enp0s20f0u1u3;60,00;1172,00;6,48;1098,41;0,00;0,00;0,00;0,90
zenbook;1;2017-12-21 17:25:35 UTC;enp0s20f0u1u3;65,00;1172,00;7,10;1096,16;0,00;0,00;0,00;0,90
zenbook;1;2017-12-21 17:25:36 UTC;enp0s20f0u1u3;69,00;1176,00;7,13;1095,59;0,00;0,00;0,00;0,90
zenbook;1;2017-12-21 17:25:37 UTC;enp0s20f0u1u3;68,00;1175,00;8,36;1099,36;0,00;0,00;0,00;0,90
zenbook;1;2017-12-21 17:25:38 UTC;enp0s20f0u1u3;60,00;1172,00;7,44;1092,19;0,00;0,00;0,00;0,89
zenbook;1;2017-12-21 17:25:39 UTC;enp0s20f0u1u3;71,00;1171,00;8,23;1092,03;0,00;0,00;0,00;0,89
zenbook;1;2017-12-21 17:25:40 UTC;enp0s20f0u1u3;66,00;1180,00;7,03;1099,50;0,00;0,00;0,00;0,90
zenbook;1;2017-12-21 17:25:41 UTC;enp0s20f0u1u3;115,00;1275,00;22,46;1126,81;0,00;0,00;0,00;0,92
zenbook;1;2017-12-21 17:25:42 UTC;enp0s20f0u1u3;79,00;1327,00;8,57;1196,09;0,00;0,00;0,00;0,98
zenbook;1;2017-12-21 17:25:43 UTC;enp0s20f0u1u3;118,00;1409,00;22,81;1235,11;0,00;0,00;0,00;1,01
zenbook;1;2017-12-21 17:25:44 UTC;enp0s20f0u1u3;75,00;1450,00;8,36;1262,52;0,00;0,00;0,00;1,03
zenbook;1;2017-12-21 17:25:45 UTC;enp0s20f0u1u3;102,00;1478,00;12,94;1291,89;0,00;0,00;0,00;1,06
zenbook;1;2017-12-21 17:25:46 UTC;enp0s20f0u1u3;88,00;1479,00;9,21;1295,45;0,00;0,00;0,00;1,06
zenbook;1;2017-12-21 17:25:47 UTC;enp0s20f0u1u3;76,00;1496,00;8,27;1309,58;0,00;0,00;0,00;1,07
zenbook;1;2017-12-21 17:25:48 UTC;enp0s20f0u1u3;87,00;1504,00;9,43;1331,23;0,00;0,00;0,00;1,09
zenbook;1;2017-12-21 17:25:49 UTC;enp0s20f0u1u3;96,00;1543,00;10,35;1379,45;0,00;0,00;0,00;1,13
zenbook;1;2017-12-21 17:25:50 UTC;enp0s20f0u1u3;81,00;1491,00;9,05;1321,20;0,00;0,00;0,00;1,08
zenbook;1;2017-12-21 17:25:51 UTC;enp0s20f0u1u3;89,00;1532,00;9,49;1369,35;0,00;0,00;0,00;1,12
zenbook;1;2017-12-21 17:25:52 UTC;enp0s20f0u1u3;83,00;1540,00;9,00;1387,32;0,00;0,00;0,00;1,14
zenbook;1;2017-12-21 17:25:53 UTC;enp0s20f0u1u3;81,00;1547,00;9,02;1398,99;0,00;0,00;0,00;1,15
zenbook;1;2017-12-21 17:25:54 UTC;enp0s20f0u1u3;85,00;1580,00;9,00;1432,28;0,00;0,00;0,00;1,17
zenbook;1;2017-12-21 17:25:55 UTC;enp0s20f0u1u3;80,00;1594,00;8,71;1446,41;0,00;0,00;0,00;1,18
zenbook;1;2017-12-21 17:25:56 UTC;enp0s20f0u1u3;86,00;1619,00;9,13;1466,50;0,00;0,00;0,00;1,20
zenbook;1;2017-12-21 17:25:57 UTC;enp0s20f0u1u3;81,00;1609,00;8,68;1469,88;0,00;0,00;0,00;1,20
zenbook;1;2017-12-21 17:25:58 UTC;enp0s20f0u1u3;82,00;1615,00;8,70;1473,15;0,00;0,00;0,00;1,21
zenbook;1;2017-12-21 17:25:59 UTC;enp0s20f0u1u3;89,00;1624,00;9,44;1486,54;0,00;0,00;0,00;1,22
zenbook;1;2017-12-21 17:26:00 UTC;enp0s20f0u1u3;84,00;1635,00;8,95;1500,84;0,00;0,00;0,00;1,23
zenbook;1;2017-12-21 17:26:01 UTC;enp0s20f0u1u3;90,00;1660,00;9,85;1511,52;0,00;0,00;0,00;1,24
zenbook;1;2017-12-21 17:26:02 UTC;enp0s20f0u1u3;90,00;1696,00;14,00;1530,84;0,00;0,00;0,00;1,25
zenbook;1;2017-12-21 17:26:03 UTC;enp0s20f0u1u3;88,00;1644,00;9,34;1511,19;0,00;0,00;0,00;1,24
zenbook;1;2017-12-21 17:26:04 UTC;enp0s20f0u1u3;77,00;1685,00;8,88;1541,55;0,00;0,00;0,00;1,26
zenbook;1;2017-12-21 17:26:05 UTC;enp0s20f0u1u3;85,00;1673,00;9,55;1545,19;0,00;0,00;0,00;1,27
zenbook;1;2017-12-21 17:26:06 UTC;enp0s20f0u1u3;95,00;1692,00;10,36;1563,37;0,00;0,00;0,00;1,28
zenbook;1;2017-12-21 17:26:07 UTC;enp0s20f0u1u3;89,00;1707,00;10,34;1578,99;0,00;0,00;0,00;1,29
zenbook;1;2017-12-21 17:26:08 UTC;enp0s20f0u1u3;85,00;1718,00;8,94;1598,90;0,00;0,00;0,00;1,31
zenbook;1;2017-12-21 17:26:09 UTC;enp0s20f0u1u3;88,00;1727,00;9,26;1607,09;0,00;0,00;0,00;1,32
zenbook;1;2017-12-21 17:26:10 UTC;enp0s20f0u1u3;85,00;1759,00;9,01;1637,67;0,00;0,00;0,00;1,34
zenbook;1;2017-12-21 17:26:11 UTC;enp0s20f0u1u3;87,00;1782,00;9,19;1651,81;0,00;0,00;0,00;1,35
zenbook;1;2017-12-21 17:26:12 UTC;enp0s20f0u1u3;90,00;1768,00;10,14;1635,63;0,00;0,00;0,00;1,34
zenbook;1;2017-12-21 17:26:13 UTC;enp0s20f0u1u3;84,00;1761,00;8,96;1643,85;0,00;0,00;0,00;1,35
zenbook;1;2017-12-21 17:26:14 UTC;enp0s20f0u1u3;84,00;1763,00;8,93;1646,97;0,00;0,00;0,00;1,35
zenbook;1;2017-12-21 17:26:15 UTC;enp0s20f0u1u3;92,00;1770,00;11,64;1650,08;0,00;0,00;0,00;1,35
zenbook;1;2017-12-21 17:26:16 UTC;enp0s20f0u1u3;89,00;1766,00;9,34;1642,12;0,00;0,00;0,00;1,35
zenbook;1;2017-12-21 17:26:17 UTC;enp0s20f0u1u3;86,00;1795,00;9,04;1663,05;0,00;0,00;0,00;1,36
zenbook;1;2017-12-21 17:26:18 UTC;enp0s20f0u1u3;92,00;1763,00;10,12;1629,77;0,00;0,00;0,00;1,34
zenbook;1;2017-12-21 17:26:19 UTC;enp0s20f0u1u3;87,00;1767,00;9,15;1642,38;0,00;0,00;0,00;1,35
zenbook;1;2017-12-21 17:26:20 UTC;enp0s20f0u1u3;93,00;1777,00;9,63;1646,93;0,00;0,00;0,00;1,35
zenbook;1;2017-12-21 17:26:21 UTC;enp0s20f0u1u3;93,00;1779,00;9,81;1650,58;0,00;0,00;0,00;1,35
zenbook;1;2017-12-21 17:26:22 UTC;enp0s20f0u1u3;83,00;1751,00;8,83;1636,76;0,00;0,00;0,00;1,34
zenbook;1;2017-12-21 17:26:23 UTC;enp0s20f0u1u3;84,00;1776,00;9,25;1642,60;0,00;0,00;0,00;1,35
zenbook;1;2017-12-21 17:26:24 UTC;enp0s20f0u1u3;84,00;1759,00;9,01;1633,28;0,00;0,00;0,00;1,34
zenbook;1;2017-12-21 17:26:25 UTC;enp0s20f0u1u3;82,00;1753,00;8,80;1637,14;0,00;0,00;0,00;1,34
zenbook;1;2017-12-21 17:26:26 UTC;enp0s20f0u1u3;85,00;1761,00;9,11;1641,42;0,00;0,00;0,00;1,34
zenbook;1;2017-12-21 17:26:27 UTC;enp0s20f0u1u3;80,00;1751,00;8,71;1637,69;0,00;0,00;0,00;1,34
zenbook;1;2017-12-21 17:26:28 UTC;enp0s20f0u1u3;82,00;1760,00;8,98;1645,61;0,00;0,00;0,00;1,35
zenbook;1;2017-12-21 17:26:29 UTC;enp0s20f0u1u3;89,00;1750,00;9,55;1639,88;0,00;0,00;0,00;1,34
zenbook;1;2017-12-21 17:26:30 UTC;enp0s20f0u1u3;91,00;1778,00;10,00;1652,52;0,00;0,00;0,00;1,35
zenbook;1;2017-12-21 17:26:31 UTC;enp0s20f0u1u3;94,00;1753,00;10,73;1626,73;0,00;0,00;0,00;1,33
zenbook;1;2017-12-21 17:26:32 UTC;enp0s20f0u1u3;99,00;1743,00;15,44;1616,88;0,00;0,00;0,00;1,32
zenbook;1;2017-12-21 17:26:33 UTC;enp0s20f0u1u3;94,00;1737,00;10,32;1610,92;0,00;0,00;0,00;1,32
zenbook;1;2017-12-21 17:26:34 UTC;enp0s20f0u1u3;89,00;1767,00;9,51;1648,54;0,00;0,00;0,00;1,35
zenbook;1;2017-12-21 17:26:35 UTC;enp0s20f0u1u3;96,00;1761,00;10,39;1637,12;0,00;0,00;0,00;1,34
zenbook;1;2017-12-21 17:26:36 UTC;enp0s20f0u1u3;89,00;1725,00;9,42;1607,86;0,00;0,00;0,00;1,32
zenbook;1;2017-12-21 17:26:37 UTC;enp0s20f0u1u3;94,00;1745,00;12,24;1613,74;0,00;0,00;0,00;1,32
zenbook;1;2017-12-21 17:26:38 UTC;enp0s20f0u1u3;84,00;1741,00;9,01;1618,62;0,00;0,00;0,00;1,33
zenbook;1;2017-12-21 17:26:39 UTC;enp0s20f0u1u3;86,00;1744,00;9,72;1622,80;0,00;0,00;0,00;1,33
zenbook;1;2017-12-21 17:26:40 UTC;enp0s20f0u1u3;87,00;1746,00;9,33;1626,53;0,00;0,00;0,00;1,33
zenbook;1;2017-12-21 17:26:41 UTC;enp0s20f0u1u3;91,00;1738,00;9,68;1628,44;0,00;0,00;0,00;1,33
zenbook;1;2017-12-21 17:26:42 UTC;enp0s20f0u1u3;83,00;1746,00;8,93;1628,42;0,00;0,00;0,00;1,33
zenbook;1;2017-12-21 17:26:43 UTC;enp0s20f0u1u3;132,00;1808,00;24,35;1640,10;0,00;0,00;0,00;1,34
zenbook;1;2017-12-21 17:26:44 UTC;enp0s20f0u1u3;87,00;1842,00;9,37;1666,87;0,00;0,00;0,00;1,37
zenbook;1;2017-12-21 17:26:45 UTC;enp0s20f0u1u3;97,00;1847,00;12,35;1666,12;0,00;0,00;0,00;1,36
zenbook;1;2017-12-21 17:26:46 UTC;enp0s20f0u1u3;139,00;1954,00;26,25;1686,93;0,00;0,00;0,00;1,38
zenbook;1;2017-12-21 17:26:47 UTC;enp0s20f0u1u3;109,00;1948,00;11,78;1720,48;0,00;0,00;0,00;1,41
zenbook;1;2017-12-21 17:26:48 UTC;enp0s20f0u1u3;107,00;1913,00;11,89;1673,49;0,00;0,00;0,00;1,37
zenbook;1;2017-12-21 17:26:49 UTC;enp0s20f0u1u3;101,00;1928,00;11,07;1666,49;0,00;0,00;0,00;1,37
zenbook;1;2017-12-21 17:26:50 UTC;enp0s20f0u1u3;102,00;1947,00;11,04;1699,32;0,00;0,00;0,00;1,39
zenbook;1;2017-12-21 17:26:51 UTC;enp0s20f0u1u3;104,00;1947,00;11,15;1706,35;0,00;0,00;0,00;1,40
zenbook;1;2017-12-21 17:26:52 UTC;enp0s20f0u1u3;101,00;1974,00;10,79;1731,77;0,00;0,00;0,00;1,42
zenbook;1;2017-12-21 17:26:53 UTC;enp0s20f0u1u3;113,00;1986,00;12,32;1743,03;0,00;0,00;0,00;1,43
zenbook;1;2017-12-21 17:26:54 UTC;enp0s20f0u1u3;98,00;1972,00;10,51;1742,63;0,00;0,00;0,00;1,43
zenbook;1;2017-12-21 17:26:55 UTC;enp0s20f0u1u3;105,00;1970,00;11,33;1750,44;0,00;0,00;0,00;1,43
zenbook;1;2017-12-21 17:26:56 UTC;enp0s20f0u1u3;105,00;2001,00;11,32;1768,10;0,00;0,00;0,00;1,45
zenbook;1;2017-12-21 17:26:57 UTC;enp0s20f0u1u3;105,00;2012,00;11,27;1780,36;0,00;0,00;0,00;1,46
zenbook;1;2017-12-21 17:26:58 UTC;enp0s20f0u1u3;106,00;2004,00;12,33;1763,15;0,00;0,00;0,00;1,44
zenbook;1;2017-12-21 17:26:59 UTC;enp0s20f0u1u3;108,00;2005,00;12,09;1778,95;0,00;0,00;0,00;1,46
zenbook;1;2017-12-21 17:27:00 UTC;enp0s20f0u1u3;105,00;2000,00;11,32;1773,35;0,00;0,00;0,00;1,45
zenbook;1;2017-12-21 17:27:01 UTC;enp0s20f0u1u3;127,00;2101,00;13,90;1884,96;0,00;0,00;0,00;1,54
zenbook;1;2017-12-21 17:27:02 UTC;enp0s20f0u1u3;110,00;1923,00;16,16;1675,26;0,00;0,00;0,00;1,37
zenbook;1;2017-12-21 17:27:03 UTC;enp0s20f0u1u3;115,00;2016,00;12,37;1799,84;0,00;0,00;0,00;1,47
zenbook;1;2017-12-21 17:27:04 UTC;enp0s20f0u1u3;110,00;1841,00;13,76;1583,70;0,00;0,00;0,00;1,30
zenbook;1;2017-12-21 17:27:05 UTC;enp0s20f0u1u3;105,00;1829,00;11,33;1576,21;0,00;0,00;0,00;1,29
zenbook;1;2017-12-21 17:27:06 UTC;enp0s20f0u1u3;110,00;1875,00;11,56;1620,61;0,00;0,00;0,00;1,33
zenbook;1;2017-12-21 17:27:07 UTC;enp0s20f0u1u3;105,00;1902,00;11,61;1675,21;0,00;0,00;0,00;1,37
zenbook;1;2017-12-21 17:27:08 UTC;enp0s20f0u1u3;112,00;1956,00;12,90;1734,03;0,00;0,00;0,00;1,42
zenbook;1;2017-12-21 17:27:09 UTC;enp0s20f0u1u3;116,00;2048,00;12,40;1846,66;0,00;0,00;0,00;1,51
zenbook;1;2017-12-21 17:27:10 UTC;enp0s20f0u1u3;103,00;1925,00;11,08;1684,36;0,00;0,00;0,00;1,38
zenbook;1;2017-12-21 17:27:11 UTC;enp0s20f0u1u3;106,00;1979,00;11,32;1729,96;0,00;0,00;0,00;1,42
zenbook;1;2017-12-21 17:27:12 UTC;enp0s20f0u1u3;122,00;2039,00;12,98;1805,10;0,00;0,00;0,00;1,48
zenbook;1;2017-12-21 17:27:13 UTC;enp0s20f0u1u3;112,00;2031,00;11,89;1807,41;0,00;0,00;0,00;1,48
zenbook;1;2017-12-21 17:27:14 UTC;enp0s20f0u1u3;102,00;2061,00;10,98;1860,95;0,00;0,00;0,00;1,52
zenbook;1;2017-12-21 17:27:15 UTC;enp0s20f0u1u3;111,00;2078,00;13,73;1879,63;0,00;0,00;0,00;1,54
zenbook;1;2017-12-21 17:27:16 UTC;enp0s20f0u1u3;104,00;2098,00;11,18;1890,33;0,00;0,00;0,00;1,55
zenbook;1;2017-12-21 17:27:17 UTC;enp0s20f0u1u3;120,00;2107,00;12,92;1905,19;0,00;0,00;0,00;1,56
zenbook;1;2017-12-21 17:27:18 UTC;enp0s20f0u1u3;115,00;2207,00;12,65;2019,96;0,00;0,00;0,00;1,65
zenbook;1;2017-12-21 17:27:19 UTC;enp0s20f0u1u3;235,00;2457,00;27,38;2266,17;0,00;0,00;0,00;1,86
zenbook;1;2017-12-21 17:27:20 UTC;enp0s20f0u1u3;140,00;1273,00;15,57;917,30;0,00;0,00;0,00;0,75
zenbook;1;2017-12-21 17:27:21 UTC;enp0s20f0u1u3;115,00;1053,00;12,13;660,60;0,00;0,00;0,00;0,54
zenbook;1;2017-12-21 17:27:22 UTC;enp0s20f0u1u3;98,00;1201,00;10,49;840,79;0,00;0,00;0,00;0,69
zenbook;1;2017-12-21 17:27:23 UTC;enp0s20f0u1u3;112,00;1231,00;12,24;838,99;0,00;0,00;0,00;0,69
zenbook;1;2017-12-21 17:27:24 UTC;enp0s20f0u1u3;104,00;1282,00;11,66;881,54;0,00;0,00;0,00;0,72
zenbook;1;2017-12-21 17:27:25 UTC;enp0s20f0u1u3;102,00;1308,00;11,39;917,42;0,00;0,00;0,00;0,75
zenbook;1;2017-12-21 17:27:26 UTC;enp0s20f0u1u3;113,00;1335,00;12,50;961,36;0,00;0,00;0,00;0,79
zenbook;1;2017-12-21 17:27:27 UTC;enp0s20f0u1u3;104,00;1350,00;11,14;998,45;0,00;0,00;0,00;0,82
zenbook;1;2017-12-21 17:27:28 UTC;enp0s20f0u1u3;102,00;1398,00;10,94;1053,52;0,00;0,00;0,00;0,86
zenbook;1;2017-12-21 17:27:29 UTC;enp0s20f0u1u3;105,00;1437,00;11,18;1112,85;0,00;0,00;0,00;0,91
zenbook;1;2017-12-21 17:27:30 UTC;enp0s20f0u1u3;107,00;1472,00;11,56;1165,77;0,00;0,00;0,00;0,96
zenbook;1;2017-12-21 17:27:31 UTC;enp0s20f0u1u3;110,00;1541,00;11,88;1220,22;0,00;0,00;0,00;1,00
zenbook;1;2017-12-21 17:27:32 UTC;enp0s20f0u1u3;114,00;1598,00;16,42;1284,81;0,00;0,00;0,00;1,05
zenbook;1;2017-12-21 17:27:33 UTC;enp0s20f0u1u3;107,00;1626,00;11,42;1336,48;0,00;0,00;0,00;1,09
zenbook;1;2017-12-21 17:27:34 UTC;enp0s20f0u1u3;98,00;1682,00;10,55;1399,19;0,00;0,00;0,00;1,15
zenbook;1;2017-12-21 17:27:35 UTC;enp0s20f0u1u3;104,00;1702,00;11,66;1432,05;0,00;0,00;0,00;1,17
zenbook;1;2017-12-21 17:27:36 UTC;enp0s20f0u1u3;111,00;1752,00;11,79;1472,65;0,00;0,00;0,00;1,21
zenbook;1;2017-12-21 17:27:37 UTC;enp0s20f0u1u3;106,00;1746,00;11,29;1480,93;0,00;0,00;0,00;1,21
zenbook;1;2017-12-21 17:27:38 UTC;enp0s20f0u1u3;106,00;1787,00;12,21;1510,85;0,00;0,00;0,00;1,24
zenbook;1;2017-12-21 17:27:39 UTC;enp0s20f0u1u3;118,00;1804,00;12,39;1541,29;0,00;0,00;0,00;1,26
zenbook;1;2017-12-21 17:27:40 UTC;enp0s20f0u1u3;113,00;1811,00;11,99;1549,87;0,00;0,00;0,00;1,27
zenbook;1;2017-12-21 17:27:41 UTC;enp0s20f0u1u3;121,00;1816,00;12,94;1559,16;0,00;0,00;0,00;1,28
zenbook;1;2017-12-21 17:27:42 UTC;enp0s20f0u1u3;108,00;1827,00;11,48;1574,01;0,00;0,00;0,00;1,29
zenbook;1;2017-12-21 17:27:43 UTC;enp0s20f0u1u3;107,00;1864,00;11,46;1598,63;0,00;0,00;0,00;1,31
zenbook;1;2017-12-21 17:27:44 UTC;enp0s20f0u1u3;101,00;1873,00;10,79;1616,94;0,00;0,00;0,00;1,32
zenbook;1;2017-12-21 17:27:45 UTC;enp0s20f0u1u3;117,00;1900,00;14,34;1636,27;0,00;0,00;0,00;1,34
zenbook;1;2017-12-21 17:27:46 UTC;enp0s20f0u1u3;146,00;1944,00;25,10;1656,59;0,00;0,00;0,00;1,36
zenbook;1;2017-12-21 17:27:47 UTC;enp0s20f0u1u3;120,00;2004,00;14,92;1708,80;0,00;0,00;0,00;1,40
zenbook;1;2017-12-21 17:27:48 UTC;enp0s20f0u1u3;135,00;2033,00;20,88;1725,44;0,00;0,00;0,00;1,41
zenbook;1;2017-12-21 17:27:49 UTC;enp0s20f0u1u3;155,00;2197,00;21,73;1836,62;0,00;0,00;0,00;1,50
zenbook;1;2017-12-21 17:27:50 UTC;enp0s20f0u1u3;120,00;2196,00;12,74;1860,41;0,00;0,00;0,00;1,52
zenbook;1;2017-12-21 17:27:51 UTC;enp0s20f0u1u3;122,00;2231,00;13,16;1892,07;0,00;0,00;0,00;1,55
zenbook;1;2017-12-21 17:27:52 UTC;enp0s20f0u1u3;142,00;2423,00;16,00;2078,78;0,00;0,00;0,00;1,70
zenbook;1;2017-12-21 17:27:53 UTC;enp0s20f0u1u3;148,00;2351,00;16,67;2022,88;0,00;0,00;0,00;1,66
zenbook;1;2017-12-21 17:27:54 UTC;enp0s20f0u1u3;116,00;2269,00;12,79;1955,03;0,00;0,00;0,00;1,60
zenbook;1;2017-12-21 17:27:55 UTC;enp0s20f0u1u3;118,00;2357,00;12,64;2023,09;0,00;0,00;0,00;1,66
zenbook;1;2017-12-21 17:27:56 UTC;enp0s20f0u1u3;133,00;2352,00;14,09;2050,33;0,00;0,00;0,00;1,68
zenbook;1;2017-12-21 17:27:57 UTC;enp0s20f0u1u3;130,00;2339,00;14,03;2050,66;0,00;0,00;0,00;1,68
zenbook;1;2017-12-21 17:27:58 UTC;enp0s20f0u1u3;131,00;2393,00;14,10;2088,41;0,00;0,00;0,00;1,71
zenbook;1;2017-12-21 17:27:59 UTC;enp0s20f0u1u3;136,00;2523,00;14,68;2215,13;0,00;0,00;0,00;1,81
zenbook;1;2017-12-21 17:28:00 UTC;enp0s20f0u1u3;123,00;2399,00;13,24;2078,34;0,00;0,00;0,00;1,70
zenbook;1;2017-12-21 17:28:01 UTC;enp0s20f0u1u3;138,00;2393,00;15,61;2087,75;0,00;0,00;0,00;1,71
zenbook;1;2017-12-21 17:28:02 UTC;enp0s20f0u1u3;131,00;2184,00;18,49;1915,95;0,00;0,00;0,00;1,57
zenbook;1;2017-12-21 17:28:03 UTC;enp0s20f0u1u3;161,00;2591,00;17,42;2258,56;0,00;0,00;0,00;1,85
zenbook;1;2017-12-21 17:28:04 UTC;enp0s20f0u1u3;138,00;2492,00;14,90;2238,79;0,00;0,00;0,00;1,83
zenbook;1;2017-12-21 17:28:05 UTC;enp0s20f0u1u3;122,00;2675,00;13,19;2410,99;0,00;0,00;0,00;1,98
zenbook;1;2017-12-21 17:28:06 UTC;enp0s20f0u1u3;139,00;2664,00;14,60;2445,20;0,00;0,00;0,00;2,00
zenbook;1;2017-12-21 17:28:07 UTC;enp0s20f0u1u3;122,00;2701,00;13,38;2389,66;0,00;0,00;0,00;1,96
zenbook;1;2017-12-21 17:28:08 UTC;enp0s20f0u1u3;148,00;2537,00;17,13;2258,58;0,00;0,00;0,00;1,85
zenbook;1;2017-12-21 17:28:09 UTC;enp0s20f0u1u3;123,00;2646,00;13,17;2392,16;0,00;0,00;0,00;1,96
zenbook;1;2017-12-21 17:28:10 UTC;enp0s20f0u1u3;115,00;2727,00;12,42;2484,34;0,00;0,00;0,00;2,04
zenbook;1;2017-12-21 17:28:11 UTC;enp0s20f0u1u3;137,00;2630,00;14,67;2345,69;0,00;0,00;0,00;1,92
zenbook;1;2017-12-21 17:28:12 UTC;enp0s20f0u1u3;130,00;2679,00;14,00;2438,27;0,00;0,00;0,00;2,00
zenbook;1;2017-12-21 17:28:13 UTC;enp0s20f0u1u3;123,00;2720,00;13,25;2451,03;0,00;0,00;0,00;2,01
zenbook;1;2017-12-21 17:28:14 UTC;enp0s20f0u1u3;132,00;2691,00;13,90;2434,40;0,00;0,00;0,00;1,99
zenbook;1;2017-12-21 17:28:15 UTC;enp0s20f0u1u3;166,00;2845,00;20,14;2598,37;0,00;0,00;0,00;2,13
zenbook;1;2017-12-21 17:28:16 UTC;enp0s20f0u1u3;136,00;1978,00;14,33;1548,40;0,00;0,00;0,00;1,27
zenbook;1;2017-12-21 17:28:17 UTC;enp0s20f0u1u3;139,00;2021,00;14,98;1650,22;0,00;0,00;0,00;1,35
zenbook;1;2017-12-21 17:28:18 UTC;enp0s20f0u1u3;129,00;2003,00;15,11;1629,25;0,00;0,00;0,00;1,33
zenbook;1;2017-12-21 17:28:19 UTC;enp0s20f0u1u3;137,00;2117,00;14,99;1748,26;0,00;0,00;0,00;1,43
zenbook;1;2017-12-21 17:28:20 UTC;enp0s20f0u1u3;136,00;2011,00;15,08;1636,73;0,00;0,00;0,00;1,34
zenbook;1;2017-12-21 17:28:21 UTC;enp0s20f0u1u3;140,00;2110,00;15,93;1730,93;0,00;0,00;0,00;1,42
zenbook;1;2017-12-21 17:28:22 UTC;enp0s20f0u1u3;130,00;2185,00;14,23;1806,97;0,00;0,00;0,00;1,48
zenbook;1;2017-12-21 17:28:23 UTC;enp0s20f0u1u3;126,00;2259,00;13,83;1928,02;0,00;0,00;0,00;1,58
zenbook;1;2017-12-21 17:28:24 UTC;enp0s20f0u1u3;118,00;2314,00;12,63;2007,66;0,00;0,00;0,00;1,64
zenbook;1;2017-12-21 17:28:25 UTC;enp0s20f0u1u3;125,00;2111,00;13,57;1780,06;0,00;0,00;0,00;1,46
zenbook;1;2017-12-21 17:28:26 UTC;enp0s20f0u1u3;162,00;2613,00;17,65;2327,87;0,00;0,00;0,00;1,91
zenbook;1;2017-12-21 17:28:27 UTC;enp0s20f0u1u3;132,00;2522,00;14,32;2175,73;0,00;0,00;0,00;1,78
zenbook;1;2017-12-21 17:28:28 UTC;enp0s20f0u1u3;129,00;2544,00;14,64;2258,49;0,00;0,00;0,00;1,85
zenbook;1;2017-12-21 17:28:29 UTC;enp0s20f0u1u3;127,00;2374,00;13,60;2051,32;0,00;0,00;0,00;1,68
zenbook;1;2017-12-21 17:28:30 UTC;enp0s20f0u1u3;144,00;2464,00;15,59;2164,92;0,00;0,00;0,00;1,77
zenbook;1;2017-12-21 17:28:31 UTC;enp0s20f0u1u3;129,00;2475,00;14,08;2205,83;0,00;0,00;0,00;1,81
zenbook;1;2017-12-21 17:28:32 UTC;enp0s20f0u1u3;149,00;2363,00;20,67;2073,65;0,00;0,00;0,00;1,70
zenbook;1;2017-12-21 17:28:33 UTC;enp0s20f0u1u3;100,00;2343,00;10,83;2029,37;0,00;0,00;0,00;1,66
zenbook;1;2017-12-21 17:28:34 UTC;enp0s20f0u1u3;153,00;2667,00;16,89;2360,48;0,00;0,00;0,00;1,93
zenbook;1;2017-12-21 17:28:35 UTC;enp0s20f0u1u3;229,00;2370,00;25,90;1970,27;0,00;0,00;0,00;1,61
zenbook;1;2017-12-21 17:28:36 UTC;enp0s20f0u1u3;133,00;1798,00;14,12;1361,80;0,00;0,00;0,00;1,12
zenbook;1;2017-12-21 17:28:37 UTC;enp0s20f0u1u3;117,00;1926,00;12,62;1537,54;0,00;0,00;0,00;1,26
zenbook;1;2017-12-21 17:28:38 UTC;enp0s20f0u1u3;128,00;2027,00;14,77;1654,08;0,00;0,00;0,00;1,36
zenbook;1;2017-12-21 17:28:39 UTC;enp0s20f0u1u3;127,00;2127,00;13,84;1733,35;0,00;0,00;0,00;1,42
zenbook;1;2017-12-21 17:28:40 UTC;enp0s20f0u1u3;132,00;2182,00;14,16;1805,85;0,00;0,00;0,00;1,48
zenbook;1;2017-12-21 17:28:41 UTC;enp0s20f0u1u3;171,00;2402,00;18,92;2097,01;0,00;0,00;0,00;1,72
zenbook;1;2017-12-21 17:28:42 UTC;enp0s20f0u1u3;127,00;1968,00;13,67;1535,31;0,00;0,00;0,00;1,26
zenbook;1;2017-12-21 17:28:43 UTC;enp0s20f0u1u3;122,00;2005,00;13,19;1619,05;0,00;0,00;0,00;1,33
zenbook;1;2017-12-21 17:28:44 UTC;enp0s20f0u1u3;128,00;2041,00;14,03;1694,13;0,00;0,00;0,00;1,39
zenbook;1;2017-12-21 17:28:45 UTC;enp0s20f0u1u3;139,00;2136,00;17,49;1791,73;0,00;0,00;0,00;1,47
zenbook;1;2017-12-21 17:28:46 UTC;enp0s20f0u1u3;143,00;2099,00;20,91;1759,58;0,00;0,00;0,00;1,44
zenbook;1;2017-12-21 17:28:47 UTC;enp0s20f0u1u3;159,00;2371,00;17,11;2065,73;0,00;0,00;0,00;1,69
zenbook;1;2017-12-21 17:28:48 UTC;enp0s20f0u1u3;139,00;2298,00;15,23;1990,34;0,00;0,00;0,00;1,63
zenbook;1;2017-12-21 17:28:49 UTC;enp0s20f0u1u3;135,00;2299,00;14,45;1970,28;0,00;0,00;0,00;1,61
zenbook;1;2017-12-21 17:28:50 UTC;enp0s20f0u1u3;158,00;2347,00;25,19;2025,07;0,00;0,00;0,00;1,66
zenbook;1;2017-12-21 17:28:51 UTC;enp0s20f0u1u3;199,00;2259,00;34,65;1881,66;0,00;0,00;0,00;1,54
zenbook;1;2017-12-21 17:28:52 UTC;enp0s20f0u1u3;128,00;2305,00;13,71;1914,68;0,00;0,00;0,00;1,57
zenbook;1;2017-12-21 17:28:53 UTC;enp0s20f0u1u3;129,00;2315,00;14,08;1887,14;0,00;0,00;0,00;1,55
zenbook;1;2017-12-21 17:28:54 UTC;enp0s20f0u1u3;182,00;2633,00;19,97;2211,68;0,00;0,00;0,00;1,81
zenbook;1;2017-12-21 17:28:55 UTC;enp0s20f0u1u3;143,00;2285,00;15,76;1857,88;0,00;0,00;0,00;1,52
zenbook;1;2017-12-21 17:28:56 UTC;enp0s20f0u1u3;183,00;2446,00;20,64;1987,68;0,00;0,00;0,00;1,63
zenbook;1;2017-12-21 17:28:57 UTC;enp0s20f0u1u3;129,00;2254,00;13,93;1753,05;0,00;0,00;0,00;1,44
zenbook;1;2017-12-21 17:28:58 UTC;enp0s20f0u1u3;144,00;2170,00;15,62;1715,90;0,00;0,00;0,00;1,41
zenbook;1;2017-12-21 17:28:59 UTC;enp0s20f0u1u3;117,00;2365,00;12,94;1984,83;0,00;0,00;0,00;1,63
zenbook;1;2017-12-21 17:29:00 UTC;enp0s20f0u1u3;173,00;2364,00;19,21;1961,91;0,00;0,00;0,00;1,61
zenbook;1;2017-12-21 17:29:01 UTC;enp0s20f0u1u3;139,00;2440,00;14,98;2059,33;0,00;0,00;0,00;1,69
zenbook;1;2017-12-21 17:29:02 UTC;enp0s20f0u1u3;175,00;2503,00;27,51;2192,22;0,00;0,00;0,00;1,80
zenbook;1;2017-12-21 17:29:03 UTC;enp0s20f0u1u3;134,00;2326,00;14,50;1943,88;0,00;0,00;0,00;1,59
zenbook;1;2017-12-21 17:29:04 UTC;enp0s20f0u1u3;133,00;2372,00;14,34;2004,48;0,00;0,00;0,00;1,64
zenbook;1;2017-12-21 17:29:05 UTC;enp0s20f0u1u3;150,00;2328,00;22,89;1904,30;0,00;0,00;0,00;1,56
zenbook;1;2017-12-21 17:29:06 UTC;enp0s20f0u1u3;135,00;2604,00;14,22;2214,10;0,00;0,00;0,00;1,81
zenbook;1;2017-12-21 17:29:07 UTC;enp0s20f0u1u3;139,00;2461,00;14,84;2089,45;0,00;0,00;0,00;1,71
zenbook;1;2017-12-21 17:29:08 UTC;enp0s20f0u1u3;209,00;2629,00;24,82;2333,49;0,00;0,00;0,00;1,91
zenbook;1;2017-12-21 17:29:09 UTC;enp0s20f0u1u3;276,00;3230,00;33,10;2853,15;0,00;0,00;0,00;2,34
zenbook;1;2017-12-21 17:29:10 UTC;enp0s20f0u1u3;191,00;2192,00;21,01;1596,36;0,00;0,00;0,00;1,31
zenbook;1;2017-12-21 17:29:11 UTC;enp0s20f0u1u3;146,00;1982,00;16,18;1445,93;0,00;0,00;0,00;1,18
zenbook;1;2017-12-21 17:29:12 UTC;enp0s20f0u1u3;143,00;2088,00;15,73;1567,12;0,00;0,00;0,00;1,28
zenbook;1;2017-12-21 17:29:13 UTC;enp0s20f0u1u3;136,00;2060,00;14,89;1598,57;0,00;0,00;0,00;1,31
zenbook;1;2017-12-21 17:29:14 UTC;enp0s20f0u1u3;140,00;2096,00;14,99;1631,33;0,00;0,00;0,00;1,34
zenbook;1;2017-12-21 17:29:15 UTC;enp0s20f0u1u3;127,00;2191,00;15,23;1764,63;0,00;0,00;0,00;1,45
zenbook;1;2017-12-21 17:29:16 UTC;enp0s20f0u1u3;119,00;2147,00;12,78;1761,10;0,00;0,00;0,00;1,44
zenbook;1;2017-12-21 17:29:17 UTC;enp0s20f0u1u3;127,00;2146,00;13,80;1753,05;0,00;0,00;0,00;1,44
zenbook;1;2017-12-21 17:29:18 UTC;enp0s20f0u1u3;172,00;2293,00;19,59;1913,65;0,00;0,00;0,00;1,57
zenbook;1;2017-12-21 17:29:19 UTC;enp0s20f0u1u3;253,00;2942,00;30,02;2531,49;0,00;0,00;0,00;2,07
zenbook;1;2017-12-21 17:29:20 UTC;enp0s20f0u1u3;336,00;2113,00;38,91;1514,21;0,00;0,00;0,00;1,24
zenbook;1;2017-12-21 17:29:21 UTC;enp0s20f0u1u3;185,00;1428,00;20,09;771,04;0,00;0,00;0,00;0,63
zenbook;1;2017-12-21 17:29:22 UTC;enp0s20f0u1u3;258,00;1706,00;29,33;1050,46;0,00;0,00;0,00;0,86
zenbook;1;2017-12-21 17:29:23 UTC;enp0s20f0u1u3;224,00;1424,00;24,79;724,62;0,00;0,00;0,00;0,59
zenbook;1;2017-12-21 17:29:24 UTC;enp0s20f0u1u3;150,50;1424,75;16,47;742,11;0,00;0,00;0,00;0,61
zenbook;1;2017-12-21 17:29:25 UTC;enp0s20f0u1u3;153,00;1493,00;16,14;810,93;0,00;0,00;0,00;0,66
zenbook;1;2017-12-21 17:29:26 UTC;enp0s20f0u1u3;134,00;1527,00;14,33;844,31;0,00;0,00;0,00;0,69
zenbook;1;2017-12-21 17:29:27 UTC;enp0s20f0u1u3;162,00;1584,00;17,65;887,21;0,00;0,00;0,00;0,73
zenbook;1;2017-12-21 17:29:28 UTC;enp0s20f0u1u3;146,00;1586,00;15,60;899,87;0,00;0,00;0,00;0,74
zenbook;1;2017-12-21 17:29:29 UTC;enp0s20f0u1u3;145,00;1580,00;15,41;930,15;0,00;0,00;0,00;0,76
zenbook;1;2017-12-21 17:29:30 UTC;enp0s20f0u1u3;190,00;1699,00;20,79;1011,03;0,00;0,00;0,00;0,83
zenbook;1;2017-12-21 17:29:31 UTC;enp0s20f0u1u3;146,00;1567,00;15,69;892,52;0,00;0,00;0,00;0,73
zenbook;1;2017-12-21 17:29:32 UTC;enp0s20f0u1u3;142,00;1575,00;19,48;924,04;0,00;0,00;0,00;0,76
zenbook;1;2017-12-21 17:29:33 UTC;enp0s20f0u1u3;160,00;1596,00;17,05;960,37;0,00;0,00;0,00;0,79
zenbook;1;2017-12-21 17:29:34 UTC;enp0s20f0u1u3;143,00;1606,00;15,22;983,18;0,00;0,00;0,00;0,81
zenbook;1;2017-12-21 17:29:35 UTC;enp0s20f0u1u3;150,00;1657,00;16,03;1031,83;0,00;0,00;0,00;0,85
zenbook;1;2017-12-21 17:29:36 UTC;enp0s20f0u1u3;148,00;1675,00;15,84;1063,92;0,00;0,00;0,00;0,87
zenbook;1;2017-12-21 17:29:37 UTC;enp0s20f0u1u3;146,00;1696,00;15,52;1113,35;0,00;0,00;0,00;0,91
zenbook;1;2017-12-21 17:29:38 UTC;enp0s20f0u1u3;150,00;1762,00;17,92;1156,66;0,00;0,00;0,00;0,95
zenbook;1;2017-12-21 17:29:39 UTC;enp0s20f0u1u3;138,00;1779,00;14,67;1192,03;0,00;0,00;0,00;0,98
zenbook;1;2017-12-21 17:29:40 UTC;enp0s20f0u1u3;165,00;1853,00;18,22;1256,54;0,00;0,00;0,00;1,03
zenbook;1;2017-12-21 17:29:41 UTC;enp0s20f0u1u3;145,00;1846,00;15,73;1292,08;0,00;0,00;0,00;1,06
zenbook;1;2017-12-21 17:29:42 UTC;enp0s20f0u1u3;144,00;1926,00;15,33;1379,52;0,00;0,00;0,00;1,13
zenbook;1;2017-12-21 17:29:43 UTC;enp0s20f0u1u3;173,00;1904,00;18,79;1362,13;0,00;0,00;0,00;1,12
zenbook;1;2017-12-21 17:29:44 UTC;enp0s20f0u1u3;153,00;1955,00;16,63;1453,03;0,00;0,00;0,00;1,19
zenbook;1;2017-12-21 17:29:45 UTC;enp0s20f0u1u3;158,00;1956,00;17,55;1455,93;0,00;0,00;0,00;1,19
zenbook;1;2017-12-21 17:29:46 UTC;enp0s20f0u1u3;156,00;2060,00;18,20;1557,32;0,00;0,00;0,00;1,28
zenbook;1;2017-12-21 17:29:47 UTC;enp0s20f0u1u3;138,00;1959,00;14,90;1492,23;0,00;0,00;0,00;1,22
zenbook;1;2017-12-21 17:29:48 UTC;enp0s20f0u1u3;159,00;2098,00;17,40;1630,61;0,00;0,00;0,00;1,34
zenbook;1;2017-12-21 17:29:49 UTC;enp0s20f0u1u3;161,00;2402,00;17,58;1904,01;0,00;0,00;0,00;1,56
zenbook;1;2017-12-21 17:29:50 UTC;enp0s20f0u1u3;151,00;2077,00;16,89;1574,67;0,00;0,00;0,00;1,29
zenbook;1;2017-12-21 17:29:51 UTC;enp0s20f0u1u3;157,00;2280,00;16,79;1797,75;0,00;0,00;0,00;1,47
zenbook;1;2017-12-21 17:29:52 UTC;enp0s20f0u1u3;113,00;2104,00;16,50;1710,31;0,00;0,00;0,00;1,40
zenbook;1;2017-12-21 17:29:53 UTC;enp0s20f0u1u3;197,00;2195,00;36,02;1746,52;0,00;0,00;0,00;1,43
zenbook;1;2017-12-21 17:29:54 UTC;enp0s20f0u1u3;175,00;2316,00;21,89;1768,51;0,00;0,00;0,00;1,45
zenbook;1;2017-12-21 17:29:55 UTC;enp0s20f0u1u3;170,00;2366,00;18,55;1893,72;0,00;0,00;0,00;1,55
zenbook;1;2017-12-21 17:29:56 UTC;enp0s20f0u1u3;167,00;2464,00;18,33;1936,98;0,00;0,00;0,00;1,59
zenbook;1;2017-12-21 17:29:57 UTC;enp0s20f0u1u3;256,00;2966,00;28,96;2461,00;0,00;0,00;0,00;2,02
zenbook;1;2017-12-21 17:29:58 UTC;enp0s20f0u1u3;155,00;2158,00;17,34;1705,19;0,00;0,00;0,00;1,40
zenbook;1;2017-12-21 17:29:59 UTC;enp0s20f0u1u3;145,00;2206,00;16,06;1703,79;0,00;0,00;0,00;1,40
zenbook;1;2017-12-21 17:30:00 UTC;enp0s20f0u1u3;173,00;2312,00;19,15;1796,41;0,00;0,00;0,00;1,47
zenbook;1;2017-12-21 17:30:01 UTC;enp0s20f0u1u3;208,00;2510,00;23,15;1916,72;0,00;0,00;0,00;1,57
zenbook;1;2017-12-21 17:30:02 UTC;enp0s20f0u1u3;176,00;2321,00;24,33;1787,73;0,00;0,00;0,00;1,46
zenbook;1;2017-12-21 17:30:03 UTC;enp0s20f0u1u3;131,00;2101,00;14,10;1574,22;0,00;0,00;0,00;1,29
zenbook;1;2017-12-21 17:30:04 UTC;enp0s20f0u1u3;218,00;2249,00;24,94;1670,60;0,00;0,00;0,00;1,37
zenbook;1;2017-12-21 17:30:05 UTC;enp0s20f0u1u3;173,00;2082,00;19,81;1504,44;0,00;0,00;0,00;1,23
zenbook;1;2017-12-21 17:30:06 UTC;enp0s20f0u1u3;150,00;2104,00;16,35;1533,79;0,00;0,00;0,00;1,26
zenbook;1;2017-12-21 17:30:07 UTC;enp0s20f0u1u3;131,00;2043,00;14,19;1497,08;0,00;0,00;0,00;1,23
zenbook;1;2017-12-21 17:30:08 UTC;enp0s20f0u1u3;186,00;2116,00;21,33;1566,53;0,00;0,00;0,00;1,28
zenbook;1;2017-12-21 17:30:09 UTC;enp0s20f0u1u3;154,00;2052,00;16,60;1486,47;0,00;0,00;0,00;1,22
zenbook;1;2017-12-21 17:30:10 UTC;enp0s20f0u1u3;130,00;2228,00;14,04;1613,03;0,00;0,00;0,00;1,32
zenbook;1;2017-12-21 17:30:11 UTC;enp0s20f0u1u3;195,00;2113,00;21,54;1557,21;0,00;0,00;0,00;1,28
zenbook;1;2017-12-21 17:30:12 UTC;enp0s20f0u1u3;245,00;2581,00;28,40;2002,62;0,00;0,00;0,00;1,64
zenbook;1;2017-12-21 17:30:13 UTC;enp0s20f0u1u3;126,00;1991,00;13,56;1434,03;0,00;0,00;0,00;1,17
zenbook;1;2017-12-21 17:30:14 UTC;enp0s20f0u1u3;133,00;2088,00;14,34;1519,49;0,00;0,00;0,00;1,24
zenbook;1;2017-12-21 17:30:15 UTC;enp0s20f0u1u3;122,00;2022,00;13,53;1473,09;0,00;0,00;0,00;1,21
zenbook;1;2017-12-21 17:30:16 UTC;enp0s20f0u1u3;234,00;2364,00;28,63;1875,98;0,00;0,00;0,00;1,54
zenbook;1;2017-12-21 17:30:17 UTC;enp0s20f0u1u3;195,00;2159,00;21,21;1459,29;0,00;0,00;0,00;1,20
zenbook;1;2017-12-21 17:30:18 UTC;enp0s20f0u1u3;156,00;1960,00;17,72;1385,83;0,00;0,00;0,00;1,14
zenbook;1;2017-12-21 17:30:19 UTC;enp0s20f0u1u3;131,00;2060,00;13,94;1477,40;0,00;0,00;0,00;1,21
zenbook;1;2017-12-21 17:30:20 UTC;enp0s20f0u1u3;135,00;2258,00;14,59;1711,69;0,00;0,00;0,00;1,40
zenbook;1;2017-12-21 17:30:21 UTC;enp0s20f0u1u3;181,00;2309,00;19,38;1730,30;0,00;0,00;0,00;1,42
zenbook;1;2017-12-21 17:30:22 UTC;enp0s20f0u1u3;144,00;2271,00;16,19;1796,22;0,00;0,00;0,00;1,47
zenbook;1;2017-12-21 17:30:23 UTC;enp0s20f0u1u3;169,00;2509,00;18,45;1950,89;0,00;0,00;0,00;1,60
zenbook;1;2017-12-21 17:30:24 UTC;enp0s20f0u1u3;165,00;2476,00;17,92;1958,43;0,00;0,00;0,00;1,60
zenbook;1;2017-12-21 17:30:25 UTC;enp0s20f0u1u3;143,00;2233,00;15,76;1770,37;0,00;0,00;0,00;1,45
zenbook;1;2017-12-21 17:30:26 UTC;enp0s20f0u1u3;168,00;2784,00;19,02;2316,60;0,00;0,00;0,00;1,90
zenbook;1;2017-12-21 17:30:27 UTC;enp0s20f0u1u3;189,00;2585,00;21,05;2134,42;0,00;0,00;0,00;1,75
zenbook;1;2017-12-21 17:30:28 UTC;enp0s20f0u1u3;192,00;2600,00;21,28;2144,95;0,00;0,00;0,00;1,76
zenbook;1;2017-12-21 17:30:29 UTC;enp0s20f0u1u3;160,00;2543,00;17,63;2176,96;0,00;0,00;0,00;1,78
zenbook;1;2017-12-21 17:30:30 UTC;enp0s20f0u1u3;172,00;2807,00;18,76;2346,25;0,00;0,00;0,00;1,92
zenbook;1;2017-12-21 17:30:31 UTC;enp0s20f0u1u3;244,00;2863,00;28,54;2463,30;0,00;0,00;0,00;2,02
zenbook;1;2017-12-21 17:30:32 UTC;enp0s20f0u1u3;333,00;3113,00;44,77;2684,53;0,00;0,00;0,00;2,20
zenbook;1;2017-12-21 17:30:33 UTC;enp0s20f0u1u3;250,00;2441,00;28,48;1766,93;0,00;0,00;0,00;1,45
zenbook;1;2017-12-21 17:30:34 UTC;enp0s20f0u1u3;165,00;1775,00;17,34;1130,81;0,00;0,00;0,00;0,93
zenbook;1;2017-12-21 17:30:35 UTC;enp0s20f0u1u3;155,00;1940,00;16,58;1308,65;0,00;0,00;0,00;1,07
zenbook;1;2017-12-21 17:30:36 UTC;enp0s20f0u1u3;125,00;1949,00;13,35;1326,99;0,00;0,00;0,00;1,09
zenbook;1;2017-12-21 17:30:37 UTC;enp0s20f0u1u3;175,00;2104,00;18,59;1465,05;0,00;0,00;0,00;1,20
zenbook;1;2017-12-21 17:30:38 UTC;enp0s20f0u1u3;149,00;2143,00;16,88;1543,74;0,00;0,00;0,00;1,26
zenbook;1;2017-12-21 17:30:39 UTC;enp0s20f0u1u3;146,00;2129,00;15,80;1582,17;0,00;0,00;0,00;1,30
zenbook;1;2017-12-21 17:30:40 UTC;enp0s20f0u1u3;116,00;2217,00;12,29;1724,10;0,00;0,00;0,00;1,41
zenbook;1;2017-12-21 17:30:41 UTC;enp0s20f0u1u3;136,00;2219,00;14,56;1709,30;0,00;0,00;0,00;1,40
zenbook;1;2017-12-21 17:30:42 UTC;enp0s20f0u1u3;154,00;2387,00;16,49;1878,28;0,00;0,00;0,00;1,54
zenbook;1;2017-12-21 17:30:43 UTC;enp0s20f0u1u3;151,00;2314,00;16,29;1831,99;0,00;0,00;0,00;1,50
zenbook;1;2017-12-21 17:30:44 UTC;enp0s20f0u1u3;136,00;2401,00;14,61;1882,13;0,00;0,00;0,00;1,54
zenbook;1;2017-12-21 17:30:45 UTC;enp0s20f0u1u3;151,00;2586,00;17,24;2144,64;0,00;0,00;0,00;1,76
zenbook;1;2017-12-21 17:30:46 UTC;enp0s20f0u1u3;169,00;2487,00;20,36;2036,05;0,00;0,00;0,00;1,67
zenbook;1;2017-12-21 17:30:47 UTC;enp0s20f0u1u3;138,00;2588,00;15,01;2162,70;0,00;0,00;0,00;1,77
zenbook;1;2017-12-21 17:30:48 UTC;enp0s20f0u1u3;145,00;2480,00;16,32;2209,18;0,00;0,00;0,00;1,81
zenbook;1;2017-12-21 17:30:49 UTC;enp0s20f0u1u3;161,00;2935,00;18,92;2382,56;0,00;0,00;0,00;1,95
zenbook;1;2017-12-21 17:30:50 UTC;enp0s20f0u1u3;295,00;2947,00;35,34;2494,72;0,00;0,00;0,00;2,04
zenbook;1;2017-12-21 17:30:51 UTC;enp0s20f0u1u3;184,00;1941,00;20,01;1304,73;0,00;0,00;0,00;1,07
zenbook;1;2017-12-21 17:30:52 UTC;enp0s20f0u1u3;149,00;1998,00;16,24;1413,53;0,00;0,00;0,00;1,16
zenbook;1;2017-12-21 17:30:53 UTC;enp0s20f0u1u3;156,00;1992,00;16,97;1389,99;0,00;0,00;0,00;1,14
zenbook;1;2017-12-21 17:30:54 UTC;enp0s20f0u1u3;203,00;2063,00;22,75;1492,18;0,00;0,00;0,00;1,22
zenbook;1;2017-12-21 17:30:55 UTC;enp0s20f0u1u3;131,00;2181,00;14,42;1617,94;0,00;0,00;0,00;1,33
zenbook;1;2017-12-21 17:30:56 UTC;enp0s20f0u1u3;195,00;1965,00;36,07;1359,63;0,00;0,00;0,00;1,11
zenbook;1;2017-12-21 17:30:57 UTC;enp0s20f0u1u3;213,00;2164,00;28,99;1479,78;0,00;0,00;0,00;1,21
zenbook;1;2017-12-21 17:30:58 UTC;enp0s20f0u1u3;195,00;2364,00;21,49;1690,11;0,00;0,00;0,00;1,38
zenbook;1;2017-12-21 17:30:59 UTC;enp0s20f0u1u3;228,00;2286,00;25,77;1659,48;0,00;0,00;0,00;1,36
zenbook;1;2017-12-21 17:31:00 UTC;enp0s20f0u1u3;213,00;2595,00;23,48;1941,97;0,00;0,00;0,00;1,59
zenbook;1;2017-12-21 17:31:01 UTC;enp0s20f0u1u3;188,00;2580,00;20,84;2006,42;0,00;0,00;0,00;1,64
zenbook;1;2017-12-21 17:31:02 UTC;enp0s20f0u1u3;226,00;2531,00;29,30;1999,68;0,00;0,00;0,00;1,64
zenbook;1;2017-12-21 17:31:03 UTC;enp0s20f0u1u3;189,00;2619,00;20,62;2143,20;0,00;0,00;0,00;1,76
zenbook;1;2017-12-21 17:31:04 UTC;enp0s20f0u1u3;211,00;2872,00;23,95;2300,66;0,00;0,00;0,00;1,88
zenbook;1;2017-12-21 17:31:05 UTC;enp0s20f0u1u3;274,00;2714,00;30,94;2170,13;0,00;0,00;0,00;1,78
zenbook;1;2017-12-21 17:31:06 UTC;enp0s20f0u1u3;191,00;2639,00;22,08;2223,38;0,00;0,00;0,00;1,82
zenbook;1;2017-12-21 17:31:07 UTC;enp0s20f0u1u3;238,00;2907,00;27,14;2304,77;0,00;0,00;0,00;1,89
zenbook;1;2017-12-21 17:31:08 UTC;enp0s20f0u1u3;174,00;2540,00;19,46;1972,46;0,00;0,00;0,00;1,62
zenbook;1;2017-12-21 17:31:09 UTC;enp0s20f0u1u3;145,00;2536,00;15,71;2023,90;0,00;0,00;0,00;1,66
zenbook;1;2017-12-21 17:31:10 UTC;enp0s20f0u1u3;173,00;2616,00;18,83;2080,16;0,00;0,00;0,00;1,70
zenbook;1;2017-12-21 17:31:11 UTC;enp0s20f0u1u3;236,00;2696,00;26,58;2148,44;0,00;0,00;0,00;1,76
zenbook;1;2017-12-21 17:31:12 UTC;enp0s20f0u1u3;194,00;2765,00;20,92;2216,26;0,00;0,00;0,00;1,82
zenbook;1;2017-12-21 17:31:13 UTC;enp0s20f0u1u3;277,00;2928,00;33,34;2514,64;0,00;0,00;0,00;2,06
zenbook;1;2017-12-21 17:31:14 UTC;enp0s20f0u1u3;176,00;2627,00;19,39;2133,59;0,00;0,00;0,00;1,75
zenbook;1;2017-12-21 17:31:15 UTC;enp0s20f0u1u3;244,00;2611,00;28,26;2090,71;0,00;0,00;0,00;1,71
zenbook;1;2017-12-21 17:31:16 UTC;enp0s20f0u1u3;167,00;2504,00;19,58;1889,51;0,00;0,00;0,00;1,55
zenbook;1;2017-12-21 17:31:17 UTC;enp0s20f0u1u3;124,00;2384,00;13,31;1918,46;0,00;0,00;0,00;1,57
zenbook;1;2017-12-21 17:31:18 UTC;enp0s20f0u1u3;177,00;2610,00;19,88;2031,54;0,00;0,00;0,00;1,66
zenbook;1;2017-12-21 17:31:19 UTC;enp0s20f0u1u3;357,00;2976,00;43,10;2393,45;0,00;0,00;0,00;1,96
zenbook;1;2017-12-21 17:31:20 UTC;enp0s20f0u1u3;380,00;2402,00;44,34;1617,17;0,00;0,00;0,00;1,32
zenbook;1;2017-12-21 17:31:21 UTC;enp0s20f0u1u3;248,00;1616,00;27,59;742,59;0,00;0,00;0,00;0,61
zenbook;1;2017-12-21 17:31:22 UTC;enp0s20f0u1u3;207,00;1548,00;22,66;675,60;0,00;0,00;0,00;0,55
zenbook;1;2017-12-21 17:31:23 UTC;enp0s20f0u1u3;168,00;1349,00;18,39;616,94;0,00;0,00;0,00;0,51
zenbook;1;2017-12-21 17:31:24 UTC;enp0s20f0u1u3;199,00;1479,00;21,86;698,13;0,00;0,00;0,00;0,57
zenbook;1;2017-12-21 17:31:25 UTC;enp0s20f0u1u3;151,00;1355,00;16,73;679,84;0,00;0,00;0,00;0,56
zenbook;1;2017-12-21 17:31:26 UTC;enp0s20f0u1u3;138,00;1703,00;15,43;798,99;0,00;0,00;0,00;0,65
zenbook;1;2017-12-21 17:31:27 UTC;enp0s20f0u1u3;162,00;1673,00;17,33;808,95;0,00;0,00;0,00;0,66
zenbook;1;2017-12-21 17:31:28 UTC;enp0s20f0u1u3;165,00;1532,00;17,90;777,21;0,00;0,00;0,00;0,64
zenbook;1;2017-12-21 17:31:29 UTC;enp0s20f0u1u3;168,00;1753,00;18,35;839,84;0,00;0,00;0,00;0,69
zenbook;1;2017-12-21 17:31:30 UTC;enp0s20f0u1u3;124,00;1932,00;13,41;922,20;0,00;0,00;0,00;0,76
zenbook;1;2017-12-21 17:31:31 UTC;enp0s20f0u1u3;269,00;1711,00;29,68;851,61;0,00;0,00;0,00;0,70
zenbook;1;2017-12-21 17:31:32 UTC;enp0s20f0u1u3;196,00;1622,00;25,18;867,98;0,00;0,00;0,00;0,71
zenbook;1;2017-12-21 17:31:33 UTC;enp0s20f0u1u3;143,00;1926,00;15,59;948,59;0,00;0,00;0,00;0,78
zenbook;1;2017-12-21 17:31:34 UTC;enp0s20f0u1u3;204,00;1778,00;22,39;991,45;0,00;0,00;0,00;0,81
zenbook;1;2017-12-21 17:31:35 UTC;enp0s20f0u1u3;178,00;1664,00;19,16;944,06;0,00;0,00;0,00;0,77
zenbook;1;2017-12-21 17:31:36 UTC;enp0s20f0u1u3;205,00;2013,00;22,18;1048,30;0,00;0,00;0,00;0,86
zenbook;1;2017-12-21 17:31:37 UTC;enp0s20f0u1u3;184,00;2202,00;20,35;1143,28;0,00;0,00;0,00;0,94
zenbook;1;2017-12-21 17:31:38 UTC;enp0s20f0u1u3;175,00;2212,00;19,44;1098,39;0,00;0,00;0,00;0,90
zenbook;1;2017-12-21 17:31:39 UTC;enp0s20f0u1u3;171,00;1929,00;18,31;1081,95;0,00;0,00;0,00;0,89
zenbook;1;2017-12-21 17:31:40 UTC;enp0s20f0u1u3;169,00;1876,00;18,55;1070,00;0,00;0,00;0,00;0,88
zenbook;1;2017-12-21 17:31:41 UTC;enp0s20f0u1u3;174,00;2019,00;18,80;1216,62;0,00;0,00;0,00;1,00
zenbook;1;2017-12-21 17:31:42 UTC;enp0s20f0u1u3;223,00;2054,00;24,50;1194,17;0,00;0,00;0,00;0,98
zenbook;1;2017-12-21 17:31:43 UTC;enp0s20f0u1u3;172,00;2048,00;18,29;1256,14;0,00;0,00;0,00;1,03
zenbook;1;2017-12-21 17:31:44 UTC;enp0s20f0u1u3;124,00;2042,00;13,25;1350,93;0,00;0,00;0,00;1,11
zenbook;1;2017-12-21 17:31:45 UTC;enp0s20f0u1u3;154,00;1981,00;16,93;1314,11;0,00;0,00;0,00;1,08
zenbook;1;2017-12-21 17:31:46 UTC;enp0s20f0u1u3;140,00;2149,00;16,43;1467,80;0,00;0,00;0,00;1,20
zenbook;1;2017-12-21 17:31:47 UTC;enp0s20f0u1u3;187,00;2286,00;20,71;1597,41;0,00;0,00;0,00;1,31
zenbook;1;2017-12-21 17:31:48 UTC;enp0s20f0u1u3;176,00;2124,00;18,73;1436,37;0,00;0,00;0,00;1,18
zenbook;1;2017-12-21 17:31:49 UTC;enp0s20f0u1u3;150,00;2259,00;16,31;1555,46;0,00;0,00;0,00;1,27
zenbook;1;2017-12-21 17:31:50 UTC;enp0s20f0u1u3;163,00;2370,00;17,97;1685,43;0,00;0,00;0,00;1,38
zenbook;1;2017-12-21 17:31:51 UTC;enp0s20f0u1u3;176,00;2430,00;19,43;1721,46;0,00;0,00;0,00;1,41
zenbook;1;2017-12-21 17:31:52 UTC;enp0s20f0u1u3;172,00;2379,00;21,20;1732,04;0,00;0,00;0,00;1,42
zenbook;1;2017-12-21 17:31:53 UTC;enp0s20f0u1u3;179,00;2381,00;21,07;1791,94;0,00;0,00;0,00;1,47
zenbook;1;2017-12-21 17:31:54 UTC;enp0s20f0u1u3;195,00;2605,00;21,83;1994,37;0,00;0,00;0,00;1,63
zenbook;1;2017-12-21 17:31:55 UTC;enp0s20f0u1u3;168,00;2483,00;18,52;1898,42;0,00;0,00;0,00;1,56
zenbook;1;2017-12-21 17:31:56 UTC;enp0s20f0u1u3;215,00;2451,00;24,77;1878,51;0,00;0,00;0,00;1,54
zenbook;1;2017-12-21 17:31:57 UTC;enp0s20f0u1u3;208,00;2366,00;23,87;1782,53;0,00;0,00;0,00;1,46
zenbook;1;2017-12-21 17:31:58 UTC;enp0s20f0u1u3;181,00;2506,00;24,68;1917,96;0,00;0,00;0,00;1,57
zenbook;1;2017-12-21 17:31:59 UTC;enp0s20f0u1u3;170,00;2230,00;27,76;1556,60;0,00;0,00;0,00;1,28
zenbook;1;2017-12-21 17:32:00 UTC;enp0s20f0u1u3;331,00;2441,00;44,03;1786,34;0,00;0,00;0,00;1,46
zenbook;1;2017-12-21 17:32:01 UTC;enp0s20f0u1u3;273,00;2103,00;31,71;1406,22;0,00;0,00;0,00;1,15
zenbook;1;2017-12-21 17:32:02 UTC;enp0s20f0u1u3;224,00;2306,00;29,70;1483,46;0,00;0,00;0,00;1,22
zenbook;1;2017-12-21 17:32:03 UTC;enp0s20f0u1u3;143,00;1864,00;15,81;1208,27;0,00;0,00;0,00;0,99
zenbook;1;2017-12-21 17:32:04 UTC;enp0s20f0u1u3;177,00;2061,00;19,85;1422,62;0,00;0,00;0,00;1,17
zenbook;1;2017-12-21 17:32:05 UTC;enp0s20f0u1u3;143,00;2095,00;17,33;1371,47;0,00;0,00;0,00;1,12
zenbook;1;2017-12-21 17:32:06 UTC;enp0s20f0u1u3;173,00;2392,00;18,74;1623,85;0,00;0,00;0,00;1,33
zenbook;1;2017-12-21 17:32:07 UTC;enp0s20f0u1u3;295,00;2446,00;34,35;1767,71;0,00;0,00;0,00;1,45
zenbook;1;2017-12-21 17:32:08 UTC;enp0s20f0u1u3;364,00;2240,00;41,95;1607,36;0,00;0,00;0,00;1,32
zenbook;1;2017-12-21 17:32:09 UTC;enp0s20f0u1u3;306,00;2586,00;34,62;1773,85;0,00;0,00;0,00;1,45
zenbook;1;2017-12-21 17:32:10 UTC;enp0s20f0u1u3;237,00;2282,00;25,17;1548,67;0,00;0,00;0,00;1,27
zenbook;1;2017-12-21 17:32:11 UTC;enp0s20f0u1u3;177,00;2495,00;18,81;1707,58;0,00;0,00;0,00;1,40
zenbook;1;2017-12-21 17:32:12 UTC;enp0s20f0u1u3;187,00;2259,00;19,75;1603,53;0,00;0,00;0,00;1,31
zenbook;1;2017-12-21 17:32:13 UTC;enp0s20f0u1u3;268,00;2419,00;30,22;1705,30;0,00;0,00;0,00;1,40
zenbook;1;2017-12-21 17:32:14 UTC;enp0s20f0u1u3;182,00;2248,00;20,27;1540,69;0,00;0,00;0,00;1,26
zenbook;1;2017-12-21 17:32:15 UTC;enp0s20f0u1u3;164,00;2424,00;18,48;1662,36;0,00;0,00;0,00;1,36
zenbook;1;2017-12-21 17:32:16 UTC;enp0s20f0u1u3;146,00;2225,00;17,26;1610,87;0,00;0,00;0,00;1,32
zenbook;1;2017-12-21 17:32:17 UTC;enp0s20f0u1u3;164,00;2381,00;17,94;1656,98;0,00;0,00;0,00;1,36
zenbook;1;2017-12-21 17:32:18 UTC;enp0s20f0u1u3;219,00;2594,00;25,67;1920,79;0,00;0,00;0,00;1,57
zenbook;1;2017-12-21 17:32:19 UTC;enp0s20f0u1u3;312,00;2498,00;35,71;1841,94;0,00;0,00;0,00;1,51
zenbook;1;2017-12-21 17:32:20 UTC;enp0s20f0u1u3;280,00;2483,00;32,26;1746,00;0,00;0,00;0,00;1,43
zenbook;1;2017-12-21 17:32:21 UTC;enp0s20f0u1u3;212,00;2482,00;22,31;1813,07;0,00;0,00;0,00;1,49
zenbook;1;2017-12-21 17:32:22 UTC;enp0s20f0u1u3;310,00;2581,00;34,92;1757,83;0,00;0,00;0,00;1,44
zenbook;1;2017-12-21 17:32:23 UTC;enp0s20f0u1u3;361,00;2489,00;40,85;1674,71;0,00;0,00;0,00;1,37
zenbook;1;2017-12-21 17:32:24 UTC;enp0s20f0u1u3;226,00;2197,00;25,26;1494,10;0,00;0,00;0,00;1,22
zenbook;1;2017-12-21 17:32:25 UTC;enp0s20f0u1u3;234,00;2328,00;25,75;1483,82;0,00;0,00;0,00;1,22
zenbook;1;2017-12-21 17:32:26 UTC;enp0s20f0u1u3;166,00;2084,00;17,99;1356,30;0,00;0,00;0,00;1,11
zenbook;1;2017-12-21 17:32:27 UTC;enp0s20f0u1u3;138,00;2257,00;14,75;1486,82;0,00;0,00;0,00;1,22
zenbook;1;2017-12-21 17:32:28 UTC;enp0s20f0u1u3;214,00;2349,00;22,69;1589,47;0,00;0,00;0,00;1,30
zenbook;1;2017-12-21 17:32:29 UTC;enp0s20f0u1u3;184,00;2325,00;19,55;1657,50;0,00;0,00;0,00;1,36
zenbook;1;2017-12-21 17:32:30 UTC;enp0s20f0u1u3;328,00;2472,00;37,03;1778,21;0,00;0,00;0,00;1,46
zenbook;1;2017-12-21 17:32:31 UTC;enp0s20f0u1u3;243,00;2333,00;26,36;1657,55;0,00;0,00;0,00;1,36
zenbook;1;2017-12-21 17:32:32 UTC;enp0s20f0u1u3;345,00;2553,00;42,82;1873,70;0,00;0,00;0,00;1,53
zenbook;1;2017-12-21 17:32:33 UTC;enp0s20f0u1u3;195,00;2548,00;21,42;1874,49;0,00;0,00;0,00;1,54
zenbook;1;2017-12-21 17:32:34 UTC;enp0s20f0u1u3;251,00;2620,00;28,70;1904,78;0,00;0,00;0,00;1,56
zenbook;1;2017-12-21 17:32:35 UTC;enp0s20f0u1u3;308,00;2731,00;34,87;1977,69;0,00;0,00;0,00;1,62
zenbook;1;2017-12-21 17:32:36 UTC;enp0s20f0u1u3;264,00;2563,00;29,61;1947,18;0,00;0,00;0,00;1,60
zenbook;1;2017-12-21 17:32:37 UTC;enp0s20f0u1u3;154,00;2543,00;16,29;1889,59;0,00;0,00;0,00;1,55
zenbook;1;2017-12-21 17:32:38 UTC;enp0s20f0u1u3;256,00;2475,00;28,55;1878,10;0,00;0,00;0,00;1,54
zenbook;1;2017-12-21 17:32:39 UTC;enp0s20f0u1u3;260,00;2615,00;30,79;2064,01;0,00;0,00;0,00;1,69
zenbook;1;2017-12-21 17:32:40 UTC;enp0s20f0u1u3;276,00;3014,00;31,31;2400,58;0,00;0,00;0,00;1,97
zenbook;1;2017-12-21 17:32:41 UTC;enp0s20f0u1u3;406,00;3054,00;46,53;2350,31;0,00;0,00;0,00;1,93
zenbook;1;2017-12-21 17:32:42 UTC;enp0s20f0u1u3;183,00;2589,00;19,35;1947,70;0,00;0,00;0,00;1,60
zenbook;1;2017-12-21 17:32:43 UTC;enp0s20f0u1u3;187,00;2415,00;20,66;1712,59;0,00;0,00;0,00;1,40
zenbook;1;2017-12-21 17:32:44 UTC;enp0s20f0u1u3;261,00;2680,00;30,30;2095,15;0,00;0,00;0,00;1,72
zenbook;1;2017-12-21 17:32:45 UTC;enp0s20f0u1u3;239,00;2511,00;27,86;2017,21;0,00;0,00;0,00;1,65
zenbook;1;2017-12-21 17:32:46 UTC;enp0s20f0u1u3;291,00;1986,00;34,88;1422,37;0,00;0,00;0,00;1,17
zenbook;1;2017-12-21 17:32:47 UTC;enp0s20f0u1u3;307,00;2249,00;34,40;1423,16;0,00;0,00;0,00;1,17
zenbook;1;2017-12-21 17:32:48 UTC;enp0s20f0u1u3;206,00;1859,00;23,18;1280,02;0,00;0,00;0,00;1,05
zenbook;1;2017-12-21 17:32:49 UTC;enp0s20f0u1u3;184,00;2156,00;21,03;1422,23;0,00;0,00;0,00;1,17
zenbook;1;2017-12-21 17:32:50 UTC;enp0s20f0u1u3;206,00;2349,00;23,06;1604,20;0,00;0,00;0,00;1,31
zenbook;1;2017-12-21 17:32:51 UTC;enp0s20f0u1u3;311,00;2154,00;36,16;1482,97;0,00;0,00;0,00;1,21
zenbook;1;2017-12-21 17:32:52 UTC;enp0s20f0u1u3;149,00;2010,00;16,05;1480,17;0,00;0,00;0,00;1,21
zenbook;1;2017-12-21 17:32:53 UTC;enp0s20f0u1u3;134,00;2193,00;14,78;1517,08;0,00;0,00;0,00;1,24
zenbook;1;2017-12-21 17:32:54 UTC;enp0s20f0u1u3;126,00;2035,00;13,66;1356,21;0,00;0,00;0,00;1,11
zenbook;1;2017-12-21 17:32:55 UTC;enp0s20f0u1u3;146,00;2057,00;16,02;1294,82;0,00;0,00;0,00;1,06
zenbook;1;2017-12-21 17:32:56 UTC;enp0s20f0u1u3;109,00;1935,00;11,95;1215,63;0,00;0,00;0,00;1,00
zenbook;1;2017-12-21 17:32:57 UTC;enp0s20f0u1u3;131,00;2200,00;13,88;1572,18;0,00;0,00;0,00;1,29
