timestamp;%idle;rxkB/s;txkB/s;kbmemfree;kbmemused
2018-01-25 18:36:33 UTC;97,24;0,12;0,00;6587164;1478720
2018-01-25 18:36:34 UTC;89,28;1,28;2,81;6599068;1466816
2018-01-25 18:36:35 UTC;94,19;0,72;0,19;6601268;1464616
2018-01-25 18:36:36 UTC;97,01;0,36;0,10;6601176;1464708
2018-01-25 18:36:37 UTC;97,74;0,12;0,00;6601148;1464736
2018-01-25 18:36:38 UTC;97,26;0,18;0,00;6601316;1464568
2018-01-25 18:36:39 UTC;97,74;0,00;0,00;6628712;1437172
2018-01-25 18:36:40 UTC;97,50;0,06;0,00;6628720;1437164
2018-01-25 18:36:41 UTC;94,21;6,26;3,09;6631880;1434004
2018-01-25 18:36:42 UTC;94,24;5,34;14,46;6630728;1435156
2018-01-25 18:36:43 UTC;94,99;1,57;10,59;6630852;1435032
2018-01-25 18:36:44 UTC;95,23;1,35;10,49;6629984;1435900
2018-01-25 18:36:45 UTC;95,99;1,38;10,15;6629860;1436024
2018-01-25 18:36:46 UTC;95,98;1,00;10,53;6629860;1436024
2018-01-25 18:36:47 UTC;95,75;1,65;10,68;6629488;1436396
2018-01-25 18:36:48 UTC;96,47;1,39;10,11;6629240;1436644
2018-01-25 18:36:49 UTC;95,99;0,76;8,52;6628840;1437044
2018-01-25 18:36:50 UTC;95,76;0,42;7,84;6628496;1437388
2018-01-25 18:36:51 UTC;96,23;0,50;8,48;6628496;1437388
2018-01-25 18:36:52 UTC;96,00;0,40;8,32;6628248;1437636
2018-01-25 18:36:53 UTC;95,99;0,00;7,84;6628248;1437636
2018-01-25 18:36:54 UTC;95,99;0,29;8,36;6627876;1438008
2018-01-25 18:36:55 UTC;96,24;0,52;8,10;6627876;1438008
2018-01-25 18:36:56 UTC;96,47;0,97;8,22;6627628;1438256
2018-01-25 18:36:57 UTC;96,00;0,26;7,96;6627380;1438504
2018-01-25 18:36:58 UTC;96,00;0,55;7,94;6627352;1438532
2018-01-25 18:36:59 UTC;95,75;1,30;8,46;6626360;1439524
2018-01-25 18:37:00 UTC;95,97;1,04;8,57;6624748;1441136
2018-01-25 18:37:01 UTC;96,48;0,75;8,22;6624624;1441260
2018-01-25 18:37:02 UTC;95,51;0,31;7,81;6624376;1441508
2018-01-25 18:37:03 UTC;96,25;0,50;8,12;6624376;1441508
2018-01-25 18:37:04 UTC;95,99;0,62;8,35;6624128;1441756
2018-01-25 18:37:05 UTC;95,99;1,40;7,91;6623880;1442004
2018-01-25 18:37:06 UTC;96,00;1,08;8,11;6623756;1442128
2018-01-25 18:37:07 UTC;96,24;1,47;7,87;6623384;1442500
2018-01-25 18:37:08 UTC;95,99;0,41;8,21;6623260;1442624
2018-01-25 18:37:09 UTC;95,75;1,85;8,79;6622364;1443520
2018-01-25 18:37:10 UTC;96,73;0,63;8,18;6622392;1443492
2018-01-25 18:37:11 UTC;95,76;1,20;8,73;6622144;1443740
2018-01-25 18:37:12 UTC;96,24;0,56;8,07;6622020;1443864
2018-01-25 18:37:13 UTC;96,24;2,23;9,10;6621648;1444236
2018-01-25 18:37:14 UTC;96,73;1,07;8,92;6621648;1444236
2018-01-25 18:37:15 UTC;96,25;0,22;8,36;6621400;1444484
2018-01-25 18:37:16 UTC;96,97;0,94;9,03;6621400;1444484
2018-01-25 18:37:17 UTC;96,24;0,77;8,41;6620904;1444980
2018-01-25 18:37:18 UTC;95,75;0,20;8,17;6620408;1445476
2018-01-25 18:37:19 UTC;94,99;7,07;11,46;6618308;1447576
2018-01-25 18:37:20 UTC;81,20;3,72;12,01;6588416;1477468
2018-01-25 18:37:21 UTC;94,00;2,25;23,99;6588168;1477716
2018-01-25 18:37:22 UTC;95,23;2,30;24,42;6587548;1478336
2018-01-25 18:37:23 UTC;92,95;14,91;30,97;6584308;1481576
2018-01-25 18:37:24 UTC;91,73;15,60;48,73;6583068;1482816
2018-01-25 18:37:25 UTC;92,15;9,46;55,35;6581628;1484256
2018-01-25 18:37:26 UTC;90,93;13,89;81,96;6581876;1484008
2018-01-25 18:37:27 UTC;90,18;11,02;80,16;6579024;1486860
2018-01-25 18:37:28 UTC;87,66;26,47;114,31;6576080;1489804
2018-01-25 18:37:29 UTC;90,08;10,48;116,75;6575832;1490052
2018-01-25 18:37:30 UTC;88,66;12,23;119,93;6573228;1492656
2018-01-25 18:37:31 UTC;88,19;10,47;133,06;6571788;1494096
2018-01-25 18:37:32 UTC;88,94;6,16;129,87;6571120;1494764
2018-01-25 18:37:33 UTC;89,11;7,91;131,95;6570128;1495756
2018-01-25 18:37:34 UTC;88,72;6,64;128,24;6569012;1496872
2018-01-25 18:37:35 UTC;88,89;7,61;131,96;6567772;1498112
2018-01-25 18:37:36 UTC;89,17;6,62;127,74;6566532;1499352
2018-01-25 18:37:37 UTC;88,69;6,14;130,15;6565416;1500468
2018-01-25 18:37:38 UTC;89,37;7,71;130,52;6564424;1501460
2018-01-25 18:37:39 UTC;89,20;6,54;131,44;6563556;1502328
2018-01-25 18:37:40 UTC;89,20;6,48;129,36;6562688;1503196
2018-01-25 18:37:41 UTC;89,45;7,26;129,56;6562192;1503692
2018-01-25 18:37:42 UTC;90,15;6,34;130,52;6561696;1504188
2018-01-25 18:37:43 UTC;89,67;7,67;130,45;6561448;1504436
2018-01-25 18:37:44 UTC;89,92;7,44;130,40;6560580;1505304
2018-01-25 18:37:45 UTC;89,47;7,71;128,95;6560208;1505676
2018-01-25 18:37:46 UTC;89,47;6,40;130,61;6559464;1506420
2018-01-25 18:37:47 UTC;89,45;6,99;130,42;6558968;1506916
2018-01-25 18:37:48 UTC;89,17;7,32;130,25;6558100;1507784
2018-01-25 18:37:49 UTC;88,78;6,18;128,37;6557852;1508032
2018-01-25 18:37:50 UTC;89,22;6,96;131,85;6557356;1508528
2018-01-25 18:37:51 UTC;88,75;6,26;128,42;6556736;1509148
2018-01-25 18:37:52 UTC;89,25;6,09;129,41;6556488;1509396
2018-01-25 18:37:53 UTC;89,92;7,49;131,02;6555744;1510140
2018-01-25 18:37:54 UTC;90,38;6,94;131,21;6555248;1510636
2018-01-25 18:37:55 UTC;89,67;7,17;130,37;6554380;1511504
2018-01-25 18:37:56 UTC;89,42;7,16;129,27;6553636;1512248
2018-01-25 18:37:57 UTC;89,92;6,09;130,23;6553264;1512620
2018-01-25 18:37:58 UTC;89,72;7,99;132,03;6552612;1513272
2018-01-25 18:37:59 UTC;89,70;7,21;130,25;6552428;1513456
2018-01-25 18:38:00 UTC;89,90;6,72;129,30;6551900;1513984
2018-01-25 18:38:01 UTC;89,95;6,63;129,43;6551188;1514696
2018-01-25 18:38:02 UTC;89,47;6,56;131,05;6550816;1515068
2018-01-25 18:38:03 UTC;90,18;7,52;129,74;6550536;1515348
2018-01-25 18:38:04 UTC;89,70;6,85;130,26;6549452;1516432
2018-01-25 18:38:05 UTC;89,70;7,35;129,27;6549204;1516680
2018-01-25 18:38:06 UTC;89,70;6,53;129,37;6548956;1516928
2018-01-25 18:38:07 UTC;89,70;6,69;130,63;6547840;1518044
2018-01-25 18:38:08 UTC;89,42;7,51;131,30;6547468;1518416
2018-01-25 18:38:09 UTC;89,70;6,80;129,97;6547096;1518788
2018-01-25 18:38:10 UTC;89,53;6,81;128,92;6546600;1519284
2018-01-25 18:38:11 UTC;89,72;6,61;130,66;6546072;1519812
2018-01-25 18:38:12 UTC;89,92;6,89;129,79;6545484;1520400
2018-01-25 18:38:13 UTC;89,28;7,61;131,16;6544740;1521144
2018-01-25 18:38:14 UTC;90,15;7,22;128,37;6544244;1521640
2018-01-25 18:38:15 UTC;88,97;6,92;130,26;6543748;1522136
2018-01-25 18:38:16 UTC;89,45;6,62;131,23;6543128;1522756
2018-01-25 18:38:17 UTC;89,92;6,48;128,18;6542384;1523500
2018-01-25 18:38:18 UTC;89,28;6,68;130,17;6542012;1523872
2018-01-25 18:38:19 UTC;89,70;7,97;131,61;6541392;1524492
2018-01-25 18:38:20 UTC;90,66;6,67;128,84;6540772;1525112
2018-01-25 18:38:21 UTC;89,95;6,61;131,22;6540400;1525484
2018-01-25 18:38:22 UTC;90,36;6,31;128,60;6539780;1526104
2018-01-25 18:38:23 UTC;88,53;7,40;131,62;6539408;1526476
2018-01-25 18:38:24 UTC;89,87;6,62;130,00;6538912;1526972
2018-01-25 18:38:25 UTC;89,47;7,13;130,30;6538664;1527220
2018-01-25 18:38:26 UTC;89,72;6,75;130,03;6537672;1528212
2018-01-25 18:38:27 UTC;89,00;6,58;128,69;6537144;1528740
2018-01-25 18:38:28 UTC;89,92;6,91;129,72;6536556;1529328
2018-01-25 18:38:29 UTC;89,28;7,03;130,81;6536308;1529576
2018-01-25 18:38:30 UTC;89,90;6,95;131,70;6535564;1530320
2018-01-25 18:38:31 UTC;87,44;17,76;139,00;6531844;1534040
2018-01-25 18:38:32 UTC;87,94;10,95;145,94;6531720;1534164
2018-01-25 18:38:33 UTC;87,88;14,96;148,67;6529612;1536272
2018-01-25 18:38:34 UTC;86,68;17,67;153,48;6527256;1538628
2018-01-25 18:38:35 UTC;87,37;14,19;167,67;6527228;1538656
2018-01-25 18:38:36 UTC;87,34;9,33;170,42;6527008;1538876
2018-01-25 18:38:37 UTC;86,62;15,20;173,02;6524388;1541496
2018-01-25 18:38:38 UTC;85,93;15,85;174,17;6522048;1543836
2018-01-25 18:38:39 UTC;83,96;24,27;204,91;6520580;1545304
2018-01-25 18:38:40 UTC;81,00;39,88;230,32;6516692;1549192
2018-01-25 18:38:41 UTC;82,53;28,73;259,91;6515456;1550428
2018-01-25 18:38:42 UTC;82,96;16,22;257,47;6514112;1551772
2018-01-25 18:38:43 UTC;84,26;13,85;265,76;6513616;1552268
2018-01-25 18:38:44 UTC;83,33;13,43;259,96;6512500;1553384
2018-01-25 18:38:45 UTC;83,04;13,60;263,39;6511012;1554872
2018-01-25 18:38:46 UTC;83,08;14,49;265,32;6509896;1555988
2018-01-25 18:38:47 UTC;82,46;12,26;263,03;6508408;1557476
2018-01-25 18:38:48 UTC;82,78;12,96;260,63;6505028;1560856
2018-01-25 18:38:49 UTC;82,04;12,47;261,13;6503448;1562436
2018-01-25 18:38:50 UTC;83,17;13,73;266,28;6502208;1563676
2018-01-25 18:38:51 UTC;83,17;13,99;260,41;6500864;1565020
2018-01-25 18:38:52 UTC;83,29;11,79;265,08;6500100;1565784
2018-01-25 18:38:53 UTC;83,88;12,73;263,08;6499852;1566032
2018-01-25 18:38:54 UTC;83,88;12,75;262,25;6499108;1566776
2018-01-25 18:38:55 UTC;83,21;13,25;260,87;6498488;1567396
2018-01-25 18:38:56 UTC;83,84;12,96;263,23;6498116;1567768
2018-01-25 18:38:57 UTC;83,25;12,20;261,19;6497372;1568512
2018-01-25 18:38:58 UTC;83,84;13,25;265,34;6496256;1569628
2018-01-25 18:38:59 UTC;84,34;12,44;263,40;6495760;1570124
2018-01-25 18:39:00 UTC;84,34;13,37;260,29;6496468;1569416
2018-01-25 18:39:01 UTC;83,79;14,26;263,32;6496628;1569256
2018-01-25 18:39:02 UTC;85,06;13,21;265,65;6496008;1569876
2018-01-25 18:39:03 UTC;84,81;13,66;262,57;6495636;1570248
2018-01-25 18:39:04 UTC;84,13;12,41;261,71;6495388;1570496
2018-01-25 18:39:05 UTC;83,04;13,88;260,27;6494892;1570992
2018-01-25 18:39:06 UTC;84,09;12,76;265,65;6494396;1571488
2018-01-25 18:39:07 UTC;85,06;13,26;259,47;6493652;1572232
2018-01-25 18:39:08 UTC;84,26;13,44;266,49;6492784;1573100
2018-01-25 18:39:09 UTC;84,34;12,41;261,64;6492412;1573472
2018-01-25 18:39:10 UTC;84,52;13,30;261,08;6491884;1574000
2018-01-25 18:39:11 UTC;84,63;13,38;266,37;6491544;1574340
2018-01-25 18:39:12 UTC;83,46;12,95;261,22;6490924;1574960
2018-01-25 18:39:13 UTC;84,52;14,03;261,42;6490676;1575208
2018-01-25 18:39:14 UTC;83,50;13,25;265,71;6489808;1576076
2018-01-25 18:39:15 UTC;84,38;12,92;260,24;6489560;1576324
2018-01-25 18:39:16 UTC;84,25;12,90;262,82;6488724;1577160
2018-01-25 18:39:17 UTC;84,34;13,07;264,78;6487980;1577904
2018-01-25 18:39:18 UTC;83,42;13,01;262,17;6487608;1578276
2018-01-25 18:39:19 UTC;84,56;13,16;263,68;6486988;1578896
2018-01-25 18:39:20 UTC;83,88;13,83;260,55;6486616;1579268
2018-01-25 18:39:21 UTC;83,42;13,18;265,51;6486120;1579764
2018-01-25 18:39:22 UTC;84,01;13,08;262,83;6485624;1580260
2018-01-25 18:39:23 UTC;83,04;13,04;262,97;6481656;1584228
2018-01-25 18:39:24 UTC;83,67;13,46;262,95;6480912;1584972
2018-01-25 18:39:25 UTC;84,38;13,09;263,68;6480384;1585500
2018-01-25 18:39:26 UTC;84,17;12,34;262,28;6480012;1585872
2018-01-25 18:39:27 UTC;83,46;12,62;262,24;6478896;1586988
2018-01-25 18:39:28 UTC;83,46;14,52;260,65;6478400;1587484
2018-01-25 18:39:29 UTC;84,60;12,53;262,95;6478120;1587764
2018-01-25 18:39:30 UTC;84,09;14,13;263,11;6477128;1588756
2018-01-25 18:39:31 UTC;84,63;13,15;262,95;6477128;1588756
2018-01-25 18:39:32 UTC;84,30;11,71;265,44;6476384;1589500
2018-01-25 18:39:33 UTC;84,63;14,09;261,69;6476012;1589872
2018-01-25 18:39:34 UTC;83,46;13,01;264,29;6475484;1590400
2018-01-25 18:39:35 UTC;84,77;13,30;262,47;6474896;1590988
2018-01-25 18:39:36 UTC;84,34;12,72;263,17;6474400;1591484
2018-01-25 18:39:37 UTC;84,13;12,35;262,68;6473656;1592228
2018-01-25 18:39:38 UTC;84,52;13,37;263,11;6473408;1592476
2018-01-25 18:39:39 UTC;84,42;12,67;262,61;6472788;1593096
2018-01-25 18:39:40 UTC;83,92;14,19;262,80;6472168;1593716
2018-01-25 18:39:41 UTC;82,07;21,11;264,58;6468764;1597120
2018-01-25 18:39:42 UTC;83,04;18,56;278,54;6469192;1596692
2018-01-25 18:39:43 UTC;82,62;14,35;279,78;6469068;1596816
2018-01-25 18:39:44 UTC;83,12;14,19;276,83;6469068;1596816
2018-01-25 18:39:45 UTC;82,37;19,82;278,18;6467208;1598676
2018-01-25 18:39:46 UTC;81,36;20,76;281,81;6465472;1600412
2018-01-25 18:39:47 UTC;82,83;14,43;275,00;6465472;1600412
2018-01-25 18:39:48 UTC;81,27;23,34;305,87;6464976;1600908
2018-01-25 18:39:49 UTC;80,81;21,10;307,76;6463224;1602660
2018-01-25 18:39:50 UTC;81,31;15,92;302,91;6463040;1602844
2018-01-25 18:39:51 UTC;79,49;32,56;319,96;6459768;1606116
2018-01-25 18:39:52 UTC;78,54;29,61;327,78;6457412;1608472
2018-01-25 18:39:53 UTC;77,35;38,95;368,15;6455792;1610092
2018-01-25 18:39:54 UTC;78,34;20,18;356,94;6455476;1610408
2018-01-25 18:39:55 UTC;78,52;26,93;388,68;6454428;1611456
2018-01-25 18:39:56 UTC;76,65;25,43;385,18;6450956;1614928
2018-01-25 18:39:57 UTC;77,47;15,74;378,73;6449840;1616044
2018-01-25 18:39:58 UTC;75,50;35,89;405,96;6449468;1616416
2018-01-25 18:39:59 UTC;76,63;18,70;399,88;6448104;1617780
2018-01-25 18:40:00 UTC;77,35;19,91;396,16;6446988;1618896
2018-01-25 18:40:01 UTC;76,96;19,73;394,39;6445996;1619888
2018-01-25 18:40:02 UTC;76,63;19,26;396,34;6444632;1621252
2018-01-25 18:40:03 UTC;76,38;20,53;396,20;6443888;1621996
2018-01-25 18:40:04 UTC;76,94;18,59;394,94;6442772;1623112
2018-01-25 18:40:05 UTC;77,33;19,87;394,43;6442028;1623856
2018-01-25 18:40:06 UTC;77,00;19,70;396,41;6441656;1624228
2018-01-25 18:40:07 UTC;76,07;20,29;390,42;6432232;1633652
2018-01-25 18:40:08 UTC;77,19;19,35;399,42;6431860;1634024
2018-01-25 18:40:09 UTC;77,58;19,32;392,55;6431240;1634644
2018-01-25 18:40:10 UTC;77,19;20,07;395,17;6430620;1635264
2018-01-25 18:40:11 UTC;77,69;19,74;396,99;6430248;1635636
2018-01-25 18:40:12 UTC;77,78;18,52;397,52;6429752;1636132
2018-01-25 18:40:13 UTC;77,78;21,13;392,74;6429132;1636752
2018-01-25 18:40:14 UTC;78,14;19,88;395,99;6429008;1636876
2018-01-25 18:40:15 UTC;77,83;19,32;395,41;6428264;1637620
2018-01-25 18:40:16 UTC;76,94;19,40;396,20;6427892;1637992
2018-01-25 18:40:17 UTC;78,17;18,22;394,82;6427148;1638736
2018-01-25 18:40:18 UTC;78,63;19,69;395,45;6426776;1639108
2018-01-25 18:40:19 UTC;77,78;19,04;395,55;6426248;1639636
2018-01-25 18:40:20 UTC;78,43;19,45;400,08;6425844;1640040
2018-01-25 18:40:21 UTC;77,78;19,53;396,00;6425348;1640536
2018-01-25 18:40:22 UTC;78,28;18,41;393,94;6425100;1640784
2018-01-25 18:40:23 UTC;77,14;20,62;393,61;6424480;1641404
2018-01-25 18:40:24 UTC;77,97;19,27;395,64;6424232;1641652
2018-01-25 18:40:25 UTC;77,08;18,55;398,53;6423332;1642552
2018-01-25 18:40:26 UTC;77,83;19,98;392,14;6423084;1642800
2018-01-25 18:40:27 UTC;77,97;18,25;398,86;6422556;1643328
2018-01-25 18:40:28 UTC;77,39;19,41;392,47;6422432;1643452
2018-01-25 18:40:29 UTC;77,92;19,44;395,80;6421812;1644072
2018-01-25 18:40:30 UTC;78,43;18,90;393,60;6421284;1644600
2018-01-25 18:40:31 UTC;78,23;19,76;395,67;6420944;1644940
2018-01-25 18:40:32 UTC;77,83;18,69;394,69;6420324;1645560
2018-01-25 18:40:33 UTC;78,09;20,19;400,96;6420200;1645684
2018-01-25 18:40:34 UTC;78,03;18,75;391,07;6419456;1646428
2018-01-25 18:40:35 UTC;78,12;18,92;399,84;6419084;1646800
2018-01-25 18:40:36 UTC;77,92;20,19;397,13;6418804;1647080
2018-01-25 18:40:37 UTC;77,19;18,88;393,68;6417968;1647916
2018-01-25 18:40:38 UTC;77,83;19,86;395,89;6417844;1648040
2018-01-25 18:40:39 UTC;77,83;18,78;390,94;6417348;1648536
2018-01-25 18:40:40 UTC;77,64;20,21;395,47;6417224;1648660
2018-01-25 18:40:41 UTC;78,63;20,07;396,23;6416728;1649156
2018-01-25 18:40:42 UTC;78,09;18,38;398,68;6416572;1649312
2018-01-25 18:40:43 UTC;77,64;20,42;396,24;6416480;1649404
2018-01-25 18:40:44 UTC;77,66;18,73;394,46;6416232;1649652
2018-01-25 18:40:45 UTC;77,00;19,84;396,55;6416108;1649776
2018-01-25 18:40:46 UTC;78,17;20,52;396,70;6416108;1649776
2018-01-25 18:40:47 UTC;75,19;19,39;390,16;6415612;1650272
2018-01-25 18:40:48 UTC;79,03;19,42;396,87;6415612;1650272
2018-01-25 18:40:49 UTC;78,43;18,69;397,88;6415364;1650520
2018-01-25 18:40:50 UTC;78,34;19,44;392,95;6415364;1650520
2018-01-25 18:40:51 UTC;78,23;20,60;399,66;6415364;1650520
2018-01-25 18:40:52 UTC;78,43;19,95;390,03;6415396;1650488
2018-01-25 18:40:53 UTC;77,72;19,73;400,65;6415240;1650644
2018-01-25 18:40:54 UTC;79,08;19,15;395,56;6415240;1650644
2018-01-25 18:40:55 UTC;76,57;25,44;394,35;6413008;1652876
2018-01-25 18:40:56 UTC;77,41;19,12;401,07;6413352;1652532
2018-01-25 18:40:57 UTC;78,83;19,28;390,12;6413380;1652504
2018-01-25 18:40:58 UTC;78,17;19,82;400,59;6413380;1652504
2018-01-25 18:40:59 UTC;77,16;26,24;415,22;6413132;1652752
2018-01-25 18:41:00 UTC;76,59;21,41;409,54;6413008;1652876
2018-01-25 18:41:01 UTC;75,76;26,51;408,95;6410776;1655108
2018-01-25 18:41:02 UTC;76,20;25,43;418,84;6411636;1654248
2018-01-25 18:41:03 UTC;75,69;20,96;427,21;6411024;1654860
2018-01-25 18:41:04 UTC;74,31;27,36;421,11;6409628;1656256
2018-01-25 18:41:05 UTC;74,55;33,12;446,70;6408668;1657216
2018-01-25 18:41:06 UTC;70,71;40,07;452,14;6406024;1659860
2018-01-25 18:41:07 UTC;74,11;29,99;451,10;6406340;1659544
2018-01-25 18:41:08 UTC;72,47;27,67;467,01;6404948;1660936
2018-01-25 18:41:09 UTC;72,34;29,05;465,47;6402712;1663172
2018-01-25 18:41:10 UTC;71,46;35,97;491,57;6401572;1664312
2018-01-25 18:41:11 UTC;73,21;26,72;470,97;6401224;1664660
2018-01-25 18:41:12 UTC;71,50;38,76;523,95;6400356;1665528
2018-01-25 18:41:13 UTC;69,80;32,67;520,22;6396976;1668908
2018-01-25 18:41:14 UTC;70,53;24,94;521,36;6397092;1668792
2018-01-25 18:41:15 UTC;70,30;32,59;528,07;6396356;1669528
2018-01-25 18:41:16 UTC;70,56;26,04;529,66;6395612;1670272
2018-01-25 18:41:17 UTC;69,77;27,92;533,01;6394620;1671264
2018-01-25 18:41:18 UTC;70,03;24,50;524,73;6394000;1671884
2018-01-25 18:41:19 UTC;70,74;27,02;525,94;6393132;1672752
2018-01-25 18:41:20 UTC;69,95;27,05;533,95;6393008;1672876
2018-01-25 18:41:21 UTC;71,14;25,66;527,49;6391924;1673960
2018-01-25 18:41:22 UTC;71,39;25,76;523,08;6391800;1674084
2018-01-25 18:41:23 UTC;71,76;26,06;532,96;6391428;1674456
2018-01-25 18:41:24 UTC;70,85;25,13;526,00;6390684;1675200
2018-01-25 18:41:25 UTC;71,57;25,49;525,31;6390436;1675448
2018-01-25 18:41:26 UTC;71,21;25,78;528,24;6390312;1675572
2018-01-25 18:41:27 UTC;71,68;27,90;528,46;6389536;1676348
2018-01-25 18:41:28 UTC;71,57;25,40;528,21;6389536;1676348
2018-01-25 18:41:29 UTC;71,57;25,79;535,42;6389412;1676472
2018-01-25 18:41:30 UTC;72,59;26,34;520,79;6389256;1676628
2018-01-25 18:41:31 UTC;70,96;25,71;534,13;6389288;1676596
2018-01-25 18:41:32 UTC;71,83;25,95;526,02;6389164;1676720
2018-01-25 18:41:33 UTC;71,79;25,22;531,71;6389040;1676844
2018-01-25 18:41:34 UTC;71,46;26,38;522,36;6388916;1676968
2018-01-25 18:41:35 UTC;72,19;26,13;527,98;6388908;1676976
2018-01-25 18:41:36 UTC;71,39;25,60;532,17;6388784;1677100
2018-01-25 18:41:37 UTC;71,76;25,52;523,59;6388444;1677440
2018-01-25 18:41:38 UTC;71,28;25,37;526,62;6388236;1677648
2018-01-25 18:41:39 UTC;70,78;26,33;530,20;6387312;1678572
2018-01-25 18:41:40 UTC;71,11;25,83;527,31;6387244;1678640
2018-01-25 18:41:41 UTC;71,46;27,14;528,41;6387244;1678640
2018-01-25 18:41:42 UTC;71,46;26,02;534,67;6387212;1678672
2018-01-25 18:41:43 UTC;72,12;26,40;526,61;6387244;1678640
2018-01-25 18:41:44 UTC;70,18;26,41;527,99;6386996;1678888
2018-01-25 18:41:45 UTC;70,78;25,69;530,67;6386376;1679508
2018-01-25 18:41:46 UTC;71,57;25,22;524,57;6386376;1679508
2018-01-25 18:41:47 UTC;71,79;27,85;529,02;6386252;1679632
2018-01-25 18:41:48 UTC;71,83;30,29;535,95;6386284;1679600
2018-01-25 18:41:49 UTC;71,83;25,36;525,38;6386128;1679756
2018-01-25 18:41:50 UTC;72,26;26,72;535,07;6386036;1679848
2018-01-25 18:41:51 UTC;71,21;25,68;527,60;6386004;1679880
2018-01-25 18:41:52 UTC;72,19;25,40;528,65;6386004;1679880
2018-01-25 18:41:53 UTC;72,38;29,23;521,70;6386004;1679880
2018-01-25 18:41:54 UTC;71,11;25,62;528,29;6386004;1679880
2018-01-25 18:41:55 UTC;71,46;25,03;530,13;6385880;1680004
2018-01-25 18:41:56 UTC;71,03;26,55;530,18;6385880;1680004
2018-01-25 18:41:57 UTC;71,57;17,89;529,76;6385540;1680344
2018-01-25 18:41:58 UTC;71,47;53,24;543,99;6385508;1680376
2018-01-25 18:41:59 UTC;70,85;26,13;528,85;6385136;1680748
2018-01-25 18:42:00 UTC;70,71;26,53;532,11;6385136;1680748
2018-01-25 18:42:01 UTC;71,50;26,46;530,54;6385136;1680748
2018-01-25 18:42:02 UTC;70,85;25,17;522,42;6385136;1680748
2018-01-25 18:42:03 UTC;72,12;26,10;533,59;6385012;1680872
2018-01-25 18:42:04 UTC;71,14;26,44;529,14;6385012;1680872
2018-01-25 18:42:05 UTC;71,61;26,07;527,57;6384920;1680964
2018-01-25 18:42:06 UTC;71,76;26,82;521,42;6384888;1680996
2018-01-25 18:42:07 UTC;71,32;25,65;528,16;6384888;1680996
2018-01-25 18:42:08 UTC;71,11;25,57;527,66;6384764;1681120
2018-01-25 18:42:09 UTC;71,76;26,15;535,07;6384640;1681244
2018-01-25 18:42:10 UTC;70,48;32,61;532,08;6382484;1683400
2018-01-25 18:42:11 UTC;68,53;25,07;529,06;6381852;1684032
2018-01-25 18:42:12 UTC;60,10;32,49;545,45;6321088;1744796
2018-01-25 18:42:13 UTC;66,25;27,96;536,23;6340340;1725544
2018-01-25 18:42:14 UTC;68,78;28,01;546,62;6340340;1725544
2018-01-25 18:42:15 UTC;69,70;34,06;537,85;6337952;1727932
2018-01-25 18:42:16 UTC;71,10;26,50;545,86;6337580;1728304
2018-01-25 18:42:17 UTC;67,51;37,41;546,53;6334520;1731364
2018-01-25 18:42:18 UTC;69,04;32,11;558,91;6334920;1730964
2018-01-25 18:42:19 UTC;66,92;39,25;561,99;6333084;1732800
2018-01-25 18:42:20 UTC;67,42;32,77;560,69;6332184;1733700
2018-01-25 18:42:21 UTC;67,42;34,57;571,52;6332804;1733080
2018-01-25 18:42:22 UTC;67,00;30,23;574,71;6332432;1733452
2018-01-25 18:42:23 UTC;66,67;40,68;607,43;6331688;1734196
2018-01-25 18:42:24 UTC;66,58;32,63;594,56;6331068;1734816
2018-01-25 18:42:25 UTC;67,52;28,50;595,24;6330820;1735064
2018-01-25 18:42:26 UTC;65,49;34,70;619,84;6329704;1736180
2018-01-25 18:42:27 UTC;66,41;30,75;608,28;6329364;1736520
2018-01-25 18:42:28 UTC;65,66;36,14;604,20;6327092;1738792
2018-01-25 18:42:29 UTC;64,96;41,36;632,97;6325300;1740584
2018-01-25 18:42:30 UTC;66,58;29,54;614,85;6325828;1740056
2018-01-25 18:42:31 UTC;66,08;31,18;628,52;6325456;1740428
2018-01-25 18:42:32 UTC;63,43;51,95;653,46;6322696;1743188
2018-01-25 18:42:33 UTC;65,14;30,48;625,54;6323608;1742276
2018-01-25 18:42:34 UTC;64,32;39,54;652,04;6322944;1742940
2018-01-25 18:42:35 UTC;64,63;40,70;665,79;6322448;1743436
2018-01-25 18:42:36 UTC;64,72;30,34;639,49;6322200;1743684
2018-01-25 18:42:37 UTC;64,47;31,93;654,27;6321704;1744180
2018-01-25 18:42:38 UTC;64,90;31,34;649,23;6321324;1744560
2018-01-25 18:42:39 UTC;65,06;31,51;640,95;6320956;1744928
2018-01-25 18:42:40 UTC;65,14;32,28;654,50;6320956;1744928
2018-01-25 18:42:41 UTC;65,56;30,94;638,11;6320336;1745548
2018-01-25 18:42:42 UTC;65,48;32,99;658,41;6320088;1745796
2018-01-25 18:42:43 UTC;66,07;31,59;638,79;6319468;1746416
2018-01-25 18:42:44 UTC;64,56;31,34;654,19;6318416;1747468
2018-01-25 18:42:45 UTC;65,31;30,99;642,81;6318352;1747532
2018-01-25 18:42:46 UTC;66,16;29,48;650,96;6318228;1747656
2018-01-25 18:42:47 UTC;65,05;33,56;648,16;6318104;1747780
2018-01-25 18:42:48 UTC;64,41;30,24;648,69;6318104;1747780
2018-01-25 18:42:49 UTC;65,31;31,64;648,88;6318104;1747780
2018-01-25 18:42:50 UTC;65,90;31,85;647,21;6318104;1747780
2018-01-25 18:42:51 UTC;65,40;30,63;639,69;6318104;1747780
2018-01-25 18:42:52 UTC;64,99;31,08;655,44;6317980;1747904
2018-01-25 18:42:53 UTC;65,14;32,01;648,95;6317732;1748152
2018-01-25 18:42:54 UTC;64,90;30,71;642,01;6317732;1748152
2018-01-25 18:42:55 UTC;64,97;31,28;652,63;6317732;1748152
2018-01-25 18:42:56 UTC;65,73;29,94;639,72;6317732;1748152
2018-01-25 18:42:57 UTC;65,06;32,52;655,97;6317608;1748276
2018-01-25 18:42:58 UTC;65,56;31,53;648,38;6317484;1748400
2018-01-25 18:42:59 UTC;65,06;32,19;648,13;6317360;1748524
2018-01-25 18:43:00 UTC;64,65;32,90;646,64;6317304;1748580
2018-01-25 18:43:01 UTC;64,81;30,67;641,94;6317336;1748548
2018-01-25 18:43:02 UTC;66,15;31,60;650,89;6317212;1748672
2018-01-25 18:43:03 UTC;65,99;30,90;650,93;6317212;1748672
2018-01-25 18:43:04 UTC;65,74;31,10;642,84;6317088;1748796
2018-01-25 18:43:05 UTC;65,15;31,51;655,26;6316964;1748920
2018-01-25 18:43:06 UTC;65,82;30,58;645,03;6316872;1749012
2018-01-25 18:43:07 UTC;64,57;32,23;648,12;6316840;1749044
2018-01-25 18:43:08 UTC;65,65;31,00;643,00;6316716;1749168
2018-01-25 18:43:09 UTC;65,73;31,60;652,25;6316532;1749352
2018-01-25 18:43:10 UTC;64,99;32,33;639,52;6316380;1749504
2018-01-25 18:43:11 UTC;66,07;30,34;657,14;6316408;1749476
2018-01-25 18:43:12 UTC;65,98;35,91;649,85;6316408;1749476
2018-01-25 18:43:13 UTC;64,39;30,93;646,45;6315788;1750096
2018-01-25 18:43:14 UTC;65,73;31,07;638,97;6315696;1750188
2018-01-25 18:43:15 UTC;64,56;32,05;658,98;6316900;1748984
2018-01-25 18:43:16 UTC;65,32;30,30;644,07;6316904;1748980
2018-01-25 18:43:17 UTC;64,97;32,29;645,97;6316780;1749104
2018-01-25 18:43:18 UTC;64,99;30,99;646,85;6316656;1749228
2018-01-25 18:43:19 UTC;65,24;31,23;652,21;6316656;1749228
2018-01-25 18:43:20 UTC;64,90;30,38;648,30;6315808;1750076
2018-01-25 18:43:21 UTC;63,89;38,02;649,80;6313624;1752260
2018-01-25 18:43:22 UTC;64,10;35,17;649,82;6314756;1751128
2018-01-25 18:43:23 UTC;66,15;31,28;647,66;6314764;1751120
2018-01-25 18:43:24 UTC;65,98;31,37;643,76;6314888;1750996
2018-01-25 18:43:25 UTC;64,82;30,33;652,70;6314888;1750996
2018-01-25 18:43:26 UTC;65,64;33,35;646,34;6314888;1750996
2018-01-25 18:43:27 UTC;65,32;32,72;648,95;6314640;1751244
2018-01-25 18:43:28 UTC;63,96;41,03;661,80;6312812;1753072
2018-01-25 18:43:29 UTC;62,94;39,29;670,65;6311912;1753972
2018-01-25 18:43:30 UTC;62,92;40,48;658,44;6311856;1754028
2018-01-25 18:43:31 UTC;61,87;37,35;691,69;6311880;1754004
2018-01-25 18:43:32 UTC;63,24;37,29;678,87;6310848;1755036
2018-01-25 18:43:33 UTC;61,15;39,40;678,14;6309120;1756764
2018-01-25 18:43:34 UTC;62,98;39,46;696,01;6309492;1756392
2018-01-25 18:43:35 UTC;61,77;39,19;738,12;6308628;1757256
2018-01-25 18:43:36 UTC;61,11;36,42;707,12;6308500;1757384
2018-01-25 18:43:37 UTC;62,78;18,43;698,26;6308128;1757756
2018-01-25 18:43:38 UTC;62,44;24,68;700,71;6307880;1758004
2018-01-25 18:43:39 UTC;60,35;29,59;701,96;6305476;1760408
2018-01-25 18:43:40 UTC;58,29;87,54;730,23;6304624;1761260
2018-01-25 18:43:41 UTC;59,90;37,97;750,21;6304748;1761136
2018-01-25 18:43:42 UTC;57,00;45,50;726,84;6304284;1761600
2018-01-25 18:43:43 UTC;57,54;15,17;724,64;6304004;1761880
2018-01-25 18:43:44 UTC;52,28;70,70;711,31;6298144;1767740
2018-01-25 18:43:45 UTC;53,62;41,01;646,32;6291124;1774760
2018-01-25 18:43:46 UTC;54,16;28,82;620,98;6282320;1783564
2018-01-25 18:43:47 UTC;54,31;44,08;674,92;6277236;1788648
2018-01-25 18:43:48 UTC;54,10;39,58;645,33;6267656;1798228
2018-01-25 18:43:49 UTC;53,83;37,41;715,47;6264232;1801652
2018-01-25 18:43:50 UTC;53,32;30,67;777,84;6265284;1800600
2018-01-25 18:43:51 UTC;53,55;38,85;753,74;6264852;1801032
2018-01-25 18:43:52 UTC;51,26;43,58;888,95;6270552;1795332
2018-01-25 18:43:53 UTC;51,65;22,37;945,73;6282988;1782896
2018-01-25 18:43:54 UTC;50,38;35,01;905,94;6294612;1771272
2018-01-25 18:43:55 UTC;58,16;39,40;779,49;6295508;1770376
2018-01-25 18:43:56 UTC;57,36;73,38;775,48;6295136;1770748
2018-01-25 18:43:57 UTC;59,49;26,50;764,77;6294920;1770964
2018-01-25 18:43:58 UTC;58,38;50,25;820,61;6294888;1770996
2018-01-25 18:43:59 UTC;57,51;50,44;808,74;6294516;1771368
2018-01-25 18:44:00 UTC;54,06;51,16;844,28;6294268;1771616
2018-01-25 18:44:01 UTC;53,44;50,57;734,55;6286612;1779272
2018-01-25 18:44:02 UTC;53,18;93,25;662,41;6272320;1793564
2018-01-25 18:44:03 UTC;55,03;36,18;558,45;6257440;1808444
2018-01-25 18:44:04 UTC;56,49;38,38;524,91;6238316;1827568
2018-01-25 18:44:05 UTC;56,68;37,23;456,57;6215624;1850260
2018-01-25 18:44:06 UTC;57,00;36,08;463,93;6193208;1872676
2018-01-25 18:44:07 UTC;56,57;38,05;477,73;6172500;1893384
2018-01-25 18:44:08 UTC;56,64;36,42;458,07;6149504;1916380
2018-01-25 18:44:09 UTC;56,03;36,79;480,91;6129272;1936612
2018-01-25 18:44:10 UTC;56,17;38,19;490,86;6109136;1956748
2018-01-25 18:44:11 UTC;57,07;36,64;453,77;6085612;1980272
2018-01-25 18:44:12 UTC;56,96;38,32;452,63;6062656;2003228
2018-01-25 18:44:13 UTC;57,07;37,06;458,69;6040008;2025876
2018-01-25 18:44:14 UTC;56,57;34,43;465,40;6018776;2047108
2018-01-25 18:44:15 UTC;55,58;40,39;546,20;6003772;2062112
2018-01-25 18:44:16 UTC;57,07;23,26;483,85;5982472;2083412
2018-01-25 18:44:17 UTC;56,35;57,23;501,85;5960400;2105484
2018-01-25 18:44:18 UTC;57,14;35,66;468,05;5937832;2128052
2018-01-25 18:44:19 UTC;55,05;37,56;614,18;5923868;2142016
2018-01-25 18:44:20 UTC;52,94;53,36;800,62;5925600;2140284
2018-01-25 18:44:21 UTC;53,28;30,04;783,11;5926884;2139000
2018-01-25 18:44:22 UTC;54,73;38,27;688,62;5921828;2144056
2018-01-25 18:44:23 UTC;51,89;42,41;827,57;5925144;2140740
2018-01-25 18:44:24 UTC;53,69;35,88;769,45;5926084;2139800
2018-01-25 18:44:25 UTC;56,49;38,83;520,70;5908568;2157316
2018-01-25 18:44:26 UTC;52,63;42,91;640,22;5896228;2169656
2018-01-25 18:44:27 UTC;53,40;42,63;638,48;5885316;2180568
2018-01-25 18:44:28 UTC;55,84;36,88;558,20;5870528;2195356
2018-01-25 18:44:29 UTC;53,67;36,40;632,63;5859524;2206360
2018-01-25 18:44:30 UTC;53,30;39,64;749,02;5856900;2208984
2018-01-25 18:44:31 UTC;53,57;36,84;761,72;5855684;2210200
2018-01-25 18:44:32 UTC;51,77;39,18;855,91;5859104;2206780
2018-01-25 18:44:33 UTC;51,39;36,69;901,62;5866100;2199784
2018-01-25 18:44:34 UTC;51,02;35,18;938,52;5875528;2190356
2018-01-25 18:44:35 UTC;50,64;38,20;936,28;5887044;2178840
2018-01-25 18:44:36 UTC;51,02;43,92;950,19;5896392;2169492
2018-01-25 18:44:37 UTC;50,51;49,96;969,12;5906368;2159516
2018-01-25 18:44:38 UTC;50,38;51,22;956,64;5915708;2150176
2018-01-25 18:44:39 UTC;50,00;44,67;971,00;5926812;2139072
2018-01-25 18:44:40 UTC;50,38;49,59;975,95;5935544;2130340
2018-01-25 18:44:41 UTC;50,38;50,95;968,43;5945800;2120084
2018-01-25 18:44:42 UTC;50,63;47,64;975,62;5957616;2108268
2018-01-25 18:44:43 UTC;49,75;52,36;985,99;5970200;2095684
2018-01-25 18:44:44 UTC;50,13;48,36;981,64;5981748;2084136
2018-01-25 18:44:45 UTC;49,74;47,06;984,48;5993908;2071976
2018-01-25 18:44:46 UTC;49,49;50,15;1007,06;6006244;2059640
2018-01-25 18:44:47 UTC;48,99;44,38;986,31;6019556;2046328
2018-01-25 18:44:48 UTC;49,75;46,46;996,26;6032648;2033236
2018-01-25 18:44:49 UTC;49,37;45,82;1000,93;6046340;2019544
2018-01-25 18:44:50 UTC;47,72;65,76;1007,99;6055752;2010132
2018-01-25 18:44:51 UTC;48,60;49,53;1013,22;6067904;1997980
2018-01-25 18:44:52 UTC;47,72;66,32;964,56;6076136;1989748
2018-01-25 18:44:53 UTC;47,73;60,97;975,92;6085496;1980388
2018-01-25 18:44:54 UTC;48,99;50,42;911,88;6091832;1974052
2018-01-25 18:44:55 UTC;48,11;47,44;886,76;6096028;1969856
2018-01-25 18:44:56 UTC;48,48;43,81;953,92;6106052;1959832
2018-01-25 18:44:57 UTC;47,07;59,06;936,03;6109148;1956736
2018-01-25 18:44:58 UTC;47,33;55,10;974,86;6119444;1946440
2018-01-25 18:44:59 UTC;47,09;57,52;1003,59;6129624;1936260
2018-01-25 18:45:00 UTC;47,70;50,84;1014,62;6139724;1926160
2018-01-25 18:45:01 UTC;48,07;39,36;962,16;6144716;1921168
2018-01-25 18:45:02 UTC;47,37;64,98;959,54;6153240;1912644
2018-01-25 18:45:03 UTC;46,95;50,51;1005,68;6160588;1905296
2018-01-25 18:45:04 UTC;45,15;75,89;998,57;6164480;1901404
2018-01-25 18:45:05 UTC;44,14;69,91;1034,58;6168524;1897360
2018-01-25 18:45:06 UTC;47,31;39,98;991,14;6174796;1891088
2018-01-25 18:45:07 UTC;46,84;41,97;1020,00;6180472;1885412
2018-01-25 18:45:08 UTC;46,85;34,13;1002,18;6186492;1879392
2018-01-25 18:45:09 UTC;46,82;58,58;1008,16;6192828;1873056
2018-01-25 18:45:10 UTC;39,39;60,82;952,17;6178948;1886936
2018-01-25 18:45:11 UTC;46,56;44,23;1002,79;6184268;1881616
2018-01-25 18:45:12 UTC;47,07;45,48;994,78;6189544;1876340
2018-01-25 18:45:13 UTC;47,33;56,39;1019,96;6195744;1870140
2018-01-25 18:45:14 UTC;47,47;47,50;1013,98;6201540;1864344
2018-01-25 18:45:15 UTC;47,58;46,57;1012,75;6208276;1857608
2018-01-25 18:45:16 UTC;47,85;43,89;996,51;6215124;1850760
2018-01-25 18:45:17 UTC;47,36;46,86;1018,59;6222260;1843624
2018-01-25 18:45:18 UTC;47,84;44,08;990,94;6228124;1837760
2018-01-25 18:45:19 UTC;47,61;43,77;982,73;6234652;1831232
2018-01-25 18:45:20 UTC;48,22;47,94;1002,56;6241288;1824596
2018-01-25 18:45:21 UTC;51,52;39,17;964,22;6241164;1824720
2018-01-25 18:45:22 UTC;51,26;38,73;926,81;6241164;1824720
2018-01-25 18:45:23 UTC;51,15;59,57;965,98;6241164;1824720
2018-01-25 18:45:24 UTC;51,77;43,76;737,80;6228516;1837368
2018-01-25 18:45:25 UTC;51,02;46,61;801,15;6218660;1847224
2018-01-25 18:45:26 UTC;51,15;44,29;852,33;6214440;1851444
2018-01-25 18:45:27 UTC;53,54;45,80;577,99;6189504;1876380
2018-01-25 18:45:28 UTC;51,26;46,00;773,12;6177344;1888540
2018-01-25 18:45:29 UTC;49,49;44,06;977,96;6179656;1886228
2018-01-25 18:45:30 UTC;53,30;48,53;632,46;6160908;1904976
2018-01-25 18:45:31 UTC;53,92;45,72;583,78;6136260;1929624
2018-01-25 18:45:32 UTC;48,48;44,26;960,28;6136276;1929608
2018-01-25 18:45:33 UTC;48,86;46,96;936,99;6138460;1927424
2018-01-25 18:45:34 UTC;52,27;42,43;648,43;6119120;1946764
2018-01-25 18:45:35 UTC;50,52;47,90;880,25;6113780;1952104
2018-01-25 18:45:36 UTC;48,35;45,21;963,99;6116876;1949008
2018-01-25 18:45:37 UTC;49,87;44,59;835,44;6110964;1954920
2018-01-25 18:45:38 UTC;48,73;44,27;952,59;6111808;1954076
2018-01-25 18:45:39 UTC;48,98;45,88;1022,11;6116716;1949168
2018-01-25 18:45:40 UTC;47,84;49,81;1048,90;6120616;1945268
2018-01-25 18:45:41 UTC;50,25;50,82;799,43;6114400;1951484
2018-01-25 18:45:42 UTC;51,63;42,89;686,71;6097728;1968156
2018-01-25 18:45:43 UTC;50,00;48,54;856,26;6091932;1973952
2018-01-25 18:45:44 UTC;51,26;42,68;730,07;6078260;1987624
2018-01-25 18:45:45 UTC;52,19;43,66;723,42;6062788;2003096
2018-01-25 18:45:46 UTC;53,15;44,09;551,10;6035580;2030304
2018-01-25 18:45:47 UTC;53,94;45,05;556,42;6009564;2056320
2018-01-25 18:45:48 UTC;53,28;49,07;549,28;5981292;2084592
2018-01-25 18:45:49 UTC;50,00;43,33;868,50;5975240;2090644
2018-01-25 18:45:50 UTC;52,56;44,37;675,71;5958000;2107884
2018-01-25 18:45:51 UTC;48,97;47,39;1003,78;5961820;2104064
2018-01-25 18:45:52 UTC;48,35;43,32;1020,29;5967276;2098608
2018-01-25 18:45:53 UTC;48,73;48,40;911,06;5969536;2096348
2018-01-25 18:45:54 UTC;48,59;43,39;1004,79;5972228;2093656
2018-01-25 18:45:55 UTC;50,63;45,04;789,39;5965048;2100836
2018-01-25 18:45:56 UTC;49,24;45,87;892,99;5962696;2103188
2018-01-25 18:45:57 UTC;49,49;36,01;932,48;5962288;2103596
2018-01-25 18:45:58 UTC;46,88;77,58;990,76;5963796;2102088
2018-01-25 18:45:59 UTC;49,74;46,40;885,57;5961108;2104776
2018-01-25 18:46:00 UTC;48,34;45,71;1002,01;5964124;2101760
2018-01-25 18:46:01 UTC;48,60;54,22;900,53;5961736;2104148
2018-01-25 18:46:02 UTC;49,87;51,00;753,94;5949168;2116716
2018-01-25 18:46:03 UTC;51,41;48,44;738,47;5935508;2130376
2018-01-25 18:46:04 UTC;48,74;50,12;758,61;5920996;2144888
2018-01-25 18:46:05 UTC;50,51;45,37;774,85;5908500;2157384
2018-01-25 18:46:06 UTC;48,98;54,94;858,24;5901556;2164328
2018-01-25 18:46:07 UTC;49,49;44,29;869,07;5896668;2169216
2018-01-25 18:46:08 UTC;46,17;59,89;958,30;5892872;2173012
2018-01-25 18:46:09 UTC;45,82;54,68;1020,97;5895176;2170708
2018-01-25 18:46:10 UTC;46,94;47,56;973,05;5895440;2170444
2018-01-25 18:46:11 UTC;45,11;58,03;1022,71;5895672;2170212
2018-01-25 18:46:12 UTC;47,21;47,97;1025,00;5898776;2167108
2018-01-25 18:46:13 UTC;42,25;84,08;1058,77;5895992;2169892
2018-01-25 18:46:14 UTC;45,94;48,17;1020,84;5897564;2168320
2018-01-25 18:46:15 UTC;46,06;38,61;1014,80;5897640;2168244
2018-01-25 18:46:16 UTC;46,68;51,66;1023,09;5897516;2168368
2018-01-25 18:46:17 UTC;46,06;57,67;1025,29;5896972;2168912
2018-01-25 18:46:18 UTC;46,23;46,40;1026,36;5898452;2167432
2018-01-25 18:46:19 UTC;42,13;83,77;1046,53;5895768;2170116
2018-01-25 18:46:20 UTC;43,00;71,15;1074,17;5894524;2171360
2018-01-25 18:46:21 UTC;44,39;66,42;1044,69;5893088;2172796
2018-01-25 18:46:22 UTC;45,41;54,59;1020,28;5888996;2176888
2018-01-25 18:46:23 UTC;45,06;52,84;1027,77;5885988;2179896
2018-01-25 18:46:24 UTC;44,78;56,63;1026,28;5882916;2182968
2018-01-25 18:46:25 UTC;45,04;51,01;1030,68;5879760;2186124
2018-01-25 18:46:26 UTC;44,56;54,92;1038,47;5876320;2189564
2018-01-25 18:46:27 UTC;45,80;50,06;1031,70;5872008;2193876
2018-01-25 18:46:28 UTC;45,43;53,43;1040,11;5869796;2196088
2018-01-25 18:46:29 UTC;46,04;53,12;1037,64;5868036;2197848
2018-01-25 18:46:30 UTC;46,31;52,34;1057,80;5865280;2200604
2018-01-25 18:46:31 UTC;46,41;52,09;1036,72;5863072;2202812
2018-01-25 18:46:32 UTC;46,31;54,31;1049,92;5861144;2204740
2018-01-25 18:46:33 UTC;45,94;50,56;1045,02;5857576;2208308
2018-01-25 18:46:34 UTC;45,82;52,00;1067,67;5854568;2211316
2018-01-25 18:46:35 UTC;46,41;59,22;1033,30;5851872;2214012
2018-01-25 18:46:36 UTC;45,84;54,26;1041,10;5849584;2216300
2018-01-25 18:46:37 UTC;46,68;50,36;1010,04;5845520;2220364
2018-01-25 18:46:38 UTC;45,84;55,25;1034,10;5841876;2224008
2018-01-25 18:46:39 UTC;46,43;49,37;1028,18;5838232;2227652
2018-01-25 18:46:40 UTC;45,04;53,17;1027,66;5831236;2234648
2018-01-25 18:46:41 UTC;45,71;54,55;1031,74;5830252;2235632
2018-01-25 18:46:42 UTC;46,48;50,25;1035,27;5828060;2237824
2018-01-25 18:46:43 UTC;46,53;55,74;1026,51;5824152;2241732
2018-01-25 18:46:44 UTC;46,45;51,74;1012,84;5820144;2245740
2018-01-25 18:46:45 UTC;45,36;51,79;1019,05;5815880;2250004
2018-01-25 18:46:46 UTC;46,45;53,59;1028,70;5811396;2254488
2018-01-25 18:46:47 UTC;45,94;50,94;1015,43;5809868;2256016
2018-01-25 18:46:48 UTC;46,33;55,00;1041,73;5807756;2258128
2018-01-25 18:46:49 UTC;46,33;50,94;1017,06;5804016;2261868
2018-01-25 18:46:50 UTC;46,21;53,02;1012,87;5799396;2266488
2018-01-25 18:46:51 UTC;46,08;53,93;1038,85;5795916;2269968
2018-01-25 18:46:52 UTC;46,10;51,06;1027,56;5792580;2273304
2018-01-25 18:46:53 UTC;45,45;55,50;1043,67;5791660;2274224
2018-01-25 18:46:54 UTC;46,10;49,79;1038,54;5789924;2275960
2018-01-25 18:46:55 UTC;46,31;52,20;1018,74;5786828;2279056
2018-01-25 18:46:56 UTC;46,08;53,30;1038,52;5784404;2281480
2018-01-25 18:46:57 UTC;45,94;50,75;1051,14;5782000;2283884
2018-01-25 18:46:58 UTC;46,19;54,87;1037,41;5778556;2287328
2018-01-25 18:46:59 UTC;45,84;51,07;1060,01;5776860;2289024
2018-01-25 18:47:00 UTC;46,29;53,62;1031,66;5776732;2289152
2018-01-25 18:47:01 UTC;46,56;54,37;1060,48;5775164;2290720
2018-01-25 18:47:02 UTC;46,68;50,65;1039,34;5773560;2292324
2018-01-25 18:47:03 UTC;46,53;56,49;1046,35;5771604;2294280
2018-01-25 18:47:04 UTC;46,80;51,14;1024,84;5768436;2297448
2018-01-25 18:47:05 UTC;45,64;53,31;1050,02;5765900;2299984
2018-01-25 18:47:06 UTC;46,55;52,87;1054,10;5763676;2302208
2018-01-25 18:47:07 UTC;46,19;50,78;1044,11;5764040;2301844
2018-01-25 18:47:08 UTC;46,70;45,90;1095,48;5763264;2302620
2018-01-25 18:47:09 UTC;45,75;61,23;1049,51;5762276;2303608
2018-01-25 18:47:10 UTC;46,19;52,67;1050,86;5760892;2304992
2018-01-25 18:47:11 UTC;46,31;53,66;1060,84;5758688;2307196
2018-01-25 18:47:12 UTC;45,98;52,80;1044,16;5755712;2310172
2018-01-25 18:47:13 UTC;43,58;60,73;1045,12;5751104;2314780
2018-01-25 18:47:14 UTC;45,96;52,50;1030,35;5752276;2313608
2018-01-25 18:47:15 UTC;45,41;60,90;1080,44;5749124;2316760
2018-01-25 18:47:16 UTC;46,31;54,29;1048,76;5748896;2316988
2018-01-25 18:47:17 UTC;46,27;56,91;1051,68;5745856;2320028
2018-01-25 18:47:18 UTC;45,69;53,25;1043,68;5741420;2324464
2018-01-25 18:47:19 UTC;43,33;68,57;1051,95;5733592;2332292
2018-01-25 18:47:20 UTC;44,33;55,70;1052,17;5731428;2334456
2018-01-25 18:47:21 UTC;43,58;65,11;1090,91;5727172;2338712
2018-01-25 18:47:22 UTC;45,29;56,15;1038,56;5724816;2341068
2018-01-25 18:47:23 UTC;43,77;60,27;1061,23;5718060;2347824
2018-01-25 18:47:24 UTC;43,51;65,36;1076,42;5713152;2352732
2018-01-25 18:47:25 UTC;44,30;55,07;1056,72;5709804;2356080
2018-01-25 18:47:26 UTC;44,70;57,05;1057,19;5703564;2362320
2018-01-25 18:47:27 UTC;46,13;54,88;1059,69;5697108;2368776
2018-01-25 18:47:28 UTC;43,00;76,38;1082,29;5688356;2377528
2018-01-25 18:47:29 UTC;43,07;66,73;1067,92;5682408;2383476
2018-01-25 18:47:30 UTC;44,27;58,51;1042,20;5674840;2391044
2018-01-25 18:47:31 UTC;43,54;55,90;1057,85;5666632;2399252
2018-01-25 18:47:32 UTC;44,27;59,69;1046,67;5660032;2405852
2018-01-25 18:47:33 UTC;44,08;58,71;1061,17;5653288;2412596
2018-01-25 18:47:34 UTC;44,64;57,41;1058,64;5644988;2420896
2018-01-25 18:47:35 UTC;44,78;56,05;1053,17;5636184;2429700
2018-01-25 18:47:36 UTC;45,01;58,39;1049,27;5628248;2437636
2018-01-25 18:47:37 UTC;39,44;92,31;1094,48;5614732;2451152
2018-01-25 18:47:38 UTC;44,10;56,08;1053,55;5606204;2459680
2018-01-25 18:47:39 UTC;41,16;78,21;1079,82;5593244;2472640
2018-01-25 18:47:40 UTC;41,73;58,65;1061,52;5583460;2482424
2018-01-25 18:47:41 UTC;42,97;71,15;1074,28;5572636;2493248
2018-01-25 18:47:42 UTC;43,00;60,00;1064,08;5560820;2505064
2018-01-25 18:47:43 UTC;43,26;63,30;1052,18;5550124;2515760
2018-01-25 18:47:44 UTC;43,56;59,43;1070,39;5537848;2528036
2018-01-25 18:47:45 UTC;43,58;59,21;1049,10;5526316;2539568
2018-01-25 18:47:46 UTC;44,87;61,07;1071,70;5516112;2549772
2018-01-25 18:47:47 UTC;43,69;59,49;1059,04;5504988;2560896
2018-01-25 18:47:48 UTC;44,16;61,46;1078,58;5493208;2572676
2018-01-25 18:47:49 UTC;43,54;60,57;1069,21;5482780;2583104
2018-01-25 18:47:50 UTC;44,36;60,01;1058,30;5472332;2593552
2018-01-25 18:47:51 UTC;44,02;60,77;1064,42;5460884;2605000
2018-01-25 18:47:52 UTC;44,05;59,03;1067,50;5449876;2616008
2018-01-25 18:47:53 UTC;43,69;59,94;1070,95;5438772;2627112
2018-01-25 18:47:54 UTC;44,36;59,02;1076,36;5426992;2638892
2018-01-25 18:47:55 UTC;44,87;50,67;1059,67;5415088;2650796
2018-01-25 18:47:56 UTC;43,07;73,55;1086,36;5403432;2662452
2018-01-25 18:47:57 UTC;44,30;52,92;1052,06;5391652;2674232
2018-01-25 18:47:58 UTC;43,73;91,51;1117,47;5383320;2682564
2018-01-25 18:47:59 UTC;44,94;64,54;1067,52;5371440;2694444
2018-01-25 18:48:00 UTC;43,94;58,67;1064,63;5359784;2706100
2018-01-25 18:48:01 UTC;45,41;61,38;1056,73;5347384;2718500
2018-01-25 18:48:02 UTC;46,04;58,97;1017,50;5334568;2731316
2018-01-25 18:48:03 UTC;45,32;60,95;1029,32;5321216;2744668
2018-01-25 18:48:04 UTC;45,09;59,22;1037,64;5307696;2758188
2018-01-25 18:48:05 UTC;46,41;57,12;1017,39;5294020;2771864
2018-01-25 18:48:06 UTC;45,34;62,02;1028,46;5280272;2785612
2018-01-25 18:48:07 UTC;45,92;58,98;1047,51;5266444;2799440
2018-01-25 18:48:08 UTC;46,29;61,26;1028,83;5251784;2814100
2018-01-25 18:48:09 UTC;37,76;60,93;980,84;5200724;2865160
2018-01-25 18:48:10 UTC;38,32;59,07;962,04;5188520;2877364
2018-01-25 18:48:11 UTC;45,69;61,90;1036,57;5175024;2890860
2018-01-25 18:48:12 UTC;44,92;59,18;1015,95;5164544;2901340
2018-01-25 18:48:13 UTC;46,27;60,88;1011,62;5150316;2915568
2018-01-25 18:48:14 UTC;45,94;60,78;1033,23;5136924;2928960
2018-01-25 18:48:15 UTC;44,22;56,78;1058,08;5127716;2938168
2018-01-25 18:48:16 UTC;44,47;61,21;1040,95;5114572;2951312
2018-01-25 18:48:17 UTC;46,27;59,47;1041,35;5101952;2963932
2018-01-25 18:48:18 UTC;45,01;60,31;1083,42;5091536;2974348
2018-01-25 18:48:19 UTC;44,36;61,35;1065,29;5080940;2984944
2018-01-25 18:48:20 UTC;44,67;58,25;1066,39;5069340;2996544
2018-01-25 18:48:21 UTC;44,30;61,43;1073,91;5058180;3007704
2018-01-25 18:48:22 UTC;43,77;64,21;1059,06;5069960;2995924
2018-01-25 18:48:23 UTC;42,53;71,19;1085,46;5058924;3006960
2018-01-25 18:48:24 UTC;44,53;61,66;1058,30;5047392;3018492
2018-01-25 18:48:25 UTC;44,25;60,06;1073,77;5034496;3031388
2018-01-25 18:48:26 UTC;44,64;63,42;1059,93;5022592;3043292
2018-01-25 18:48:27 UTC;43,32;60,93;1065,80;5014992;3050892
2018-01-25 18:48:28 UTC;44,10;61,46;1066,75;5002628;3063256
2018-01-25 18:48:29 UTC;43,91;61,75;1085,09;4990724;3075160
2018-01-25 18:48:30 UTC;44,87;58,24;1066,70;4978024;3087860
2018-01-25 18:48:31 UTC;44,30;62,17;1065,26;4968024;3097860
2018-01-25 18:48:32 UTC;44,05;61,11;1052,71;4956004;3109880
2018-01-25 18:48:33 UTC;43,88;65,65;1086,64;4945092;3120792
2018-01-25 18:48:34 UTC;42,60;67,35;1061,16;4930212;3135672
2018-01-25 18:48:35 UTC;44,50;59,70;1065,45;4919876;3146008
2018-01-25 18:48:36 UTC;43,65;68,34;1090,47;4908192;3157692
2018-01-25 18:48:37 UTC;44,27;64,15;1090,16;4895960;3169924
2018-01-25 18:48:38 UTC;43,59;69,61;1083,56;4881144;3184740
2018-01-25 18:48:39 UTC;43,11;64,95;1068,82;4869288;3196596
2018-01-25 18:48:40 UTC;43,40;59,56;1062,92;4856556;3209328
2018-01-25 18:48:41 UTC;41,56;79,41;1089,75;4839784;3226100
2018-01-25 18:48:42 UTC;42,75;66,40;1100,77;4826424;3239460
2018-01-25 18:48:43 UTC;42,71;72,45;1078,25;4809280;3256604
2018-01-25 18:48:44 UTC;42,17;65,40;1063,28;4795020;3270864
2018-01-25 18:48:45 UTC;43,04;64,45;1073,75;4784896;3280988
2018-01-25 18:48:46 UTC;42,09;72,98;1117,93;4771012;3294872
2018-01-25 18:48:47 UTC;42,82;62,46;1064,85;4754504;3311380
2018-01-25 18:48:48 UTC;41,67;77,74;1127,17;4739316;3326568
2018-01-25 18:48:49 UTC;42,86;66,55;1076,77;4722328;3343556
2018-01-25 18:48:50 UTC;42,56;62,11;1073,33;4709008;3356876
2018-01-25 18:48:51 UTC;42,86;67,22;1071,50;4692568;3373316
2018-01-25 18:48:52 UTC;43,59;63,99;1077,89;4675828;3390056
2018-01-25 18:48:53 UTC;42,93;65,22;1093,54;4661424;3404460
2018-01-25 18:48:54 UTC;43,37;64,29;1086,25;4645448;3420436
2018-01-25 18:48:55 UTC;44,07;62,22;1072,39;4630172;3435712
2018-01-25 18:48:56 UTC;43,11;66,46;1093,68;4615600;3450284
2018-01-25 18:48:57 UTC;42,60;63,95;1103,89;4600504;3465380
2018-01-25 18:48:58 UTC;43,11;64,87;1086,99;4584240;3481644
2018-01-25 18:48:59 UTC;41,28;81,06;1090,15;4563676;3502208
2018-01-25 18:49:00 UTC;39,39;87,96;1097,23;4545708;3520176
2018-01-25 18:49:01 UTC;41,69;67,53;1072,08;4529836;3536048
2018-01-25 18:49:02 UTC;41,67;64,33;1084,88;4511608;3554276
2018-01-25 18:49:03 UTC;39,13;97,69;1148,88;4490404;3575480
2018-01-25 18:49:04 UTC;42,09;66,90;1102,60;4470656;3595228
2018-01-25 18:49:05 UTC;42,75;65,54;1083,65;4450352;3615532
2018-01-25 18:49:06 UTC;41,77;69,43;1074,30;4430140;3635744
2018-01-25 18:49:07 UTC;41,12;68,05;1086,17;4415224;3650660
2018-01-25 18:49:08 UTC;41,37;68,91;1097,98;4396164;3669720
2018-01-25 18:49:09 UTC;41,52;67,77;1094,76;4376324;3689560
2018-01-25 18:49:10 UTC;42,86;64,98;1090,32;4356856;3709028
2018-01-25 18:49:11 UTC;42,20;69,69;1098,65;4337264;3728620
2018-01-25 18:49:12 UTC;43,08;66,93;1100,86;4316680;3749204
2018-01-25 18:49:13 UTC;41,62;72,02;1082,17;4299672;3766212
2018-01-25 18:49:14 UTC;41,67;67,54;1084,25;4279772;3786112
2018-01-25 18:49:15 UTC;42,17;67,21;1101,07;4259684;3806200
2018-01-25 18:49:16 UTC;42,60;67,77;1088,94;4238976;3826908
2018-01-25 18:49:17 UTC;42,13;66,96;1073,84;4219948;3845936
2018-01-25 18:49:18 UTC;42,39;68,86;1070,65;4199544;3866340
2018-01-25 18:49:19 UTC;41,98;67,66;1089,96;4179720;3886164
2018-01-25 18:49:20 UTC;42,28;65,50;1070,13;4158872;3907012
2018-01-25 18:49:21 UTC;42,39;68,64;1072,97;4138940;3926944
2018-01-25 18:49:22 UTC;42,49;65,51;1091,31;4119672;3946212
2018-01-25 18:49:23 UTC;42,67;69,98;1070,44;4098952;3966932
2018-01-25 18:49:24 UTC;43,22;67,63;1096,45;4078644;3987240
2018-01-25 18:49:25 UTC;42,97;63,83;1060,70;4057564;4008320
2018-01-25 18:49:26 UTC;43,41;67,89;1093,90;4037104;4028780
2018-01-25 18:49:27 UTC;42,49;66,20;1073,13;4016520;4049364
2018-01-25 18:49:28 UTC;42,82;70,80;1095,65;3995688;4070196
2018-01-25 18:49:29 UTC;42,86;68,78;1081,73;3974888;4090996
2018-01-25 18:49:30 UTC;43,00;65,63;1065,05;3954024;4111860
2018-01-25 18:49:31 UTC;42,49;65,70;1077,35;3933596;4132288
2018-01-25 18:49:32 UTC;43,29;69,69;1100,48;3913104;4152780
2018-01-25 18:49:33 UTC;41,90;69,08;1073,86;3891808;4174076
2018-01-25 18:49:34 UTC;40,55;73,82;1074,55;3868060;4197824
2018-01-25 18:49:35 UTC;41,43;75,09;1096,90;3847724;4218160
2018-01-25 18:49:36 UTC;42,53;68,74;1089,93;3826272;4239612
2018-01-25 18:49:37 UTC;42,64;66,73;1087,65;3813188;4252696
2018-01-25 18:49:38 UTC;42,42;69,14;1070,61;3792296;4273588
2018-01-25 18:49:39 UTC;42,75;68,86;1080,29;3770224;4295660
2018-01-25 18:49:40 UTC;43,08;67,98;1095,39;3749020;4316864
2018-01-25 18:49:41 UTC;42,35;70,09;1094,91;3727568;4338316
2018-01-25 18:49:42 UTC;42,53;67,15;1080,30;3706240;4359644
2018-01-25 18:49:43 UTC;42,39;68,64;1086,92;3684292;4381592
2018-01-25 18:49:44 UTC;40,00;83,04;1103,77;3663512;4402372
2018-01-25 18:49:45 UTC;42,09;70,15;1084,33;3642132;4423752
2018-01-25 18:49:46 UTC;42,42;70,02;1080,61;3620680;4445204
2018-01-25 18:49:47 UTC;41,52;67,26;1102,94;3599600;4466284
2018-01-25 18:49:48 UTC;42,24;68,88;1106,51;3577900;4487984
2018-01-25 18:49:49 UTC;41,67;71,80;1101,89;3559896;4505988
2018-01-25 18:49:50 UTC;42,17;67,86;1089,18;3538468;4527416
2018-01-25 18:49:51 UTC;42,35;72,26;1098,04;3517296;4548588
2018-01-25 18:49:52 UTC;42,56;66,38;1099,73;3498272;4567612
2018-01-25 18:49:53 UTC;41,98;71,26;1101,92;3478056;4587828
2018-01-25 18:49:54 UTC;40,87;75,11;1111,16;3454240;4611644
2018-01-25 18:49:55 UTC;40,46;79,11;1109,68;3432044;4633840
2018-01-25 18:49:56 UTC;41,18;73,97;1111,74;3412488;4653396
2018-01-25 18:49:57 UTC;42,24;59,77;1123,72;3392704;4673180
2018-01-25 18:49:58 UTC;40,70;98,47;1169,33;3372616;4693268
2018-01-25 18:49:59 UTC;41,07;75,03;1133,10;3351040;4714844
2018-01-25 18:50:00 UTC;39,29;80,06;1134,56;3326116;4739768
2018-01-25 18:50:01 UTC;41,18;76,42;1113,17;3305532;4760352
2018-01-25 18:50:02 UTC;41,52;68,29;1114,82;3283460;4782424
2018-01-25 18:50:03 UTC;41,94;71,69;1126,87;3262876;4803008
2018-01-25 18:50:04 UTC;40,97;70,73;1127,23;3240060;4825824
2018-01-25 18:50:05 UTC;41,52;69,53;1112,15;3217740;4848144
2018-01-25 18:50:06 UTC;39,29;85,25;1137,30;3191080;4874804
2018-01-25 18:50:07 UTC;40,15;71,28;1101,64;3169260;4896624
2018-01-25 18:50:08 UTC;41,12;70,78;1118,04;3146920;4918964
2018-01-25 18:50:09 UTC;41,27;72,10;1121,99;3124228;4941656
2018-01-25 18:50:10 UTC;40,82;70,42;1119,27;3101164;4964720
2018-01-25 18:50:11 UTC;40,55;73,44;1128,35;3078100;4987784
2018-01-25 18:50:12 UTC;41,43;69,94;1111,29;3055408;5010476
2018-01-25 18:50:13 UTC;39,03;91,55;1140,78;3028096;5037788
2018-01-25 18:50:14 UTC;40,31;72,82;1115,49;3005280;5060604
2018-01-25 18:50:15 UTC;41,01;67,79;1124,26;2981968;5083916
2018-01-25 18:50:16 UTC;40,15;71,71;1118,24;2972420;5093464
2018-01-25 18:50:17 UTC;40,00;83,35;1152,20;2947496;5118388
2018-01-25 18:50:18 UTC;41,43;72,61;1116,71;2922696;5143188
2018-01-25 18:50:19 UTC;39,75;79,65;1112,64;2895260;5170624
2018-01-25 18:50:20 UTC;39,95;70,81;1124,31;2872376;5193508
2018-01-25 18:50:21 UTC;40,66;74,19;1129,45;2847700;5218184
2018-01-25 18:50:22 UTC;40,71;71,76;1125,45;2823396;5242488
2018-01-25 18:50:23 UTC;40,81;74,96;1130,50;2798968;5266916
2018-01-25 18:50:24 UTC;38,17;89,52;1154,69;2769656;5296228
2018-01-25 18:50:25 UTC;39,09;77,52;1103,34;2749016;5316868
2018-01-25 18:50:26 UTC;39,18;83,09;1130,24;2722288;5343596
2018-01-25 18:50:27 UTC;39,39;74,27;1118,53;2695380;5370504
2018-01-25 18:50:28 UTC;40,71;73,48;1139,90;2668596;5397288
2018-01-25 18:50:29 UTC;39,09;85,55;1135,24;2640108;5425776
2018-01-25 18:50:30 UTC;39,09;74,23;1115,98;2612672;5453212
2018-01-25 18:50:31 UTC;39,39;76,05;1124,30;2588648;5477236
2018-01-25 18:50:32 UTC;40,46;73,67;1129,10;2561584;5504300
2018-01-25 18:50:33 UTC;39,90;77,68;1140,20;2533808;5532076
2018-01-25 18:50:34 UTC;40,05;76,30;1112,29;2508008;5557876
2018-01-25 18:50:35 UTC;40,31;73,23;1113,68;2479992;5585892
2018-01-25 18:50:36 UTC;40,00;75,12;1133,48;2454168;5611716
2018-01-25 18:50:37 UTC;40,51;73,66;1129,23;2426268;5639616
2018-01-25 18:50:38 UTC;40,56;74,67;1124,90;2400344;5665540
2018-01-25 18:50:39 UTC;40,10;77,50;1115,79;2372892;5692992
2018-01-25 18:50:40 UTC;40,15;75,12;1118,61;2345784;5720100
2018-01-25 18:50:41 UTC;40,36;75,40;1128,85;2319000;5746884
2018-01-25 18:50:42 UTC;33,59;73,74;1071,39;2286884;5779000
2018-01-25 18:50:43 UTC;42,60;38,99;952,96;2259176;5806708
2018-01-25 18:50:44 UTC;47,84;15,87;901,24;2233068;5832816
2018-01-25 18:50:45 UTC;48,08;11,63;893,15;2205664;5860220
2018-01-25 18:50:46 UTC;46,97;14,30;898,40;2179376;5886508
2018-01-25 18:50:47 UTC;47,47;11,60;895,73;2152220;5913664
2018-01-25 18:50:48 UTC;47,83;12,98;902,54;2124940;5940944
2018-01-25 18:50:49 UTC;47,46;15,64;898,04;2097412;5968472
2018-01-25 18:50:50 UTC;48,48;10,83;872,08;2067776;5998108
2018-01-25 18:50:51 UTC;48,23;14,93;885,32;2039628;6026256
2018-01-25 18:50:52 UTC;49,36;11,71;869,88;2010056;6055828
2018-01-25 18:50:53 UTC;48,35;13,73;869,88;1980792;6085092
2018-01-25 18:50:54 UTC;48,48;15,95;865,22;1951528;6114356
2018-01-25 18:50:55 UTC;49,23;9,92;868,49;1922636;6143248
2018-01-25 18:50:56 UTC;48,48;14,61;874,71;1893248;6172636
2018-01-25 18:50:57 UTC;48,97;11,29;870,63;1864232;6201652
2018-01-25 18:50:58 UTC;48,35;13,52;878,96;1835960;6229924
2018-01-25 18:50:59 UTC;48,85;14,63;872,90;1807068;6258816
2018-01-25 18:51:00 UTC;48,85;11,24;879,60;1777804;6288080
2018-01-25 18:51:01 UTC;48,97;14,54;860,67;1747920;6317964
2018-01-25 18:51:02 UTC;48,61;11,97;869,65;1719028;6346856
2018-01-25 18:51:03 UTC;49,10;14,27;868,05;1705808;6360076
2018-01-25 18:51:04 UTC;48,21;15,74;904,55;1679596;6386288
2018-01-25 18:51:05 UTC;48,46;11,22;885,38;1651572;6414312
2018-01-25 18:51:06 UTC;48,96;14,00;897,91;1624356;6441528
2018-01-25 18:51:07 UTC;47,97;10,85;895,51;1597240;6468644
2018-01-25 18:51:08 UTC;48,21;13,35;903,13;1570044;6495840
2018-01-25 18:51:09 UTC;47,85;15,89;896,62;1542516;6523368
2018-01-25 18:51:10 UTC;47,87;11,58;894,24;1514864;6551020
2018-01-25 18:51:11 UTC;48,09;14,70;898,14;1486716;6579168
2018-01-25 18:51:12 UTC;48,72;10,17;885,71;1459188;6606696
2018-01-25 18:51:13 UTC;46,98;15,66;900,53;1431412;6634472
2018-01-25 18:51:14 UTC;43,37;14,95;873,01;1401992;6663892
2018-01-25 18:51:15 UTC;48,59;12,62;890,49;1374448;6691436
2018-01-25 18:51:16 UTC;48,09;14,60;875,35;1346796;6719088
2018-01-25 18:51:17 UTC;47,85;11,89;884,97;1328004;6737880
2018-01-25 18:51:18 UTC;47,97;15,00;898,17;1300296;6765588
2018-01-25 18:51:19 UTC;47,72;16,44;899,61;1272272;6793612
2018-01-25 18:51:20 UTC;48,72;14,20;880,33;1244868;6821016
2018-01-25 18:51:21 UTC;45,92;14,36;899,41;1205676;6860208
2018-01-25 18:51:22 UTC;41,94;12,59;819,38;1149372;6916512
