# hostname;interval;timestamp;CPU;%user;%nice;%system;%iowait;%steal;%idle
zenbook;1;2018-01-25 18:36:33 UTC;-1;1,25;0,00;1,50;0,00;0,00;97,24
zenbook;1;2018-01-25 18:36:34 UTC;-1;6,73;0,00;3,24;0,75;0,00;89,28
zenbook;1;2018-01-25 18:36:35 UTC;-1;4,29;0,00;1,52;0,00;0,00;94,19
zenbook;1;2018-01-25 18:36:36 UTC;-1;1,24;0,00;1,74;0,00;0,00;97,01
zenbook;1;2018-01-25 18:36:37 UTC;-1;1,01;0,00;1,01;0,25;0,00;97,74
zenbook;1;2018-01-25 18:36:38 UTC;-1;1,25;0,00;1,50;0,00;0,00;97,26
zenbook;1;2018-01-25 18:36:39 UTC;-1;1,01;0,00;1,26;0,00;0,00;97,74
zenbook;1;2018-01-25 18:36:40 UTC;-1;0,75;0,00;1,75;0,00;0,00;97,50
zenbook;1;2018-01-25 18:36:41 UTC;-1;2,27;0,00;1,51;2,02;0,00;94,21
zenbook;1;2018-01-25 18:36:42 UTC;-1;3,01;0,00;2,76;0,00;0,00;94,24
zenbook;1;2018-01-25 18:36:43 UTC;-1;2,51;0,00;2,51;0,00;0,00;94,99
zenbook;1;2018-01-25 18:36:44 UTC;-1;2,01;0,00;2,01;0,75;0,00;95,23
zenbook;1;2018-01-25 18:36:45 UTC;-1;2,01;0,00;2,01;0,00;0,00;95,99
zenbook;1;2018-01-25 18:36:46 UTC;-1;2,01;0,00;2,01;0,00;0,00;95,98
zenbook;1;2018-01-25 18:36:47 UTC;-1;1,75;0,00;2,50;0,00;0,00;95,75
zenbook;1;2018-01-25 18:36:48 UTC;-1;1,76;0,00;1,76;0,00;0,00;96,47
zenbook;1;2018-01-25 18:36:49 UTC;-1;2,01;0,00;2,01;0,00;0,00;95,99
zenbook;1;2018-01-25 18:36:50 UTC;-1;2,00;0,00;2,00;0,25;0,00;95,76
zenbook;1;2018-01-25 18:36:51 UTC;-1;2,01;0,00;1,76;0,00;0,00;96,23
zenbook;1;2018-01-25 18:36:52 UTC;-1;1,75;0,00;2,25;0,00;0,00;96,00
zenbook;1;2018-01-25 18:36:53 UTC;-1;2,26;0,00;1,75;0,00;0,00;95,99
zenbook;1;2018-01-25 18:36:54 UTC;-1;2,01;0,00;1,75;0,25;0,00;95,99
zenbook;1;2018-01-25 18:36:55 UTC;-1;1,75;0,00;2,01;0,00;0,00;96,24
zenbook;1;2018-01-25 18:36:56 UTC;-1;1,76;0,00;1,76;0,00;0,00;96,47
zenbook;1;2018-01-25 18:36:57 UTC;-1;1,50;0,00;2,50;0,00;0,00;96,00
zenbook;1;2018-01-25 18:36:58 UTC;-1;2,00;0,00;2,00;0,00;0,00;96,00
zenbook;1;2018-01-25 18:36:59 UTC;-1;2,00;0,00;2,00;0,25;0,00;95,75
zenbook;1;2018-01-25 18:37:00 UTC;-1;2,02;0,00;1,76;0,25;0,00;95,97
zenbook;1;2018-01-25 18:37:01 UTC;-1;1,51;0,00;2,01;0,00;0,00;96,48
zenbook;1;2018-01-25 18:37:02 UTC;-1;2,00;0,00;2,49;0,00;0,00;95,51
zenbook;1;2018-01-25 18:37:03 UTC;-1;1,75;0,00;2,00;0,00;0,00;96,25
zenbook;1;2018-01-25 18:37:04 UTC;-1;2,01;0,00;2,01;0,00;0,00;95,99
zenbook;1;2018-01-25 18:37:05 UTC;-1;2,01;0,00;2,01;0,00;0,00;95,99
zenbook;1;2018-01-25 18:37:06 UTC;-1;1,75;0,00;2,25;0,00;0,00;96,00
zenbook;1;2018-01-25 18:37:07 UTC;-1;1,75;0,00;2,01;0,00;0,00;96,24
zenbook;1;2018-01-25 18:37:08 UTC;-1;2,01;0,00;2,01;0,00;0,00;95,99
zenbook;1;2018-01-25 18:37:09 UTC;-1;2,00;0,00;2,00;0,25;0,00;95,75
zenbook;1;2018-01-25 18:37:10 UTC;-1;1,51;0,00;1,76;0,00;0,00;96,73
zenbook;1;2018-01-25 18:37:11 UTC;-1;2,00;0,00;2,24;0,00;0,00;95,76
zenbook;1;2018-01-25 18:37:12 UTC;-1;1,50;0,00;2,26;0,00;0,00;96,24
zenbook;1;2018-01-25 18:37:13 UTC;-1;1,75;0,00;2,01;0,00;0,00;96,24
zenbook;1;2018-01-25 18:37:14 UTC;-1;1,76;0,00;1,51;0,00;0,00;96,73
zenbook;1;2018-01-25 18:37:15 UTC;-1;1,75;0,00;2,00;0,00;0,00;96,25
zenbook;1;2018-01-25 18:37:16 UTC;-1;1,26;0,00;1,77;0,00;0,00;96,97
zenbook;1;2018-01-25 18:37:17 UTC;-1;2,01;0,00;1,75;0,00;0,00;96,24
zenbook;1;2018-01-25 18:37:18 UTC;-1;2,00;0,00;2,25;0,00;0,00;95,75
zenbook;1;2018-01-25 18:37:19 UTC;-1;2,76;0,00;2,26;0,00;0,00;94,99
zenbook;1;2018-01-25 18:37:20 UTC;-1;4,51;0,00;3,76;10,53;0,00;81,20
zenbook;1;2018-01-25 18:37:21 UTC;-1;3,00;0,00;3,00;0,00;0,00;94,00
zenbook;1;2018-01-25 18:37:22 UTC;-1;2,51;0,00;2,26;0,00;0,00;95,23
zenbook;1;2018-01-25 18:37:23 UTC;-1;3,78;0,00;3,27;0,00;0,00;92,95
zenbook;1;2018-01-25 18:37:24 UTC;-1;4,51;0,00;3,76;0,00;0,00;91,73
zenbook;1;2018-01-25 18:37:25 UTC;-1;4,81;0,00;3,04;0,00;0,00;92,15
zenbook;1;2018-01-25 18:37:26 UTC;-1;5,54;0,00;3,53;0,00;0,00;90,93
zenbook;1;2018-01-25 18:37:27 UTC;-1;6,05;0,00;3,78;0,00;0,00;90,18
zenbook;1;2018-01-25 18:37:28 UTC;-1;7,81;0,00;4,53;0,00;0,00;87,66
zenbook;1;2018-01-25 18:37:29 UTC;-1;6,62;0,00;3,31;0,00;0,00;90,08
zenbook;1;2018-01-25 18:37:30 UTC;-1;7,05;0,00;4,28;0,00;0,00;88,66
zenbook;1;2018-01-25 18:37:31 UTC;-1;7,29;0,00;4,52;0,00;0,00;88,19
zenbook;1;2018-01-25 18:37:32 UTC;-1;7,29;0,00;3,77;0,00;0,00;88,94
zenbook;1;2018-01-25 18:37:33 UTC;-1;7,34;0,00;3,54;0,00;0,00;89,11
zenbook;1;2018-01-25 18:37:34 UTC;-1;7,02;0,00;4,26;0,00;0,00;88,72
zenbook;1;2018-01-25 18:37:35 UTC;-1;7,07;0,00;4,04;0,00;0,00;88,89
zenbook;1;2018-01-25 18:37:36 UTC;-1;7,30;0,00;3,53;0,00;0,00;89,17
zenbook;1;2018-01-25 18:37:37 UTC;-1;7,04;0,00;4,27;0,00;0,00;88,69
zenbook;1;2018-01-25 18:37:38 UTC;-1;6,84;0,00;3,80;0,00;0,00;89,37
zenbook;1;2018-01-25 18:37:39 UTC;-1;6,53;0,00;4,27;0,00;0,00;89,20
zenbook;1;2018-01-25 18:37:40 UTC;-1;6,53;0,00;4,02;0,25;0,00;89,20
zenbook;1;2018-01-25 18:37:41 UTC;-1;6,28;0,00;4,02;0,25;0,00;89,45
zenbook;1;2018-01-25 18:37:42 UTC;-1;6,31;0,00;3,54;0,00;0,00;90,15
zenbook;1;2018-01-25 18:37:43 UTC;-1;6,30;0,00;4,03;0,00;0,00;89,67
zenbook;1;2018-01-25 18:37:44 UTC;-1;6,05;0,00;4,03;0,00;0,00;89,92
zenbook;1;2018-01-25 18:37:45 UTC;-1;6,27;0,00;4,26;0,00;0,00;89,47
zenbook;1;2018-01-25 18:37:46 UTC;-1;6,77;0,00;3,76;0,00;0,00;89,47
zenbook;1;2018-01-25 18:37:47 UTC;-1;5,78;0,00;4,52;0,25;0,00;89,45
zenbook;1;2018-01-25 18:37:48 UTC;-1;7,30;0,00;3,53;0,00;0,00;89,17
zenbook;1;2018-01-25 18:37:49 UTC;-1;6,73;0,00;4,49;0,00;0,00;88,78
zenbook;1;2018-01-25 18:37:50 UTC;-1;6,52;0,00;4,26;0,00;0,00;89,22
zenbook;1;2018-01-25 18:37:51 UTC;-1;7,00;0,00;4,25;0,00;0,00;88,75
zenbook;1;2018-01-25 18:37:52 UTC;-1;6,00;0,00;4,75;0,00;0,00;89,25
zenbook;1;2018-01-25 18:37:53 UTC;-1;6,55;0,00;3,53;0,00;0,00;89,92
zenbook;1;2018-01-25 18:37:54 UTC;-1;5,82;0,00;3,80;0,00;0,00;90,38
zenbook;1;2018-01-25 18:37:55 UTC;-1;6,05;0,00;4,28;0,00;0,00;89,67
zenbook;1;2018-01-25 18:37:56 UTC;-1;6,80;0,00;3,78;0,00;0,00;89,42
zenbook;1;2018-01-25 18:37:57 UTC;-1;6,55;0,00;3,53;0,00;0,00;89,92
zenbook;1;2018-01-25 18:37:58 UTC;-1;6,27;0,00;4,01;0,00;0,00;89,72
zenbook;1;2018-01-25 18:37:59 UTC;-1;6,53;0,00;3,77;0,00;0,00;89,70
zenbook;1;2018-01-25 18:38:00 UTC;-1;6,57;0,00;3,54;0,00;0,00;89,90
zenbook;1;2018-01-25 18:38:01 UTC;-1;6,28;0,00;3,77;0,00;0,00;89,95
zenbook;1;2018-01-25 18:38:02 UTC;-1;6,27;0,00;4,26;0,00;0,00;89,47
zenbook;1;2018-01-25 18:38:03 UTC;-1;6,30;0,00;3,53;0,00;0,00;90,18
zenbook;1;2018-01-25 18:38:04 UTC;-1;6,78;0,00;3,52;0,00;0,00;89,70
zenbook;1;2018-01-25 18:38:05 UTC;-1;6,28;0,00;4,02;0,00;0,00;89,70
zenbook;1;2018-01-25 18:38:06 UTC;-1;6,78;0,00;3,52;0,00;0,00;89,70
zenbook;1;2018-01-25 18:38:07 UTC;-1;6,53;0,00;3,77;0,00;0,00;89,70
zenbook;1;2018-01-25 18:38:08 UTC;-1;6,30;0,00;4,28;0,00;0,00;89,42
zenbook;1;2018-01-25 18:38:09 UTC;-1;6,03;0,00;4,27;0,00;0,00;89,70
zenbook;1;2018-01-25 18:38:10 UTC;-1;6,23;0,00;3,99;0,25;0,00;89,53
zenbook;1;2018-01-25 18:38:11 UTC;-1;6,27;0,00;4,01;0,00;0,00;89,72
zenbook;1;2018-01-25 18:38:12 UTC;-1;6,30;0,00;3,78;0,00;0,00;89,92
zenbook;1;2018-01-25 18:38:13 UTC;-1;6,48;0,00;4,24;0,00;0,00;89,28
zenbook;1;2018-01-25 18:38:14 UTC;-1;6,57;0,00;3,28;0,00;0,00;90,15
zenbook;1;2018-01-25 18:38:15 UTC;-1;6,52;0,00;4,51;0,00;0,00;88,97
zenbook;1;2018-01-25 18:38:16 UTC;-1;6,53;0,00;4,02;0,00;0,00;89,45
zenbook;1;2018-01-25 18:38:17 UTC;-1;6,30;0,00;3,78;0,00;0,00;89,92
zenbook;1;2018-01-25 18:38:18 UTC;-1;6,73;0,00;3,99;0,00;0,00;89,28
zenbook;1;2018-01-25 18:38:19 UTC;-1;6,28;0,00;4,02;0,00;0,00;89,70
zenbook;1;2018-01-25 18:38:20 UTC;-1;5,81;0,00;3,54;0,00;0,00;90,66
zenbook;1;2018-01-25 18:38:21 UTC;-1;6,03;0,00;3,77;0,25;0,00;89,95
zenbook;1;2018-01-25 18:38:22 UTC;-1;6,09;0,00;3,55;0,00;0,00;90,36
zenbook;1;2018-01-25 18:38:23 UTC;-1;6,98;0,00;4,49;0,00;0,00;88,53
zenbook;1;2018-01-25 18:38:24 UTC;-1;6,08;0,00;4,05;0,00;0,00;89,87
zenbook;1;2018-01-25 18:38:25 UTC;-1;6,52;0,00;4,01;0,00;0,00;89,47
zenbook;1;2018-01-25 18:38:26 UTC;-1;6,02;0,00;4,26;0,00;0,00;89,72
zenbook;1;2018-01-25 18:38:27 UTC;-1;7,25;0,00;3,75;0,00;0,00;89,00
zenbook;1;2018-01-25 18:38:28 UTC;-1;6,05;0,00;4,03;0,00;0,00;89,92
zenbook;1;2018-01-25 18:38:29 UTC;-1;6,23;0,00;4,49;0,00;0,00;89,28
zenbook;1;2018-01-25 18:38:30 UTC;-1;6,57;0,00;3,54;0,00;0,00;89,90
zenbook;1;2018-01-25 18:38:31 UTC;-1;7,79;0,00;4,77;0,00;0,00;87,44
zenbook;1;2018-01-25 18:38:32 UTC;-1;8,04;0,00;4,02;0,00;0,00;87,94
zenbook;1;2018-01-25 18:38:33 UTC;-1;7,58;0,00;4,55;0,00;0,00;87,88
zenbook;1;2018-01-25 18:38:34 UTC;-1;8,29;0,00;5,03;0,00;0,00;86,68
zenbook;1;2018-01-25 18:38:35 UTC;-1;8,33;0,00;4,29;0,00;0,00;87,37
zenbook;1;2018-01-25 18:38:36 UTC;-1;8,61;0,00;3,80;0,25;0,00;87,34
zenbook;1;2018-01-25 18:38:37 UTC;-1;8,84;0,00;4,55;0,00;0,00;86,62
zenbook;1;2018-01-25 18:38:38 UTC;-1;9,55;0,00;4,52;0,00;0,00;85,93
zenbook;1;2018-01-25 18:38:39 UTC;-1;10,28;0,00;5,76;0,00;0,00;83,96
zenbook;1;2018-01-25 18:38:40 UTC;-1;13,50;0,00;5,50;0,00;0,00;81,00
zenbook;1;2018-01-25 18:38:41 UTC;-1;11,90;0,00;5,57;0,00;0,00;82,53
zenbook;1;2018-01-25 18:38:42 UTC;-1;11,28;0,00;5,76;0,00;0,00;82,96
zenbook;1;2018-01-25 18:38:43 UTC;-1;10,91;0,00;4,82;0,00;0,00;84,26
zenbook;1;2018-01-25 18:38:44 UTC;-1;11,36;0,00;5,05;0,25;0,00;83,33
zenbook;1;2018-01-25 18:38:45 UTC;-1;11,90;0,00;5,06;0,00;0,00;83,04
zenbook;1;2018-01-25 18:38:46 UTC;-1;11,87;0,00;5,05;0,00;0,00;83,08
zenbook;1;2018-01-25 18:38:47 UTC;-1;12,03;0,00;5,51;0,00;0,00;82,46
zenbook;1;2018-01-25 18:38:48 UTC;-1;11,39;0,00;5,57;0,25;0,00;82,78
zenbook;1;2018-01-25 18:38:49 UTC;-1;12,47;0,00;5,49;0,00;0,00;82,04
zenbook;1;2018-01-25 18:38:50 UTC;-1;11,56;0,00;5,03;0,25;0,00;83,17
zenbook;1;2018-01-25 18:38:51 UTC;-1;11,31;0,00;5,53;0,00;0,00;83,17
zenbook;1;2018-01-25 18:38:52 UTC;-1;11,47;0,00;5,24;0,00;0,00;83,29
zenbook;1;2018-01-25 18:38:53 UTC;-1;11,34;0,00;4,79;0,00;0,00;83,88
zenbook;1;2018-01-25 18:38:54 UTC;-1;11,08;0,00;5,04;0,00;0,00;83,88
zenbook;1;2018-01-25 18:38:55 UTC;-1;11,28;0,00;5,51;0,00;0,00;83,21
zenbook;1;2018-01-25 18:38:56 UTC;-1;11,11;0,00;5,05;0,00;0,00;83,84
zenbook;1;2018-01-25 18:38:57 UTC;-1;11,25;0,00;5,50;0,00;0,00;83,25
zenbook;1;2018-01-25 18:38:58 UTC;-1;11,36;0,00;4,80;0,00;0,00;83,84
zenbook;1;2018-01-25 18:38:59 UTC;-1;10,86;0,00;4,80;0,00;0,00;84,34
zenbook;1;2018-01-25 18:39:00 UTC;-1;10,61;0,00;5,05;0,00;0,00;84,34
zenbook;1;2018-01-25 18:39:01 UTC;-1;10,72;0,00;5,49;0,00;0,00;83,79
zenbook;1;2018-01-25 18:39:02 UTC;-1;10,38;0,00;4,56;0,00;0,00;85,06
zenbook;1;2018-01-25 18:39:03 UTC;-1;10,38;0,00;4,81;0,00;0,00;84,81
zenbook;1;2018-01-25 18:39:04 UTC;-1;10,83;0,00;5,04;0,00;0,00;84,13
zenbook;1;2018-01-25 18:39:05 UTC;-1;11,47;0,00;5,24;0,25;0,00;83,04
zenbook;1;2018-01-25 18:39:06 UTC;-1;10,86;0,00;5,05;0,00;0,00;84,09
zenbook;1;2018-01-25 18:39:07 UTC;-1;10,13;0,00;4,81;0,00;0,00;85,06
zenbook;1;2018-01-25 18:39:08 UTC;-1;10,91;0,00;4,82;0,00;0,00;84,26
zenbook;1;2018-01-25 18:39:09 UTC;-1;11,11;0,00;4,55;0,00;0,00;84,34
zenbook;1;2018-01-25 18:39:10 UTC;-1;10,41;0,00;5,08;0,00;0,00;84,52
zenbook;1;2018-01-25 18:39:11 UTC;-1;10,33;0,00;5,04;0,00;0,00;84,63
zenbook;1;2018-01-25 18:39:12 UTC;-1;11,28;0,00;5,26;0,00;0,00;83,46
zenbook;1;2018-01-25 18:39:13 UTC;-1;10,66;0,00;4,82;0,00;0,00;84,52
zenbook;1;2018-01-25 18:39:14 UTC;-1;11,00;0,00;5,50;0,00;0,00;83,50
zenbook;1;2018-01-25 18:39:15 UTC;-1;10,33;0,00;5,29;0,00;0,00;84,38
zenbook;1;2018-01-25 18:39:16 UTC;-1;10,00;0,00;5,50;0,25;0,00;84,25
zenbook;1;2018-01-25 18:39:17 UTC;-1;10,61;0,00;5,05;0,00;0,00;84,34
zenbook;1;2018-01-25 18:39:18 UTC;-1;11,31;0,00;5,28;0,00;0,00;83,42
zenbook;1;2018-01-25 18:39:19 UTC;-1;10,38;0,00;5,06;0,00;0,00;84,56
zenbook;1;2018-01-25 18:39:20 UTC;-1;11,08;0,00;5,04;0,00;0,00;83,88
zenbook;1;2018-01-25 18:39:21 UTC;-1;10,80;0,00;5,78;0,00;0,00;83,42
zenbook;1;2018-01-25 18:39:22 UTC;-1;11,42;0,00;4,57;0,00;0,00;84,01
zenbook;1;2018-01-25 18:39:23 UTC;-1;11,14;0,00;5,06;0,76;0,00;83,04
zenbook;1;2018-01-25 18:39:24 UTC;-1;11,56;0,00;4,77;0,00;0,00;83,67
zenbook;1;2018-01-25 18:39:25 UTC;-1;10,83;0,00;4,79;0,00;0,00;84,38
zenbook;1;2018-01-25 18:39:26 UTC;-1;10,80;0,00;4,77;0,25;0,00;84,17
zenbook;1;2018-01-25 18:39:27 UTC;-1;10,78;0,00;5,76;0,00;0,00;83,46
zenbook;1;2018-01-25 18:39:28 UTC;-1;11,28;0,00;5,26;0,00;0,00;83,46
zenbook;1;2018-01-25 18:39:29 UTC;-1;10,61;0,00;4,80;0,00;0,00;84,60
zenbook;1;2018-01-25 18:39:30 UTC;-1;10,86;0,00;5,05;0,00;0,00;84,09
zenbook;1;2018-01-25 18:39:31 UTC;-1;10,08;0,00;5,29;0,00;0,00;84,63
zenbook;1;2018-01-25 18:39:32 UTC;-1;10,89;0,00;4,81;0,00;0,00;84,30
zenbook;1;2018-01-25 18:39:33 UTC;-1;10,58;0,00;4,79;0,00;0,00;84,63
zenbook;1;2018-01-25 18:39:34 UTC;-1;11,28;0,00;5,26;0,00;0,00;83,46
zenbook;1;2018-01-25 18:39:35 UTC;-1;10,66;0,00;4,57;0,00;0,00;84,77
zenbook;1;2018-01-25 18:39:36 UTC;-1;10,86;0,00;4,80;0,00;0,00;84,34
zenbook;1;2018-01-25 18:39:37 UTC;-1;11,08;0,00;4,79;0,00;0,00;84,13
zenbook;1;2018-01-25 18:39:38 UTC;-1;10,66;0,00;4,82;0,00;0,00;84,52
zenbook;1;2018-01-25 18:39:39 UTC;-1;10,80;0,00;4,77;0,00;0,00;84,42
zenbook;1;2018-01-25 18:39:40 UTC;-1;10,80;0,00;5,28;0,00;0,00;83,92
zenbook;1;2018-01-25 18:39:41 UTC;-1;12,37;0,00;5,56;0,00;0,00;82,07
zenbook;1;2018-01-25 18:39:42 UTC;-1;12,15;0,00;4,81;0,00;0,00;83,04
zenbook;1;2018-01-25 18:39:43 UTC;-1;11,59;0,00;5,79;0,00;0,00;82,62
zenbook;1;2018-01-25 18:39:44 UTC;-1;11,34;0,00;5,29;0,25;0,00;83,12
zenbook;1;2018-01-25 18:39:45 UTC;-1;11,84;0,00;5,79;0,00;0,00;82,37
zenbook;1;2018-01-25 18:39:46 UTC;-1;13,35;0,00;5,29;0,00;0,00;81,36
zenbook;1;2018-01-25 18:39:47 UTC;-1;11,87;0,00;5,30;0,00;0,00;82,83
zenbook;1;2018-01-25 18:39:48 UTC;-1;13,42;0,00;5,32;0,00;0,00;81,27
zenbook;1;2018-01-25 18:39:49 UTC;-1;13,13;0,00;6,06;0,00;0,00;80,81
zenbook;1;2018-01-25 18:39:50 UTC;-1;13,38;0,00;5,30;0,00;0,00;81,31
zenbook;1;2018-01-25 18:39:51 UTC;-1;14,94;0,00;5,57;0,00;0,00;79,49
zenbook;1;2018-01-25 18:39:52 UTC;-1;14,65;0,00;6,82;0,00;0,00;78,54
zenbook;1;2018-01-25 18:39:53 UTC;-1;16,03;0,00;6,62;0,00;0,00;77,35
zenbook;1;2018-01-25 18:39:54 UTC;-1;15,62;0,00;6,05;0,00;0,00;78,34
zenbook;1;2018-01-25 18:39:55 UTC;-1;15,09;0,00;6,39;0,00;0,00;78,52
zenbook;1;2018-01-25 18:39:56 UTC;-1;16,75;0,00;6,60;0,00;0,00;76,65
zenbook;1;2018-01-25 18:39:57 UTC;-1;15,70;0,00;6,84;0,00;0,00;77,47
zenbook;1;2018-01-25 18:39:58 UTC;-1;16,75;0,00;7,75;0,00;0,00;75,50
zenbook;1;2018-01-25 18:39:59 UTC;-1;16,33;0,00;7,04;0,00;0,00;76,63
zenbook;1;2018-01-25 18:40:00 UTC;-1;16,79;0,00;5,85;0,00;0,00;77,35
zenbook;1;2018-01-25 18:40:01 UTC;-1;16,71;0,00;6,33;0,00;0,00;76,96
zenbook;1;2018-01-25 18:40:02 UTC;-1;16,58;0,00;6,78;0,00;0,00;76,63
zenbook;1;2018-01-25 18:40:03 UTC;-1;16,58;0,00;7,04;0,00;0,00;76,38
zenbook;1;2018-01-25 18:40:04 UTC;-1;16,04;0,00;7,02;0,00;0,00;76,94
zenbook;1;2018-01-25 18:40:05 UTC;-1;16,37;0,00;6,30;0,00;0,00;77,33
zenbook;1;2018-01-25 18:40:06 UTC;-1;15,75;0,00;7,00;0,25;0,00;77,00
zenbook;1;2018-01-25 18:40:07 UTC;-1;15,87;0,00;7,05;1,01;0,00;76,07
zenbook;1;2018-01-25 18:40:08 UTC;-1;16,29;0,00;6,52;0,00;0,00;77,19
zenbook;1;2018-01-25 18:40:09 UTC;-1;15,37;0,00;7,05;0,00;0,00;77,58
zenbook;1;2018-01-25 18:40:10 UTC;-1;16,29;0,00;6,52;0,00;0,00;77,19
zenbook;1;2018-01-25 18:40:11 UTC;-1;16,04;0,00;6,27;0,00;0,00;77,69
zenbook;1;2018-01-25 18:40:12 UTC;-1;15,66;0,00;6,57;0,00;0,00;77,78
zenbook;1;2018-01-25 18:40:13 UTC;-1;15,66;0,00;6,57;0,00;0,00;77,78
zenbook;1;2018-01-25 18:40:14 UTC;-1;15,08;0,00;6,78;0,00;0,00;78,14
zenbook;1;2018-01-25 18:40:15 UTC;-1;15,62;0,00;6,55;0,00;0,00;77,83
zenbook;1;2018-01-25 18:40:16 UTC;-1;16,04;0,00;6,77;0,25;0,00;76,94
zenbook;1;2018-01-25 18:40:17 UTC;-1;15,48;0,00;6,35;0,00;0,00;78,17
zenbook;1;2018-01-25 18:40:18 UTC;-1;15,52;0,00;5,85;0,00;0,00;78,63
zenbook;1;2018-01-25 18:40:19 UTC;-1;15,66;0,00;6,57;0,00;0,00;77,78
zenbook;1;2018-01-25 18:40:20 UTC;-1;15,48;0,00;6,09;0,00;0,00;78,43
zenbook;1;2018-01-25 18:40:21 UTC;-1;15,15;0,00;6,82;0,25;0,00;77,78
zenbook;1;2018-01-25 18:40:22 UTC;-1;15,40;0,00;6,31;0,00;0,00;78,28
zenbook;1;2018-01-25 18:40:23 UTC;-1;15,83;0,00;7,04;0,00;0,00;77,14
zenbook;1;2018-01-25 18:40:24 UTC;-1;15,70;0,00;6,33;0,00;0,00;77,97
zenbook;1;2018-01-25 18:40:25 UTC;-1;15,87;0,00;7,05;0,00;0,00;77,08
zenbook;1;2018-01-25 18:40:26 UTC;-1;15,62;0,00;6,55;0,00;0,00;77,83
zenbook;1;2018-01-25 18:40:27 UTC;-1;15,70;0,00;6,33;0,00;0,00;77,97
zenbook;1;2018-01-25 18:40:28 UTC;-1;15,58;0,00;7,04;0,00;0,00;77,39
zenbook;1;2018-01-25 18:40:29 UTC;-1;15,74;0,00;6,35;0,00;0,00;77,92
zenbook;1;2018-01-25 18:40:30 UTC;-1;15,74;0,00;5,84;0,00;0,00;78,43
zenbook;1;2018-01-25 18:40:31 UTC;-1;15,70;0,00;6,08;0,00;0,00;78,23
zenbook;1;2018-01-25 18:40:32 UTC;-1;15,37;0,00;6,80;0,00;0,00;77,83
zenbook;1;2018-01-25 18:40:33 UTC;-1;15,37;0,00;6,55;0,00;0,00;78,09
zenbook;1;2018-01-25 18:40:34 UTC;-1;16,16;0,00;5,81;0,00;0,00;78,03
zenbook;1;2018-01-25 18:40:35 UTC;-1;16,28;0,00;5,60;0,00;0,00;78,12
zenbook;1;2018-01-25 18:40:36 UTC;-1;15,48;0,00;6,60;0,00;0,00;77,92
zenbook;1;2018-01-25 18:40:37 UTC;-1;15,79;0,00;7,02;0,00;0,00;77,19
zenbook;1;2018-01-25 18:40:38 UTC;-1;15,87;0,00;6,30;0,00;0,00;77,83
zenbook;1;2018-01-25 18:40:39 UTC;-1;15,87;0,00;6,30;0,00;0,00;77,83
zenbook;1;2018-01-25 18:40:40 UTC;-1;15,83;0,00;6,28;0,25;0,00;77,64
zenbook;1;2018-01-25 18:40:41 UTC;-1;15,27;0,00;6,11;0,00;0,00;78,63
zenbook;1;2018-01-25 18:40:42 UTC;-1;15,87;0,00;6,05;0,00;0,00;78,09
zenbook;1;2018-01-25 18:40:43 UTC;-1;16,08;0,00;6,28;0,00;0,00;77,64
zenbook;1;2018-01-25 18:40:44 UTC;-1;16,24;0,00;5,84;0,25;0,00;77,66
zenbook;1;2018-01-25 18:40:45 UTC;-1;16,25;0,00;6,75;0,00;0,00;77,00
zenbook;1;2018-01-25 18:40:46 UTC;-1;15,48;0,00;6,35;0,00;0,00;78,17
zenbook;1;2018-01-25 18:40:47 UTC;-1;17,54;0,00;7,27;0,00;0,00;75,19
zenbook;1;2018-01-25 18:40:48 UTC;-1;15,35;0,00;5,63;0,00;0,00;79,03
zenbook;1;2018-01-25 18:40:49 UTC;-1;14,97;0,00;6,60;0,00;0,00;78,43
zenbook;1;2018-01-25 18:40:50 UTC;-1;15,11;0,00;6,55;0,00;0,00;78,34
zenbook;1;2018-01-25 18:40:51 UTC;-1;15,70;0,00;6,08;0,00;0,00;78,23
zenbook;1;2018-01-25 18:40:52 UTC;-1;15,23;0,00;6,35;0,00;0,00;78,43
zenbook;1;2018-01-25 18:40:53 UTC;-1;16,20;0,00;6,08;0,00;0,00;77,72
zenbook;1;2018-01-25 18:40:54 UTC;-1;15,31;0,00;5,61;0,00;0,00;79,08
zenbook;1;2018-01-25 18:40:55 UTC;-1;15,87;0,00;7,30;0,25;0,00;76,57
zenbook;1;2018-01-25 18:40:56 UTC;-1;16,50;0,00;6,09;0,00;0,00;77,41
zenbook;1;2018-01-25 18:40:57 UTC;-1;15,31;0,00;5,87;0,00;0,00;78,83
zenbook;1;2018-01-25 18:40:58 UTC;-1;15,23;0,00;6,60;0,00;0,00;78,17
zenbook;1;2018-01-25 18:40:59 UTC;-1;16,75;0,00;6,09;0,00;0,00;77,16
zenbook;1;2018-01-25 18:41:00 UTC;-1;16,79;0,00;6,62;0,00;0,00;76,59
zenbook;1;2018-01-25 18:41:01 UTC;-1;17,42;0,00;6,57;0,25;0,00;75,76
zenbook;1;2018-01-25 18:41:02 UTC;-1;16,71;0,00;7,09;0,00;0,00;76,20
zenbook;1;2018-01-25 18:41:03 UTC;-1;17,29;0,00;7,02;0,00;0,00;75,69
zenbook;1;2018-01-25 18:41:04 UTC;-1;17,96;0,00;7,73;0,00;0,00;74,31
zenbook;1;2018-01-25 18:41:05 UTC;-1;18,25;0,00;7,20;0,00;0,00;74,55
zenbook;1;2018-01-25 18:41:06 UTC;-1;20,96;0,00;8,33;0,00;0,00;70,71
zenbook;1;2018-01-25 18:41:07 UTC;-1;18,78;0,00;7,11;0,00;0,00;74,11
zenbook;1;2018-01-25 18:41:08 UTC;-1;19,70;0,00;7,83;0,00;0,00;72,47
zenbook;1;2018-01-25 18:41:09 UTC;-1;20,30;0,00;7,36;0,00;0,00;72,34
zenbook;1;2018-01-25 18:41:10 UTC;-1;20,20;0,00;8,33;0,00;0,00;71,46
zenbook;1;2018-01-25 18:41:11 UTC;-1;19,39;0,00;7,40;0,00;0,00;73,21
zenbook;1;2018-01-25 18:41:12 UTC;-1;20,36;0,00;8,14;0,00;0,00;71,50
zenbook;1;2018-01-25 18:41:13 UTC;-1;21,57;0,00;8,63;0,00;0,00;69,80
zenbook;1;2018-01-25 18:41:14 UTC;-1;21,66;0,00;7,81;0,00;0,00;70,53
zenbook;1;2018-01-25 18:41:15 UTC;-1;22,08;0,00;7,61;0,00;0,00;70,30
zenbook;1;2018-01-25 18:41:16 UTC;-1;21,32;0,00;8,12;0,00;0,00;70,56
zenbook;1;2018-01-25 18:41:17 UTC;-1;21,66;0,00;8,56;0,00;0,00;69,77
zenbook;1;2018-01-25 18:41:18 UTC;-1;21,91;0,00;8,06;0,00;0,00;70,03
zenbook;1;2018-01-25 18:41:19 UTC;-1;21,12;0,00;8,14;0,00;0,00;70,74
zenbook;1;2018-01-25 18:41:20 UTC;-1;21,72;0,00;8,33;0,00;0,00;69,95
zenbook;1;2018-01-25 18:41:21 UTC;-1;21,01;0,00;7,59;0,25;0,00;71,14
zenbook;1;2018-01-25 18:41:22 UTC;-1;20,51;0,00;8,10;0,00;0,00;71,39
zenbook;1;2018-01-25 18:41:23 UTC;-1;21,12;0,00;7,12;0,00;0,00;71,76
zenbook;1;2018-01-25 18:41:24 UTC;-1;21,11;0,00;8,04;0,00;0,00;70,85
zenbook;1;2018-01-25 18:41:25 UTC;-1;21,07;0,00;7,36;0,00;0,00;71,57
zenbook;1;2018-01-25 18:41:26 UTC;-1;20,96;0,00;7,83;0,00;0,00;71,21
zenbook;1;2018-01-25 18:41:27 UTC;-1;20,66;0,00;7,65;0,00;0,00;71,68
zenbook;1;2018-01-25 18:41:28 UTC;-1;20,56;0,00;7,87;0,00;0,00;71,57
zenbook;1;2018-01-25 18:41:29 UTC;-1;20,30;0,00;8,12;0,00;0,00;71,57
zenbook;1;2018-01-25 18:41:30 UTC;-1;20,30;0,00;7,11;0,00;0,00;72,59
zenbook;1;2018-01-25 18:41:31 UTC;-1;20,96;0,00;8,08;0,00;0,00;70,96
zenbook;1;2018-01-25 18:41:32 UTC;-1;20,81;0,00;7,36;0,00;0,00;71,83
zenbook;1;2018-01-25 18:41:33 UTC;-1;20,51;0,00;7,69;0,00;0,00;71,79
zenbook;1;2018-01-25 18:41:34 UTC;-1;21,46;0,00;7,07;0,00;0,00;71,46
zenbook;1;2018-01-25 18:41:35 UTC;-1;20,41;0,00;7,40;0,00;0,00;72,19
zenbook;1;2018-01-25 18:41:36 UTC;-1;20,51;0,00;8,10;0,00;0,00;71,39
zenbook;1;2018-01-25 18:41:37 UTC;-1;20,87;0,00;7,38;0,00;0,00;71,76
zenbook;1;2018-01-25 18:41:38 UTC;-1;20,40;0,00;8,06;0,25;0,00;71,28
zenbook;1;2018-01-25 18:41:39 UTC;-1;21,16;0,00;8,06;0,00;0,00;70,78
zenbook;1;2018-01-25 18:41:40 UTC;-1;21,61;0,00;7,29;0,00;0,00;71,11
zenbook;1;2018-01-25 18:41:41 UTC;-1;19,95;0,00;8,59;0,00;0,00;71,46
zenbook;1;2018-01-25 18:41:42 UTC;-1;20,71;0,00;7,83;0,00;0,00;71,46
zenbook;1;2018-01-25 18:41:43 UTC;-1;20,20;0,00;7,67;0,00;0,00;72,12
zenbook;1;2018-01-25 18:41:44 UTC;-1;21,30;0,00;8,27;0,25;0,00;70,18
zenbook;1;2018-01-25 18:41:45 UTC;-1;21,16;0,00;7,81;0,25;0,00;70,78
zenbook;1;2018-01-25 18:41:46 UTC;-1;20,81;0,00;7,61;0,00;0,00;71,57
zenbook;1;2018-01-25 18:41:47 UTC;-1;20,15;0,00;8,06;0,00;0,00;71,79
zenbook;1;2018-01-25 18:41:48 UTC;-1;20,30;0,00;7,87;0,00;0,00;71,83
zenbook;1;2018-01-25 18:41:49 UTC;-1;20,05;0,00;8,12;0,00;0,00;71,83
zenbook;1;2018-01-25 18:41:50 UTC;-1;20,36;0,00;7,38;0,00;0,00;72,26
zenbook;1;2018-01-25 18:41:51 UTC;-1;21,46;0,00;7,32;0,00;0,00;71,21
zenbook;1;2018-01-25 18:41:52 UTC;-1;19,13;0,00;8,67;0,00;0,00;72,19
zenbook;1;2018-01-25 18:41:53 UTC;-1;20,72;0,00;6,91;0,00;0,00;72,38
zenbook;1;2018-01-25 18:41:54 UTC;-1;20,10;0,00;8,79;0,00;0,00;71,11
zenbook;1;2018-01-25 18:41:55 UTC;-1;20,96;0,00;7,58;0,00;0,00;71,46
zenbook;1;2018-01-25 18:41:56 UTC;-1;20,91;0,00;8,06;0,00;0,00;71,03
zenbook;1;2018-01-25 18:41:57 UTC;-1;21,07;0,00;7,36;0,00;0,00;71,57
zenbook;1;2018-01-25 18:41:58 UTC;-1;20,82;0,00;7,71;0,00;0,00;71,47
zenbook;1;2018-01-25 18:41:59 UTC;-1;21,36;0,00;7,79;0,00;0,00;70,85
zenbook;1;2018-01-25 18:42:00 UTC;-1;21,72;0,00;7,58;0,00;0,00;70,71
zenbook;1;2018-01-25 18:42:01 UTC;-1;20,10;0,00;8,14;0,25;0,00;71,50
zenbook;1;2018-01-25 18:42:02 UTC;-1;21,11;0,00;8,04;0,00;0,00;70,85
zenbook;1;2018-01-25 18:42:03 UTC;-1;20,46;0,00;7,42;0,00;0,00;72,12
zenbook;1;2018-01-25 18:42:04 UTC;-1;21,52;0,00;7,34;0,00;0,00;71,14
zenbook;1;2018-01-25 18:42:05 UTC;-1;20,97;0,00;7,42;0,00;0,00;71,61
zenbook;1;2018-01-25 18:42:06 UTC;-1;20,61;0,00;7,63;0,00;0,00;71,76
zenbook;1;2018-01-25 18:42:07 UTC;-1;21,32;0,00;7,36;0,00;0,00;71,32
zenbook;1;2018-01-25 18:42:08 UTC;-1;20,85;0,00;8,04;0,00;0,00;71,11
zenbook;1;2018-01-25 18:42:09 UTC;-1;20,61;0,00;7,63;0,00;0,00;71,76
zenbook;1;2018-01-25 18:42:10 UTC;-1;22,14;0,00;7,38;0,00;0,00;70,48
zenbook;1;2018-01-25 18:42:11 UTC;-1;23,60;0,00;7,61;0,25;0,00;68,53
zenbook;1;2018-01-25 18:42:12 UTC;-1;29,92;0,00;9,72;0,26;0,00;60,10
zenbook;1;2018-01-25 18:42:13 UTC;-1;24,50;0,00;9,00;0,25;0,00;66,25
zenbook;1;2018-01-25 18:42:14 UTC;-1;23,10;0,00;8,12;0,00;0,00;68,78
zenbook;1;2018-01-25 18:42:15 UTC;-1;21,72;0,00;8,33;0,25;0,00;69,70
zenbook;1;2018-01-25 18:42:16 UTC;-1;21,23;0,00;7,67;0,00;0,00;71,10
zenbook;1;2018-01-25 18:42:17 UTC;-1;23,68;0,00;8,82;0,00;0,00;67,51
zenbook;1;2018-01-25 18:42:18 UTC;-1;22,59;0,00;8,38;0,00;0,00;69,04
zenbook;1;2018-01-25 18:42:19 UTC;-1;24,24;0,00;8,84;0,00;0,00;66,92
zenbook;1;2018-01-25 18:42:20 UTC;-1;23,99;0,00;8,59;0,00;0,00;67,42
zenbook;1;2018-01-25 18:42:21 UTC;-1;23,48;0,00;9,09;0,00;0,00;67,42
zenbook;1;2018-01-25 18:42:22 UTC;-1;23,25;0,00;9,75;0,00;0,00;67,00
zenbook;1;2018-01-25 18:42:23 UTC;-1;25,19;0,00;8,14;0,00;0,00;66,67
zenbook;1;2018-01-25 18:42:24 UTC;-1;25,26;0,00;8,16;0,00;0,00;66,58
zenbook;1;2018-01-25 18:42:25 UTC;-1;23,79;0,00;8,70;0,00;0,00;67,52
zenbook;1;2018-01-25 18:42:26 UTC;-1;25,94;0,00;8,56;0,00;0,00;65,49
zenbook;1;2018-01-25 18:42:27 UTC;-1;24,94;0,00;8,65;0,00;0,00;66,41
zenbook;1;2018-01-25 18:42:28 UTC;-1;24,75;0,00;9,34;0,25;0,00;65,66
zenbook;1;2018-01-25 18:42:29 UTC;-1;25,83;0,00;9,21;0,00;0,00;64,96
zenbook;1;2018-01-25 18:42:30 UTC;-1;24,49;0,00;8,93;0,00;0,00;66,58
zenbook;1;2018-01-25 18:42:31 UTC;-1;25,06;0,00;8,86;0,00;0,00;66,08
zenbook;1;2018-01-25 18:42:32 UTC;-1;26,85;0,00;9,72;0,00;0,00;63,43
zenbook;1;2018-01-25 18:42:33 UTC;-1;25,45;0,00;9,41;0,00;0,00;65,14
zenbook;1;2018-01-25 18:42:34 UTC;-1;26,13;0,00;9,55;0,00;0,00;64,32
zenbook;1;2018-01-25 18:42:35 UTC;-1;25,70;0,00;9,67;0,00;0,00;64,63
zenbook;1;2018-01-25 18:42:36 UTC;-1;26,14;0,00;9,14;0,00;0,00;64,72
zenbook;1;2018-01-25 18:42:37 UTC;-1;26,14;0,00;9,39;0,00;0,00;64,47
zenbook;1;2018-01-25 18:42:38 UTC;-1;26,01;0,00;9,09;0,00;0,00;64,90
zenbook;1;2018-01-25 18:42:39 UTC;-1;25,82;0,00;9,11;0,00;0,00;65,06
zenbook;1;2018-01-25 18:42:40 UTC;-1;25,45;0,00;9,41;0,00;0,00;65,14
zenbook;1;2018-01-25 18:42:41 UTC;-1;24,74;0,00;9,69;0,00;0,00;65,56
zenbook;1;2018-01-25 18:42:42 UTC;-1;25,38;0,00;9,14;0,00;0,00;65,48
zenbook;1;2018-01-25 18:42:43 UTC;-1;25,45;0,00;8,48;0,00;0,00;66,07
zenbook;1;2018-01-25 18:42:44 UTC;-1;25,57;0,00;9,37;0,51;0,00;64,56
zenbook;1;2018-01-25 18:42:45 UTC;-1;25,77;0,00;8,93;0,00;0,00;65,31
zenbook;1;2018-01-25 18:42:46 UTC;-1;25,45;0,00;8,40;0,00;0,00;66,16
zenbook;1;2018-01-25 18:42:47 UTC;-1;25,26;0,00;9,69;0,00;0,00;65,05
zenbook;1;2018-01-25 18:42:48 UTC;-1;26,07;0,00;9,52;0,00;0,00;64,41
zenbook;1;2018-01-25 18:42:49 UTC;-1;25,77;0,00;8,93;0,00;0,00;65,31
zenbook;1;2018-01-25 18:42:50 UTC;-1;25,38;0,00;8,72;0,00;0,00;65,90
zenbook;1;2018-01-25 18:42:51 UTC;-1;26,01;0,00;8,59;0,00;0,00;65,40
zenbook;1;2018-01-25 18:42:52 UTC;-1;24,94;0,00;10,08;0,00;0,00;64,99
zenbook;1;2018-01-25 18:42:53 UTC;-1;25,45;0,00;9,41;0,00;0,00;65,14
zenbook;1;2018-01-25 18:42:54 UTC;-1;25,76;0,00;9,34;0,00;0,00;64,90
zenbook;1;2018-01-25 18:42:55 UTC;-1;25,89;0,00;8,88;0,25;0,00;64,97
zenbook;1;2018-01-25 18:42:56 UTC;-1;25,32;0,00;8,95;0,00;0,00;65,73
zenbook;1;2018-01-25 18:42:57 UTC;-1;25,57;0,00;9,37;0,00;0,00;65,06
zenbook;1;2018-01-25 18:42:58 UTC;-1;25,51;0,00;8,93;0,00;0,00;65,56
zenbook;1;2018-01-25 18:42:59 UTC;-1;25,57;0,00;9,37;0,00;0,00;65,06
zenbook;1;2018-01-25 18:43:00 UTC;-1;25,76;0,00;9,60;0,00;0,00;64,65
zenbook;1;2018-01-25 18:43:01 UTC;-1;25,32;0,00;9,87;0,00;0,00;64,81
zenbook;1;2018-01-25 18:43:02 UTC;-1;25,13;0,00;8,72;0,00;0,00;66,15
zenbook;1;2018-01-25 18:43:03 UTC;-1;25,13;0,00;8,88;0,00;0,00;65,99
zenbook;1;2018-01-25 18:43:04 UTC;-1;24,87;0,00;9,39;0,00;0,00;65,74
zenbook;1;2018-01-25 18:43:05 UTC;-1;25,51;0,00;9,34;0,00;0,00;65,15
zenbook;1;2018-01-25 18:43:06 UTC;-1;25,77;0,00;8,42;0,00;0,00;65,82
zenbook;1;2018-01-25 18:43:07 UTC;-1;26,13;0,00;9,30;0,00;0,00;64,57
zenbook;1;2018-01-25 18:43:08 UTC;-1;25,19;0,00;9,16;0,00;0,00;65,65
zenbook;1;2018-01-25 18:43:09 UTC;-1;25,06;0,00;9,21;0,00;0,00;65,73
zenbook;1;2018-01-25 18:43:10 UTC;-1;25,19;0,00;9,57;0,25;0,00;64,99
zenbook;1;2018-01-25 18:43:11 UTC;-1;25,71;0,00;8,23;0,00;0,00;66,07
zenbook;1;2018-01-25 18:43:12 UTC;-1;25,32;0,00;8,70;0,00;0,00;65,98
zenbook;1;2018-01-25 18:43:13 UTC;-1;26,01;0,00;9,60;0,00;0,00;64,39
zenbook;1;2018-01-25 18:43:14 UTC;-1;25,06;0,00;9,21;0,00;0,00;65,73
zenbook;1;2018-01-25 18:43:15 UTC;-1;25,32;0,00;10,13;0,00;0,00;64,56
zenbook;1;2018-01-25 18:43:16 UTC;-1;25,57;0,00;9,11;0,00;0,00;65,32
zenbook;1;2018-01-25 18:43:17 UTC;-1;25,13;0,00;9,90;0,00;0,00;64,97
zenbook;1;2018-01-25 18:43:18 UTC;-1;25,19;0,00;9,82;0,00;0,00;64,99
zenbook;1;2018-01-25 18:43:19 UTC;-1;25,94;0,00;8,82;0,00;0,00;65,24
zenbook;1;2018-01-25 18:43:20 UTC;-1;25,76;0,00;9,34;0,00;0,00;64,90
zenbook;1;2018-01-25 18:43:21 UTC;-1;26,26;0,00;9,60;0,25;0,00;63,89
zenbook;1;2018-01-25 18:43:22 UTC;-1;26,15;0,00;9,74;0,00;0,00;64,10
zenbook;1;2018-01-25 18:43:23 UTC;-1;25,13;0,00;8,72;0,00;0,00;66,15
zenbook;1;2018-01-25 18:43:24 UTC;-1;25,00;0,00;9,02;0,00;0,00;65,98
zenbook;1;2018-01-25 18:43:25 UTC;-1;25,63;0,00;9,55;0,00;0,00;64,82
zenbook;1;2018-01-25 18:43:26 UTC;-1;25,90;0,00;8,46;0,00;0,00;65,64
zenbook;1;2018-01-25 18:43:27 UTC;-1;25,57;0,00;9,11;0,00;0,00;65,32
zenbook;1;2018-01-25 18:43:28 UTC;-1;26,90;0,00;9,14;0,00;0,00;63,96
zenbook;1;2018-01-25 18:43:29 UTC;-1;27,16;0,00;9,90;0,00;0,00;62,94
zenbook;1;2018-01-25 18:43:30 UTC;-1;27,11;0,00;9,97;0,00;0,00;62,92
zenbook;1;2018-01-25 18:43:31 UTC;-1;28,03;0,00;10,10;0,00;0,00;61,87
zenbook;1;2018-01-25 18:43:32 UTC;-1;27,51;0,00;9,25;0,00;0,00;63,24
zenbook;1;2018-01-25 18:43:33 UTC;-1;28,32;0,00;10,28;0,25;0,00;61,15
zenbook;1;2018-01-25 18:43:34 UTC;-1;27,51;0,00;9,51;0,00;0,00;62,98
zenbook;1;2018-01-25 18:43:35 UTC;-1;28,10;0,00;10,13;0,00;0,00;61,77
zenbook;1;2018-01-25 18:43:36 UTC;-1;28,79;0,00;10,10;0,00;0,00;61,11
zenbook;1;2018-01-25 18:43:37 UTC;-1;27,59;0,00;9,62;0,00;0,00;62,78
zenbook;1;2018-01-25 18:43:38 UTC;-1;27,16;0,00;10,41;0,00;0,00;62,44
zenbook;1;2018-01-25 18:43:39 UTC;-1;28,54;0,00;11,11;0,00;0,00;60,35
zenbook;1;2018-01-25 18:43:40 UTC;-1;30,40;0,00;11,31;0,00;0,00;58,29
zenbook;1;2018-01-25 18:43:41 UTC;-1;29,19;0,00;10,91;0,00;0,00;59,90
zenbook;1;2018-01-25 18:43:42 UTC;-1;31,50;0,00;11,50;0,00;0,00;57,00
zenbook;1;2018-01-25 18:43:43 UTC;-1;32,99;0,00;9,46;0,00;0,00;57,54
zenbook;1;2018-01-25 18:43:44 UTC;-1;36,55;0,00;11,17;0,00;0,00;52,28
zenbook;1;2018-01-25 18:43:45 UTC;-1;36,16;0,00;10,22;0,00;0,00;53,62
zenbook;1;2018-01-25 18:43:46 UTC;-1;35,52;0,00;10,33;0,00;0,00;54,16
zenbook;1;2018-01-25 18:43:47 UTC;-1;35,79;0,00;9,64;0,25;0,00;54,31
zenbook;1;2018-01-25 18:43:48 UTC;-1;36,15;0,00;9,74;0,00;0,00;54,10
zenbook;1;2018-01-25 18:43:49 UTC;-1;36,22;0,00;9,95;0,00;0,00;53,83
zenbook;1;2018-01-25 18:43:50 UTC;-1;35,97;0,00;10,71;0,00;0,00;53,32
zenbook;1;2018-01-25 18:43:51 UTC;-1;36,04;0,00;10,41;0,00;0,00;53,55
zenbook;1;2018-01-25 18:43:52 UTC;-1;37,19;0,00;11,56;0,00;0,00;51,26
zenbook;1;2018-01-25 18:43:53 UTC;-1;37,15;0,00;11,20;0,00;0,00;51,65
zenbook;1;2018-01-25 18:43:54 UTC;-1;37,78;0,00;11,84;0,00;0,00;50,38
zenbook;1;2018-01-25 18:43:55 UTC;-1;31,12;0,00;10,71;0,00;0,00;58,16
zenbook;1;2018-01-25 18:43:56 UTC;-1;31,73;0,00;10,91;0,00;0,00;57,36
zenbook;1;2018-01-25 18:43:57 UTC;-1;30,38;0,00;10,13;0,00;0,00;59,49
zenbook;1;2018-01-25 18:43:58 UTC;-1;30,46;0,00;11,17;0,00;0,00;58,38
zenbook;1;2018-01-25 18:43:59 UTC;-1;32,06;0,00;10,43;0,00;0,00;57,51
zenbook;1;2018-01-25 18:44:00 UTC;-1;35,28;0,00;10,66;0,00;0,00;54,06
zenbook;1;2018-01-25 18:44:01 UTC;-1;36,64;0,00;9,92;0,00;0,00;53,44
zenbook;1;2018-01-25 18:44:02 UTC;-1;36,90;0,00;9,92;0,00;0,00;53,18
zenbook;1;2018-01-25 18:44:03 UTC;-1;34,67;0,00;10,05;0,25;0,00;55,03
zenbook;1;2018-01-25 18:44:04 UTC;-1;33,33;0,00;10,18;0,00;0,00;56,49
zenbook;1;2018-01-25 18:44:05 UTC;-1;33,75;0,00;9,57;0,00;0,00;56,68
zenbook;1;2018-01-25 18:44:06 UTC;-1;34,35;0,00;8,65;0,00;0,00;57,00
zenbook;1;2018-01-25 18:44:07 UTC;-1;34,34;0,00;9,09;0,00;0,00;56,57
zenbook;1;2018-01-25 18:44:08 UTC;-1;34,09;0,00;9,27;0,00;0,00;56,64
zenbook;1;2018-01-25 18:44:09 UTC;-1;34,17;0,00;9,55;0,25;0,00;56,03
zenbook;1;2018-01-25 18:44:10 UTC;-1;34,51;0,00;9,32;0,00;0,00;56,17
zenbook;1;2018-01-25 18:44:11 UTC;-1;34,34;0,00;8,59;0,00;0,00;57,07
zenbook;1;2018-01-25 18:44:12 UTC;-1;34,18;0,00;8,86;0,00;0,00;56,96
zenbook;1;2018-01-25 18:44:13 UTC;-1;33,84;0,00;9,09;0,00;0,00;57,07
zenbook;1;2018-01-25 18:44:14 UTC;-1;34,09;0,00;9,34;0,00;0,00;56,57
zenbook;1;2018-01-25 18:44:15 UTC;-1;35,28;0,00;9,14;0,00;0,00;55,58
zenbook;1;2018-01-25 18:44:16 UTC;-1;34,09;0,00;8,84;0,00;0,00;57,07
zenbook;1;2018-01-25 18:44:17 UTC;-1;34,26;0,00;9,39;0,00;0,00;56,35
zenbook;1;2018-01-25 18:44:18 UTC;-1;34,18;0,00;8,67;0,00;0,00;57,14
zenbook;1;2018-01-25 18:44:19 UTC;-1;35,10;0,00;9,60;0,25;0,00;55,05
zenbook;1;2018-01-25 18:44:20 UTC;-1;36,83;0,00;10,23;0,00;0,00;52,94
zenbook;1;2018-01-25 18:44:21 UTC;-1;35,86;0,00;10,86;0,00;0,00;53,28
zenbook;1;2018-01-25 18:44:22 UTC;-1;35,81;0,00;9,46;0,00;0,00;54,73
zenbook;1;2018-01-25 18:44:23 UTC;-1;36,52;0,00;11,59;0,00;0,00;51,89
zenbook;1;2018-01-25 18:44:24 UTC;-1;35,37;0,00;10,94;0,00;0,00;53,69
zenbook;1;2018-01-25 18:44:25 UTC;-1;34,61;0,00;8,91;0,00;0,00;56,49
zenbook;1;2018-01-25 18:44:26 UTC;-1;36,59;0,00;10,78;0,00;0,00;52,63
zenbook;1;2018-01-25 18:44:27 UTC;-1;36,52;0,00;10,08;0,00;0,00;53,40
zenbook;1;2018-01-25 18:44:28 UTC;-1;34,26;0,00;9,90;0,00;0,00;55,84
zenbook;1;2018-01-25 18:44:29 UTC;-1;35,70;0,00;10,63;0,00;0,00;53,67
zenbook;1;2018-01-25 18:44:30 UTC;-1;35,79;0,00;10,91;0,00;0,00;53,30
zenbook;1;2018-01-25 18:44:31 UTC;-1;35,97;0,00;10,46;0,00;0,00;53,57
zenbook;1;2018-01-25 18:44:32 UTC;-1;36,87;0,00;11,36;0,00;0,00;51,77
zenbook;1;2018-01-25 18:44:33 UTC;-1;37,22;0,00;11,39;0,00;0,00;51,39
zenbook;1;2018-01-25 18:44:34 UTC;-1;37,31;0,00;11,68;0,00;0,00;51,02
zenbook;1;2018-01-25 18:44:35 UTC;-1;37,40;0,00;11,96;0,00;0,00;50,64
zenbook;1;2018-01-25 18:44:36 UTC;-1;37,56;0,00;11,42;0,00;0,00;51,02
zenbook;1;2018-01-25 18:44:37 UTC;-1;37,06;0,00;12,44;0,00;0,00;50,51
zenbook;1;2018-01-25 18:44:38 UTC;-1;37,72;0,00;11,90;0,00;0,00;50,38
zenbook;1;2018-01-25 18:44:39 UTC;-1;36,93;0,00;13,07;0,00;0,00;50,00
zenbook;1;2018-01-25 18:44:40 UTC;-1;37,47;0,00;12,15;0,00;0,00;50,38
zenbook;1;2018-01-25 18:44:41 UTC;-1;37,47;0,00;12,15;0,00;0,00;50,38
zenbook;1;2018-01-25 18:44:42 UTC;-1;37,72;0,00;11,65;0,00;0,00;50,63
zenbook;1;2018-01-25 18:44:43 UTC;-1;37,94;0,00;12,31;0,00;0,00;49,75
zenbook;1;2018-01-25 18:44:44 UTC;-1;37,47;0,00;12,41;0,00;0,00;50,13
zenbook;1;2018-01-25 18:44:45 UTC;-1;37,76;0,00;12,24;0,26;0,00;49,74
zenbook;1;2018-01-25 18:44:46 UTC;-1;38,13;0,00;12,37;0,00;0,00;49,49
zenbook;1;2018-01-25 18:44:47 UTC;-1;38,13;0,00;12,88;0,00;0,00;48,99
zenbook;1;2018-01-25 18:44:48 UTC;-1;37,82;0,00;12,44;0,00;0,00;49,75
zenbook;1;2018-01-25 18:44:49 UTC;-1;38,29;0,00;12,34;0,00;0,00;49,37
zenbook;1;2018-01-25 18:44:50 UTC;-1;39,59;0,00;12,69;0,00;0,00;47,72
zenbook;1;2018-01-25 18:44:51 UTC;-1;38,68;0,00;12,72;0,00;0,00;48,60
zenbook;1;2018-01-25 18:44:52 UTC;-1;39,85;0,00;12,44;0,00;0,00;47,72
zenbook;1;2018-01-25 18:44:53 UTC;-1;38,38;0,00;13,89;0,00;0,00;47,73
zenbook;1;2018-01-25 18:44:54 UTC;-1;38,64;0,00;12,37;0,00;0,00;48,99
zenbook;1;2018-01-25 18:44:55 UTC;-1;39,80;0,00;12,09;0,00;0,00;48,11
zenbook;1;2018-01-25 18:44:56 UTC;-1;39,34;0,00;12,18;0,00;0,00;48,48
zenbook;1;2018-01-25 18:44:57 UTC;-1;40,97;0,00;11,96;0,00;0,00;47,07
zenbook;1;2018-01-25 18:44:58 UTC;-1;39,69;0,00;12,98;0,00;0,00;47,33
zenbook;1;2018-01-25 18:44:59 UTC;-1;39,75;0,00;13,16;0,00;0,00;47,09
zenbook;1;2018-01-25 18:45:00 UTC;-1;39,29;0,00;13,01;0,00;0,00;47,70
zenbook;1;2018-01-25 18:45:01 UTC;-1;39,59;0,00;12,34;0,00;0,00;48,07
zenbook;1;2018-01-25 18:45:02 UTC;-1;39,35;0,00;13,28;0,00;0,00;47,37
zenbook;1;2018-01-25 18:45:03 UTC;-1;39,59;0,00;13,45;0,00;0,00;46,95
zenbook;1;2018-01-25 18:45:04 UTC;-1;40,82;0,00;14,03;0,00;0,00;45,15
zenbook;1;2018-01-25 18:45:05 UTC;-1;41,65;0,00;14,21;0,00;0,00;44,14
zenbook;1;2018-01-25 18:45:06 UTC;-1;39,90;0,00;12,79;0,00;0,00;47,31
zenbook;1;2018-01-25 18:45:07 UTC;-1;39,75;0,00;13,42;0,00;0,00;46,84
zenbook;1;2018-01-25 18:45:08 UTC;-1;39,55;0,00;13,35;0,25;0,00;46,85
zenbook;1;2018-01-25 18:45:09 UTC;-1;40,46;0,00;12,72;0,00;0,00;46,82
zenbook;1;2018-01-25 18:45:10 UTC;-1;46,21;0,00;14,39;0,00;0,00;39,39
zenbook;1;2018-01-25 18:45:11 UTC;-1;39,95;0,00;13,49;0,00;0,00;46,56
zenbook;1;2018-01-25 18:45:12 UTC;-1;40,46;0,00;12,47;0,00;0,00;47,07
zenbook;1;2018-01-25 18:45:13 UTC;-1;38,93;0,00;13,74;0,00;0,00;47,33
zenbook;1;2018-01-25 18:45:14 UTC;-1;39,65;0,00;12,88;0,00;0,00;47,47
zenbook;1;2018-01-25 18:45:15 UTC;-1;39,19;0,00;13,23;0,00;0,00;47,58
zenbook;1;2018-01-25 18:45:16 UTC;-1;38,99;0,00;13,16;0,00;0,00;47,85
zenbook;1;2018-01-25 18:45:17 UTC;-1;39,80;0,00;12,85;0,00;0,00;47,36
zenbook;1;2018-01-25 18:45:18 UTC;-1;39,44;0,00;12,72;0,00;0,00;47,84
zenbook;1;2018-01-25 18:45:19 UTC;-1;38,79;0,00;13,60;0,00;0,00;47,61
zenbook;1;2018-01-25 18:45:20 UTC;-1;38,32;0,00;13,45;0,00;0,00;48,22
zenbook;1;2018-01-25 18:45:21 UTC;-1;36,55;0,00;11,93;0,00;0,00;51,52
zenbook;1;2018-01-25 18:45:22 UTC;-1;36,11;0,00;12,37;0,25;0,00;51,26
zenbook;1;2018-01-25 18:45:23 UTC;-1;36,90;0,00;11,96;0,00;0,00;51,15
zenbook;1;2018-01-25 18:45:24 UTC;-1;37,63;0,00;10,61;0,00;0,00;51,77
zenbook;1;2018-01-25 18:45:25 UTC;-1;37,56;0,00;11,42;0,00;0,00;51,02
zenbook;1;2018-01-25 18:45:26 UTC;-1;37,66;0,00;11,20;0,00;0,00;51,15
zenbook;1;2018-01-25 18:45:27 UTC;-1;35,86;0,00;10,61;0,00;0,00;53,54
zenbook;1;2018-01-25 18:45:28 UTC;-1;36,87;0,00;11,87;0,00;0,00;51,26
zenbook;1;2018-01-25 18:45:29 UTC;-1;37,76;0,00;12,76;0,00;0,00;49,49
zenbook;1;2018-01-25 18:45:30 UTC;-1;35,79;0,00;10,91;0,00;0,00;53,30
zenbook;1;2018-01-25 18:45:31 UTC;-1;35,95;0,00;10,13;0,00;0,00;53,92
zenbook;1;2018-01-25 18:45:32 UTC;-1;38,32;0,00;13,20;0,00;0,00;48,48
zenbook;1;2018-01-25 18:45:33 UTC;-1;38,23;0,00;12,91;0,00;0,00;48,86
zenbook;1;2018-01-25 18:45:34 UTC;-1;37,12;0,00;10,61;0,00;0,00;52,27
zenbook;1;2018-01-25 18:45:35 UTC;-1;37,89;0,00;11,60;0,00;0,00;50,52
zenbook;1;2018-01-25 18:45:36 UTC;-1;38,99;0,00;12,66;0,00;0,00;48,35
zenbook;1;2018-01-25 18:45:37 UTC;-1;37,97;0,00;12,15;0,00;0,00;49,87
zenbook;1;2018-01-25 18:45:38 UTC;-1;38,83;0,00;12,44;0,00;0,00;48,73
zenbook;1;2018-01-25 18:45:39 UTC;-1;38,78;0,00;12,24;0,00;0,00;48,98
zenbook;1;2018-01-25 18:45:40 UTC;-1;39,44;0,00;12,72;0,00;0,00;47,84
zenbook;1;2018-01-25 18:45:41 UTC;-1;37,63;0,00;12,12;0,00;0,00;50,25
zenbook;1;2018-01-25 18:45:42 UTC;-1;36,59;0,00;11,78;0,00;0,00;51,63
zenbook;1;2018-01-25 18:45:43 UTC;-1;38,01;0,00;11,73;0,26;0,00;50,00
zenbook;1;2018-01-25 18:45:44 UTC;-1;37,69;0,00;11,06;0,00;0,00;51,26
zenbook;1;2018-01-25 18:45:45 UTC;-1;37,53;0,00;10,28;0,00;0,00;52,19
zenbook;1;2018-01-25 18:45:46 UTC;-1;36,27;0,00;10,58;0,00;0,00;53,15
zenbook;1;2018-01-25 18:45:47 UTC;-1;36,39;0,00;9,67;0,00;0,00;53,94
zenbook;1;2018-01-25 18:45:48 UTC;-1;36,87;0,00;9,85;0,00;0,00;53,28
zenbook;1;2018-01-25 18:45:49 UTC;-1;37,82;0,00;12,18;0,00;0,00;50,00
zenbook;1;2018-01-25 18:45:50 UTC;-1;36,92;0,00;10,51;0,00;0,00;52,56
zenbook;1;2018-01-25 18:45:51 UTC;-1;38,21;0,00;12,82;0,00;0,00;48,97
zenbook;1;2018-01-25 18:45:52 UTC;-1;38,42;0,00;13,23;0,00;0,00;48,35
zenbook;1;2018-01-25 18:45:53 UTC;-1;38,58;0,00;12,69;0,00;0,00;48,73
zenbook;1;2018-01-25 18:45:54 UTC;-1;39,13;0,00;12,28;0,00;0,00;48,59
zenbook;1;2018-01-25 18:45:55 UTC;-1;37,53;0,00;11,84;0,00;0,00;50,63
zenbook;1;2018-01-25 18:45:56 UTC;-1;38,38;0,00;12,37;0,00;0,00;49,24
zenbook;1;2018-01-25 18:45:57 UTC;-1;39,29;0,00;11,22;0,00;0,00;49,49
zenbook;1;2018-01-25 18:45:58 UTC;-1;38,90;0,00;13,97;0,25;0,00;46,88
zenbook;1;2018-01-25 18:45:59 UTC;-1;38,46;0,00;11,79;0,00;0,00;49,74
zenbook;1;2018-01-25 18:46:00 UTC;-1;39,39;0,00;12,28;0,00;0,00;48,34
zenbook;1;2018-01-25 18:46:01 UTC;-1;39,19;0,00;12,21;0,00;0,00;48,60
zenbook;1;2018-01-25 18:46:02 UTC;-1;38,17;0,00;11,96;0,00;0,00;49,87
zenbook;1;2018-01-25 18:46:03 UTC;-1;37,34;0,00;11,25;0,00;0,00;51,41
zenbook;1;2018-01-25 18:46:04 UTC;-1;39,39;0,00;11,87;0,00;0,00;48,74
zenbook;1;2018-01-25 18:46:05 UTC;-1;37,95;0,00;11,54;0,00;0,00;50,51
zenbook;1;2018-01-25 18:46:06 UTC;-1;38,52;0,00;12,50;0,00;0,00;48,98
zenbook;1;2018-01-25 18:46:07 UTC;-1;38,58;0,00;11,93;0,00;0,00;49,49
zenbook;1;2018-01-25 18:46:08 UTC;-1;40,31;0,00;13,52;0,00;0,00;46,17
zenbook;1;2018-01-25 18:46:09 UTC;-1;40,25;0,00;13,92;0,00;0,00;45,82
zenbook;1;2018-01-25 18:46:10 UTC;-1;39,54;0,00;13,52;0,00;0,00;46,94
zenbook;1;2018-01-25 18:46:11 UTC;-1;40,85;0,00;14,04;0,00;0,00;45,11
zenbook;1;2018-01-25 18:46:12 UTC;-1;40,36;0,00;12,44;0,00;0,00;47,21
zenbook;1;2018-01-25 18:46:13 UTC;-1;42,00;0,00;15,75;0,00;0,00;42,25
zenbook;1;2018-01-25 18:46:14 UTC;-1;40,36;0,00;13,71;0,00;0,00;45,94
zenbook;1;2018-01-25 18:46:15 UTC;-1;40,71;0,00;13,23;0,00;0,00;46,06
zenbook;1;2018-01-25 18:46:16 UTC;-1;40,05;0,00;13,27;0,00;0,00;46,68
zenbook;1;2018-01-25 18:46:17 UTC;-1;40,20;0,00;13,74;0,00;0,00;46,06
zenbook;1;2018-01-25 18:46:18 UTC;-1;40,45;0,00;13,32;0,00;0,00;46,23
zenbook;1;2018-01-25 18:46:19 UTC;-1;43,15;0,00;14,47;0,25;0,00;42,13
zenbook;1;2018-01-25 18:46:20 UTC;-1;42,24;0,00;14,76;0,00;0,00;43,00
zenbook;1;2018-01-25 18:46:21 UTC;-1;42,60;0,00;13,01;0,00;0,00;44,39
zenbook;1;2018-01-25 18:46:22 UTC;-1;40,82;0,00;13,78;0,00;0,00;45,41
zenbook;1;2018-01-25 18:46:23 UTC;-1;40,76;0,00;14,18;0,00;0,00;45,06
zenbook;1;2018-01-25 18:46:24 UTC;-1;41,22;0,00;13,99;0,00;0,00;44,78
zenbook;1;2018-01-25 18:46:25 UTC;-1;40,97;0,00;13,99;0,00;0,00;45,04
zenbook;1;2018-01-25 18:46:26 UTC;-1;41,27;0,00;14,18;0,00;0,00;44,56
zenbook;1;2018-01-25 18:46:27 UTC;-1;40,46;0,00;13,74;0,00;0,00;45,80
zenbook;1;2018-01-25 18:46:28 UTC;-1;40,86;0,00;13,71;0,00;0,00;45,43
zenbook;1;2018-01-25 18:46:29 UTC;-1;40,41;0,00;13,55;0,00;0,00;46,04
zenbook;1;2018-01-25 18:46:30 UTC;-1;39,95;0,00;13,74;0,00;0,00;46,31
zenbook;1;2018-01-25 18:46:31 UTC;-1;40,26;0,00;13,33;0,00;0,00;46,41
zenbook;1;2018-01-25 18:46:32 UTC;-1;40,20;0,00;13,49;0,00;0,00;46,31
zenbook;1;2018-01-25 18:46:33 UTC;-1;40,86;0,00;13,20;0,00;0,00;45,94
zenbook;1;2018-01-25 18:46:34 UTC;-1;39,75;0,00;14,18;0,25;0,00;45,82
zenbook;1;2018-01-25 18:46:35 UTC;-1;40,00;0,00;13,59;0,00;0,00;46,41
zenbook;1;2018-01-25 18:46:36 UTC;-1;40,81;0,00;13,35;0,00;0,00;45,84
zenbook;1;2018-01-25 18:46:37 UTC;-1;40,05;0,00;13,27;0,00;0,00;46,68
zenbook;1;2018-01-25 18:46:38 UTC;-1;40,55;0,00;13,60;0,00;0,00;45,84
zenbook;1;2018-01-25 18:46:39 UTC;-1;40,31;0,00;13,27;0,00;0,00;46,43
zenbook;1;2018-01-25 18:46:40 UTC;-1;41,48;0,00;13,23;0,25;0,00;45,04
zenbook;1;2018-01-25 18:46:41 UTC;-1;39,65;0,00;14,65;0,00;0,00;45,71
zenbook;1;2018-01-25 18:46:42 UTC;-1;40,45;0,00;13,07;0,00;0,00;46,48
zenbook;1;2018-01-25 18:46:43 UTC;-1;40,36;0,00;13,11;0,00;0,00;46,53
zenbook;1;2018-01-25 18:46:44 UTC;-1;39,85;0,00;13,45;0,25;0,00;46,45
zenbook;1;2018-01-25 18:46:45 UTC;-1;40,35;0,00;14,29;0,00;0,00;45,36
zenbook;1;2018-01-25 18:46:46 UTC;-1;40,10;0,00;13,45;0,00;0,00;46,45
zenbook;1;2018-01-25 18:46:47 UTC;-1;39,59;0,00;14,47;0,00;0,00;45,94
zenbook;1;2018-01-25 18:46:48 UTC;-1;40,51;0,00;13,16;0,00;0,00;46,33
zenbook;1;2018-01-25 18:46:49 UTC;-1;40,25;0,00;13,42;0,00;0,00;46,33
zenbook;1;2018-01-25 18:46:50 UTC;-1;40,40;0,00;13,38;0,00;0,00;46,21
zenbook;1;2018-01-25 18:46:51 UTC;-1;40,51;0,00;13,42;0,00;0,00;46,08
zenbook;1;2018-01-25 18:46:52 UTC;-1;40,30;0,00;13,60;0,00;0,00;46,10
zenbook;1;2018-01-25 18:46:53 UTC;-1;40,66;0,00;13,89;0,00;0,00;45,45
zenbook;1;2018-01-25 18:46:54 UTC;-1;39,55;0,00;14,36;0,00;0,00;46,10
zenbook;1;2018-01-25 18:46:55 UTC;-1;39,69;0,00;13,99;0,00;0,00;46,31
zenbook;1;2018-01-25 18:46:56 UTC;-1;40,00;0,00;13,92;0,00;0,00;46,08
zenbook;1;2018-01-25 18:46:57 UTC;-1;40,36;0,00;13,71;0,00;0,00;45,94
zenbook;1;2018-01-25 18:46:58 UTC;-1;39,59;0,00;13,96;0,25;0,00;46,19
zenbook;1;2018-01-25 18:46:59 UTC;-1;40,05;0,00;14,11;0,00;0,00;45,84
zenbook;1;2018-01-25 18:47:00 UTC;-1;40,41;0,00;13,30;0,00;0,00;46,29
zenbook;1;2018-01-25 18:47:01 UTC;-1;39,95;0,00;13,49;0,00;0,00;46,56
zenbook;1;2018-01-25 18:47:02 UTC;-1;40,31;0,00;13,01;0,00;0,00;46,68
zenbook;1;2018-01-25 18:47:03 UTC;-1;39,59;0,00;13,88;0,00;0,00;46,53
zenbook;1;2018-01-25 18:47:04 UTC;-1;39,39;0,00;13,81;0,00;0,00;46,80
zenbook;1;2018-01-25 18:47:05 UTC;-1;40,40;0,00;13,97;0,00;0,00;45,64
zenbook;1;2018-01-25 18:47:06 UTC;-1;39,90;0,00;13,55;0,00;0,00;46,55
zenbook;1;2018-01-25 18:47:07 UTC;-1;40,10;0,00;13,71;0,00;0,00;46,19
zenbook;1;2018-01-25 18:47:08 UTC;-1;39,85;0,00;13,45;0,00;0,00;46,70
zenbook;1;2018-01-25 18:47:09 UTC;-1;40,75;0,00;13,50;0,00;0,00;45,75
zenbook;1;2018-01-25 18:47:10 UTC;-1;40,36;0,00;13,45;0,00;0,00;46,19
zenbook;1;2018-01-25 18:47:11 UTC;-1;40,20;0,00;13,49;0,00;0,00;46,31
zenbook;1;2018-01-25 18:47:12 UTC;-1;39,45;0,00;14,57;0,00;0,00;45,98
zenbook;1;2018-01-25 18:47:13 UTC;-1;41,31;0,00;15,11;0,00;0,00;43,58
zenbook;1;2018-01-25 18:47:14 UTC;-1;39,90;0,00;14,14;0,00;0,00;45,96
zenbook;1;2018-01-25 18:47:15 UTC;-1;40,82;0,00;13,78;0,00;0,00;45,41
zenbook;1;2018-01-25 18:47:16 UTC;-1;39,69;0,00;13,99;0,00;0,00;46,31
zenbook;1;2018-01-25 18:47:17 UTC;-1;40,10;0,00;13,62;0,00;0,00;46,27
zenbook;1;2018-01-25 18:47:18 UTC;-1;39,85;0,00;14,21;0,25;0,00;45,69
zenbook;1;2018-01-25 18:47:19 UTC;-1;42,82;0,00;13,85;0,00;0,00;43,33
zenbook;1;2018-01-25 18:47:20 UTC;-1;41,56;0,00;14,11;0,00;0,00;44,33
zenbook;1;2018-01-25 18:47:21 UTC;-1;41,56;0,00;14,86;0,00;0,00;43,58
zenbook;1;2018-01-25 18:47:22 UTC;-1;40,71;0,00;13,99;0,00;0,00;45,29
zenbook;1;2018-01-25 18:47:23 UTC;-1;41,73;0,00;14,50;0,00;0,00;43,77
zenbook;1;2018-01-25 18:47:24 UTC;-1;41,98;0,00;14,50;0,00;0,00;43,51
zenbook;1;2018-01-25 18:47:25 UTC;-1;41,77;0,00;13,92;0,00;0,00;44,30
zenbook;1;2018-01-25 18:47:26 UTC;-1;41,16;0,00;14,14;0,00;0,00;44,70
zenbook;1;2018-01-25 18:47:27 UTC;-1;39,43;0,00;14,43;0,00;0,00;46,13
zenbook;1;2018-01-25 18:47:28 UTC;-1;42,24;0,00;14,76;0,00;0,00;43,00
zenbook;1;2018-01-25 18:47:29 UTC;-1;42,57;0,00;14,36;0,00;0,00;43,07
zenbook;1;2018-01-25 18:47:30 UTC;-1;41,73;0,00;13,99;0,00;0,00;44,27
zenbook;1;2018-01-25 18:47:31 UTC;-1;41,52;0,00;14,94;0,00;0,00;43,54
zenbook;1;2018-01-25 18:47:32 UTC;-1;41,22;0,00;14,50;0,00;0,00;44,27
zenbook;1;2018-01-25 18:47:33 UTC;-1;40,30;0,00;15,62;0,00;0,00;44,08
zenbook;1;2018-01-25 18:47:34 UTC;-1;40,82;0,00;14,29;0,26;0,00;44,64
zenbook;1;2018-01-25 18:47:35 UTC;-1;41,48;0,00;13,74;0,00;0,00;44,78
zenbook;1;2018-01-25 18:47:36 UTC;-1;40,66;0,00;14,32;0,00;0,00;45,01
zenbook;1;2018-01-25 18:47:37 UTC;-1;45,80;0,00;14,76;0,00;0,00;39,44
zenbook;1;2018-01-25 18:47:38 UTC;-1;41,54;0,00;14,36;0,00;0,00;44,10
zenbook;1;2018-01-25 18:47:39 UTC;-1;43,94;0,00;14,90;0,00;0,00;41,16
zenbook;1;2018-01-25 18:47:40 UTC;-1;43,77;0,00;14,50;0,00;0,00;41,73
zenbook;1;2018-01-25 18:47:41 UTC;-1;42,20;0,00;14,83;0,00;0,00;42,97
zenbook;1;2018-01-25 18:47:42 UTC;-1;42,49;0,00;14,50;0,00;0,00;43,00
zenbook;1;2018-01-25 18:47:43 UTC;-1;41,48;0,00;15,27;0,00;0,00;43,26
zenbook;1;2018-01-25 18:47:44 UTC;-1;42,27;0,00;14,18;0,00;0,00;43,56
zenbook;1;2018-01-25 18:47:45 UTC;-1;41,31;0,00;15,11;0,00;0,00;43,58
zenbook;1;2018-01-25 18:47:46 UTC;-1;41,03;0,00;14,10;0,00;0,00;44,87
zenbook;1;2018-01-25 18:47:47 UTC;-1;41,67;0,00;14,65;0,00;0,00;43,69
zenbook;1;2018-01-25 18:47:48 UTC;-1;41,62;0,00;14,21;0,00;0,00;44,16
zenbook;1;2018-01-25 18:47:49 UTC;-1;42,03;0,00;14,43;0,00;0,00;43,54
zenbook;1;2018-01-25 18:47:50 UTC;-1;41,54;0,00;14,10;0,00;0,00;44,36
zenbook;1;2018-01-25 18:47:51 UTC;-1;41,73;0,00;14,25;0,00;0,00;44,02
zenbook;1;2018-01-25 18:47:52 UTC;-1;41,77;0,00;14,18;0,00;0,00;44,05
zenbook;1;2018-01-25 18:47:53 UTC;-1;41,41;0,00;14,90;0,00;0,00;43,69
zenbook;1;2018-01-25 18:47:54 UTC;-1;41,54;0,00;13,85;0,26;0,00;44,36
zenbook;1;2018-01-25 18:47:55 UTC;-1;40,77;0,00;14,36;0,00;0,00;44,87
zenbook;1;2018-01-25 18:47:56 UTC;-1;42,07;0,00;14,86;0,00;0,00;43,07
zenbook;1;2018-01-25 18:47:57 UTC;-1;41,77;0,00;13,92;0,00;0,00;44,30
zenbook;1;2018-01-25 18:47:58 UTC;-1;41,94;0,00;14,32;0,00;0,00;43,73
zenbook;1;2018-01-25 18:47:59 UTC;-1;40,78;0,00;14,29;0,00;0,00;44,94
zenbook;1;2018-01-25 18:48:00 UTC;-1;41,92;0,00;14,14;0,00;0,00;43,94
zenbook;1;2018-01-25 18:48:01 UTC;-1;40,31;0,00;14,29;0,00;0,00;45,41
zenbook;1;2018-01-25 18:48:02 UTC;-1;39,64;0,00;14,32;0,00;0,00;46,04
zenbook;1;2018-01-25 18:48:03 UTC;-1;39,49;0,00;15,19;0,00;0,00;45,32
zenbook;1;2018-01-25 18:48:04 UTC;-1;40,05;0,00;14,86;0,00;0,00;45,09
zenbook;1;2018-01-25 18:48:05 UTC;-1;39,74;0,00;13,85;0,00;0,00;46,41
zenbook;1;2018-01-25 18:48:06 UTC;-1;40,05;0,00;14,61;0,00;0,00;45,34
zenbook;1;2018-01-25 18:48:07 UTC;-1;38,78;0,00;15,31;0,00;0,00;45,92
zenbook;1;2018-01-25 18:48:08 UTC;-1;39,13;0,00;14,58;0,00;0,00;46,29
zenbook;1;2018-01-25 18:48:09 UTC;-1;45,41;0,00;16,58;0,26;0,00;37,76
zenbook;1;2018-01-25 18:48:10 UTC;-1;45,94;0,00;15,74;0,00;0,00;38,32
zenbook;1;2018-01-25 18:48:11 UTC;-1;39,85;0,00;14,47;0,00;0,00;45,69
zenbook;1;2018-01-25 18:48:12 UTC;-1;39,59;0,00;15,48;0,00;0,00;44,92
zenbook;1;2018-01-25 18:48:13 UTC;-1;39,33;0,00;14,40;0,00;0,00;46,27
zenbook;1;2018-01-25 18:48:14 UTC;-1;38,58;0,00;15,48;0,00;0,00;45,94
zenbook;1;2018-01-25 18:48:15 UTC;-1;41,21;0,00;14,57;0,00;0,00;44,22
zenbook;1;2018-01-25 18:48:16 UTC;-1;39,70;0,00;15,83;0,00;0,00;44,47
zenbook;1;2018-01-25 18:48:17 UTC;-1;39,85;0,00;13,88;0,00;0,00;46,27
zenbook;1;2018-01-25 18:48:18 UTC;-1;40,92;0,00;14,07;0,00;0,00;45,01
zenbook;1;2018-01-25 18:48:19 UTC;-1;41,79;0,00;13,85;0,00;0,00;44,36
zenbook;1;2018-01-25 18:48:20 UTC;-1;40,61;0,00;14,72;0,00;0,00;44,67
zenbook;1;2018-01-25 18:48:21 UTC;-1;40,25;0,00;15,44;0,00;0,00;44,30
zenbook;1;2018-01-25 18:48:22 UTC;-1;41,73;0,00;14,50;0,00;0,00;43,77
zenbook;1;2018-01-25 18:48:23 UTC;-1;42,03;0,00;15,19;0,25;0,00;42,53
zenbook;1;2018-01-25 18:48:24 UTC;-1;40,97;0,00;14,50;0,00;0,00;44,53
zenbook;1;2018-01-25 18:48:25 UTC;-1;41,18;0,00;14,58;0,00;0,00;44,25
zenbook;1;2018-01-25 18:48:26 UTC;-1;41,07;0,00;14,29;0,00;0,00;44,64
zenbook;1;2018-01-25 18:48:27 UTC;-1;41,31;0,00;15,37;0,00;0,00;43,32
zenbook;1;2018-01-25 18:48:28 UTC;-1;41,79;0,00;14,10;0,00;0,00;44,10
zenbook;1;2018-01-25 18:48:29 UTC;-1;41,37;0,00;14,72;0,00;0,00;43,91
zenbook;1;2018-01-25 18:48:30 UTC;-1;40,00;0,00;15,13;0,00;0,00;44,87
zenbook;1;2018-01-25 18:48:31 UTC;-1;40,76;0,00;14,94;0,00;0,00;44,30
zenbook;1;2018-01-25 18:48:32 UTC;-1;41,27;0,00;14,68;0,00;0,00;44,05
zenbook;1;2018-01-25 18:48:33 UTC;-1;40,82;0,00;15,31;0,00;0,00;43,88
zenbook;1;2018-01-25 18:48:34 UTC;-1;41,84;0,00;15,56;0,00;0,00;42,60
zenbook;1;2018-01-25 18:48:35 UTC;-1;40,92;0,00;14,58;0,00;0,00;44,50
zenbook;1;2018-01-25 18:48:36 UTC;-1;41,88;0,00;14,47;0,00;0,00;43,65
zenbook;1;2018-01-25 18:48:37 UTC;-1;41,22;0,00;14,50;0,00;0,00;44,27
zenbook;1;2018-01-25 18:48:38 UTC;-1;41,03;0,00;15,38;0,00;0,00;43,59
zenbook;1;2018-01-25 18:48:39 UTC;-1;41,84;0,00;15,05;0,00;0,00;43,11
zenbook;1;2018-01-25 18:48:40 UTC;-1;41,37;0,00;15,23;0,00;0,00;43,40
zenbook;1;2018-01-25 18:48:41 UTC;-1;42,82;0,00;15,37;0,25;0,00;41,56
zenbook;1;2018-01-25 18:48:42 UTC;-1;42,24;0,00;15,01;0,00;0,00;42,75
zenbook;1;2018-01-25 18:48:43 UTC;-1;42,20;0,00;15,09;0,00;0,00;42,71
zenbook;1;2018-01-25 18:48:44 UTC;-1;42,93;0,00;14,90;0,00;0,00;42,17
zenbook;1;2018-01-25 18:48:45 UTC;-1;41,49;0,00;15,46;0,00;0,00;43,04
zenbook;1;2018-01-25 18:48:46 UTC;-1;42,35;0,00;15,56;0,00;0,00;42,09
zenbook;1;2018-01-25 18:48:47 UTC;-1;41,79;0,00;15,38;0,00;0,00;42,82
zenbook;1;2018-01-25 18:48:48 UTC;-1;42,93;0,00;15,40;0,00;0,00;41,67
zenbook;1;2018-01-25 18:48:49 UTC;-1;41,07;0,00;16,07;0,00;0,00;42,86
zenbook;1;2018-01-25 18:48:50 UTC;-1;42,82;0,00;14,62;0,00;0,00;42,56
zenbook;1;2018-01-25 18:48:51 UTC;-1;42,35;0,00;14,80;0,00;0,00;42,86
zenbook;1;2018-01-25 18:48:52 UTC;-1;41,28;0,00;15,13;0,00;0,00;43,59
zenbook;1;2018-01-25 18:48:53 UTC;-1;41,67;0,00;15,40;0,00;0,00;42,93
zenbook;1;2018-01-25 18:48:54 UTC;-1;41,33;0,00;15,05;0,26;0,00;43,37
zenbook;1;2018-01-25 18:48:55 UTC;-1;41,49;0,00;14,43;0,00;0,00;44,07
zenbook;1;2018-01-25 18:48:56 UTC;-1;41,84;0,00;15,05;0,00;0,00;43,11
zenbook;1;2018-01-25 18:48:57 UTC;-1;41,07;0,00;16,33;0,00;0,00;42,60
zenbook;1;2018-01-25 18:48:58 UTC;-1;42,35;0,00;14,54;0,00;0,00;43,11
zenbook;1;2018-01-25 18:48:59 UTC;-1;43,33;0,00;15,38;0,00;0,00;41,28
zenbook;1;2018-01-25 18:49:00 UTC;-1;45,27;0,00;15,35;0,00;0,00;39,39
zenbook;1;2018-01-25 18:49:01 UTC;-1;43,48;0,00;14,83;0,00;0,00;41,69
zenbook;1;2018-01-25 18:49:02 UTC;-1;42,68;0,00;15,66;0,00;0,00;41,67
zenbook;1;2018-01-25 18:49:03 UTC;-1;45,27;0,00;15,60;0,00;0,00;39,13
zenbook;1;2018-01-25 18:49:04 UTC;-1;42,35;0,00;15,56;0,00;0,00;42,09
zenbook;1;2018-01-25 18:49:05 UTC;-1;41,73;0,00;15,52;0,00;0,00;42,75
zenbook;1;2018-01-25 18:49:06 UTC;-1;42,03;0,00;16,20;0,00;0,00;41,77
zenbook;1;2018-01-25 18:49:07 UTC;-1;42,64;0,00;16,24;0,00;0,00;41,12
zenbook;1;2018-01-25 18:49:08 UTC;-1;42,89;0,00;15,48;0,25;0,00;41,37
zenbook;1;2018-01-25 18:49:09 UTC;-1;42,03;0,00;16,46;0,00;0,00;41,52
zenbook;1;2018-01-25 18:49:10 UTC;-1;41,58;0,00;15,56;0,00;0,00;42,86
zenbook;1;2018-01-25 18:49:11 UTC;-1;41,94;0,00;15,86;0,00;0,00;42,20
zenbook;1;2018-01-25 18:49:12 UTC;-1;42,31;0,00;14,62;0,00;0,00;43,08
zenbook;1;2018-01-25 18:49:13 UTC;-1;42,13;0,00;16,24;0,00;0,00;41,62
zenbook;1;2018-01-25 18:49:14 UTC;-1;42,93;0,00;15,40;0,00;0,00;41,67
zenbook;1;2018-01-25 18:49:15 UTC;-1;41,16;0,00;16,67;0,00;0,00;42,17
zenbook;1;2018-01-25 18:49:16 UTC;-1;42,09;0,00;15,31;0,00;0,00;42,60
zenbook;1;2018-01-25 18:49:17 UTC;-1;42,64;0,00;15,23;0,00;0,00;42,13
zenbook;1;2018-01-25 18:49:18 UTC;-1;41,88;0,00;15,74;0,00;0,00;42,39
zenbook;1;2018-01-25 18:49:19 UTC;-1;42,24;0,00;15,78;0,00;0,00;41,98
zenbook;1;2018-01-25 18:49:20 UTC;-1;42,78;0,00;14,94;0,00;0,00;42,28
zenbook;1;2018-01-25 18:49:21 UTC;-1;42,13;0,00;15,48;0,00;0,00;42,39
zenbook;1;2018-01-25 18:49:22 UTC;-1;41,98;0,00;15,27;0,25;0,00;42,49
zenbook;1;2018-01-25 18:49:23 UTC;-1;42,42;0,00;14,91;0,00;0,00;42,67
zenbook;1;2018-01-25 18:49:24 UTC;-1;41,69;0,00;15,09;0,00;0,00;43,22
zenbook;1;2018-01-25 18:49:25 UTC;-1;41,43;0,00;15,60;0,00;0,00;42,97
zenbook;1;2018-01-25 18:49:26 UTC;-1;41,60;0,00;14,99;0,00;0,00;43,41
zenbook;1;2018-01-25 18:49:27 UTC;-1;41,48;0,00;16,03;0,00;0,00;42,49
zenbook;1;2018-01-25 18:49:28 UTC;-1;42,31;0,00;14,87;0,00;0,00;42,82
zenbook;1;2018-01-25 18:49:29 UTC;-1;42,35;0,00;14,80;0,00;0,00;42,86
zenbook;1;2018-01-25 18:49:30 UTC;-1;41,48;0,00;15,52;0,00;0,00;43,00
zenbook;1;2018-01-25 18:49:31 UTC;-1;42,24;0,00;15,27;0,00;0,00;42,49
zenbook;1;2018-01-25 18:49:32 UTC;-1;41,77;0,00;14,94;0,00;0,00;43,29
zenbook;1;2018-01-25 18:49:33 UTC;-1;42,39;0,00;15,46;0,25;0,00;41,90
zenbook;1;2018-01-25 18:49:34 UTC;-1;43,07;0,00;16,37;0,00;0,00;40,55
zenbook;1;2018-01-25 18:49:35 UTC;-1;43,22;0,00;15,35;0,00;0,00;41,43
zenbook;1;2018-01-25 18:49:36 UTC;-1;42,28;0,00;15,19;0,00;0,00;42,53
zenbook;1;2018-01-25 18:49:37 UTC;-1;41,62;0,00;15,74;0,00;0,00;42,64
zenbook;1;2018-01-25 18:49:38 UTC;-1;42,42;0,00;15,17;0,00;0,00;42,42
zenbook;1;2018-01-25 18:49:39 UTC;-1;43,01;0,00;14,25;0,00;0,00;42,75
zenbook;1;2018-01-25 18:49:40 UTC;-1;41,79;0,00;15,13;0,00;0,00;43,08
zenbook;1;2018-01-25 18:49:41 UTC;-1;42,86;0,00;14,80;0,00;0,00;42,35
zenbook;1;2018-01-25 18:49:42 UTC;-1;41,52;0,00;15,95;0,00;0,00;42,53
zenbook;1;2018-01-25 18:49:43 UTC;-1;41,88;0,00;15,48;0,25;0,00;42,39
zenbook;1;2018-01-25 18:49:44 UTC;-1;43,54;0,00;16,46;0,00;0,00;40,00
zenbook;1;2018-01-25 18:49:45 UTC;-1;42,86;0,00;15,05;0,00;0,00;42,09
zenbook;1;2018-01-25 18:49:46 UTC;-1;42,93;0,00;14,65;0,00;0,00;42,42
zenbook;1;2018-01-25 18:49:47 UTC;-1;43,04;0,00;15,44;0,00;0,00;41,52
zenbook;1;2018-01-25 18:49:48 UTC;-1;41,73;0,00;16,03;0,00;0,00;42,24
zenbook;1;2018-01-25 18:49:49 UTC;-1;42,68;0,00;15,66;0,00;0,00;41,67
zenbook;1;2018-01-25 18:49:50 UTC;-1;43,18;0,00;14,65;0,00;0,00;42,17
zenbook;1;2018-01-25 18:49:51 UTC;-1;41,58;0,00;16,07;0,00;0,00;42,35
zenbook;1;2018-01-25 18:49:52 UTC;-1;42,31;0,00;15,13;0,00;0,00;42,56
zenbook;1;2018-01-25 18:49:53 UTC;-1;41,98;0,00;16,03;0,00;0,00;41,98
zenbook;1;2018-01-25 18:49:54 UTC;-1;43,44;0,00;15,68;0,00;0,00;40,87
zenbook;1;2018-01-25 18:49:55 UTC;-1;44,02;0,00;15,52;0,00;0,00;40,46
zenbook;1;2018-01-25 18:49:56 UTC;-1;42,20;0,00;16,62;0,00;0,00;41,18
zenbook;1;2018-01-25 18:49:57 UTC;-1;41,98;0,00;15,78;0,00;0,00;42,24
zenbook;1;2018-01-25 18:49:58 UTC;-1;43,22;0,00;16,08;0,00;0,00;40,70
zenbook;1;2018-01-25 18:49:59 UTC;-1;42,60;0,00;16,33;0,00;0,00;41,07
zenbook;1;2018-01-25 18:50:00 UTC;-1;44,13;0,00;16,58;0,00;0,00;39,29
zenbook;1;2018-01-25 18:50:01 UTC;-1;42,71;0,00;16,11;0,00;0,00;41,18
zenbook;1;2018-01-25 18:50:02 UTC;-1;43,29;0,00;14,94;0,25;0,00;41,52
zenbook;1;2018-01-25 18:50:03 UTC;-1;42,20;0,00;15,86;0,00;0,00;41,94
zenbook;1;2018-01-25 18:50:04 UTC;-1;42,75;0,00;16,28;0,00;0,00;40,97
zenbook;1;2018-01-25 18:50:05 UTC;-1;42,53;0,00;15,95;0,00;0,00;41,52
zenbook;1;2018-01-25 18:50:06 UTC;-1;44,13;0,00;16,58;0,00;0,00;39,29
zenbook;1;2018-01-25 18:50:07 UTC;-1;43,18;0,00;16,67;0,00;0,00;40,15
zenbook;1;2018-01-25 18:50:08 UTC;-1;42,64;0,00;16,24;0,00;0,00;41,12
zenbook;1;2018-01-25 18:50:09 UTC;-1;43,29;0,00;15,44;0,00;0,00;41,27
zenbook;1;2018-01-25 18:50:10 UTC;-1;43,88;0,00;15,31;0,00;0,00;40,82
zenbook;1;2018-01-25 18:50:11 UTC;-1;43,32;0,00;16,12;0,00;0,00;40,55
zenbook;1;2018-01-25 18:50:12 UTC;-1;43,48;0,00;15,09;0,00;0,00;41,43
zenbook;1;2018-01-25 18:50:13 UTC;-1;44,13;0,00;16,58;0,26;0,00;39,03
zenbook;1;2018-01-25 18:50:14 UTC;-1;44,39;0,00;15,31;0,00;0,00;40,31
zenbook;1;2018-01-25 18:50:15 UTC;-1;43,04;0,00;15,95;0,00;0,00;41,01
zenbook;1;2018-01-25 18:50:16 UTC;-1;43,69;0,00;16,16;0,00;0,00;40,15
zenbook;1;2018-01-25 18:50:17 UTC;-1;43,54;0,00;16,46;0,00;0,00;40,00
zenbook;1;2018-01-25 18:50:18 UTC;-1;42,71;0,00;15,86;0,00;0,00;41,43
zenbook;1;2018-01-25 18:50:19 UTC;-1;43,54;0,00;16,71;0,00;0,00;39,75
zenbook;1;2018-01-25 18:50:20 UTC;-1;43,72;0,00;16,33;0,00;0,00;39,95
zenbook;1;2018-01-25 18:50:21 UTC;-1;43,69;0,00;15,66;0,00;0,00;40,66
zenbook;1;2018-01-25 18:50:22 UTC;-1;42,75;0,00;16,54;0,00;0,00;40,71
zenbook;1;2018-01-25 18:50:23 UTC;-1;42,57;0,00;16,62;0,00;0,00;40,81
zenbook;1;2018-01-25 18:50:24 UTC;-1;45,04;0,00;16,79;0,00;0,00;38,17
zenbook;1;2018-01-25 18:50:25 UTC;-1;43,65;0,00;17,26;0,00;0,00;39,09
zenbook;1;2018-01-25 18:50:26 UTC;-1;44,85;0,00;15,72;0,26;0,00;39,18
zenbook;1;2018-01-25 18:50:27 UTC;-1;44,19;0,00;16,41;0,00;0,00;39,39
zenbook;1;2018-01-25 18:50:28 UTC;-1;43,26;0,00;16,03;0,00;0,00;40,71
zenbook;1;2018-01-25 18:50:29 UTC;-1;44,42;0,00;16,50;0,00;0,00;39,09
zenbook;1;2018-01-25 18:50:30 UTC;-1;43,91;0,00;17,01;0,00;0,00;39,09
zenbook;1;2018-01-25 18:50:31 UTC;-1;43,94;0,00;16,67;0,00;0,00;39,39
zenbook;1;2018-01-25 18:50:32 UTC;-1;44,27;0,00;15,27;0,00;0,00;40,46
zenbook;1;2018-01-25 18:50:33 UTC;-1;43,99;0,00;16,11;0,00;0,00;39,90
zenbook;1;2018-01-25 18:50:34 UTC;-1;43,62;0,00;16,33;0,00;0,00;40,05
zenbook;1;2018-01-25 18:50:35 UTC;-1;43,62;0,00;16,07;0,00;0,00;40,31
zenbook;1;2018-01-25 18:50:36 UTC;-1;43,04;0,00;16,96;0,00;0,00;40,00
zenbook;1;2018-01-25 18:50:37 UTC;-1;43,08;0,00;16,41;0,00;0,00;40,51
zenbook;1;2018-01-25 18:50:38 UTC;-1;43,37;0,00;16,07;0,00;0,00;40,56
zenbook;1;2018-01-25 18:50:39 UTC;-1;43,65;0,00;16,24;0,00;0,00;40,10
zenbook;1;2018-01-25 18:50:40 UTC;-1;43,48;0,00;16,37;0,00;0,00;40,15
zenbook;1;2018-01-25 18:50:41 UTC;-1;43,19;0,00;16,45;0,00;0,00;40,36
zenbook;1;2018-01-25 18:50:42 UTC;-1;47,98;0,00;18,43;0,00;0,00;33,59
zenbook;1;2018-01-25 18:50:43 UTC;-1;42,09;0,00;15,31;0,00;0,00;42,60
zenbook;1;2018-01-25 18:50:44 UTC;-1;38,17;0,00;13,99;0,00;0,00;47,84
zenbook;1;2018-01-25 18:50:45 UTC;-1;38,11;0,00;13,55;0,26;0,00;48,08
zenbook;1;2018-01-25 18:50:46 UTC;-1;39,39;0,00;13,64;0,00;0,00;46,97
zenbook;1;2018-01-25 18:50:47 UTC;-1;38,89;0,00;13,64;0,00;0,00;47,47
zenbook;1;2018-01-25 18:50:48 UTC;-1;38,62;0,00;13,55;0,00;0,00;47,83
zenbook;1;2018-01-25 18:50:49 UTC;-1;38,83;0,00;13,71;0,00;0,00;47,46
zenbook;1;2018-01-25 18:50:50 UTC;-1;37,82;0,00;13,71;0,00;0,00;48,48
zenbook;1;2018-01-25 18:50:51 UTC;-1;38,13;0,00;13,64;0,00;0,00;48,23
zenbook;1;2018-01-25 18:50:52 UTC;-1;38,56;0,00;12,08;0,00;0,00;49,36
zenbook;1;2018-01-25 18:50:53 UTC;-1;37,72;0,00;13,92;0,00;0,00;48,35
zenbook;1;2018-01-25 18:50:54 UTC;-1;37,82;0,00;13,71;0,00;0,00;48,48
zenbook;1;2018-01-25 18:50:55 UTC;-1;37,95;0,00;12,82;0,00;0,00;49,23
zenbook;1;2018-01-25 18:50:56 UTC;-1;37,82;0,00;13,71;0,00;0,00;48,48
zenbook;1;2018-01-25 18:50:57 UTC;-1;38,46;0,00;12,56;0,00;0,00;48,97
zenbook;1;2018-01-25 18:50:58 UTC;-1;37,66;0,00;13,99;0,00;0,00;48,35
zenbook;1;2018-01-25 18:50:59 UTC;-1;38,11;0,00;13,04;0,00;0,00;48,85
zenbook;1;2018-01-25 18:51:00 UTC;-1;38,17;0,00;12,98;0,00;0,00;48,85
zenbook;1;2018-01-25 18:51:01 UTC;-1;37,18;0,00;13,59;0,26;0,00;48,97
zenbook;1;2018-01-25 18:51:02 UTC;-1;37,97;0,00;13,42;0,00;0,00;48,61
zenbook;1;2018-01-25 18:51:03 UTC;-1;37,34;0,00;13,55;0,00;0,00;49,10
zenbook;1;2018-01-25 18:51:04 UTC;-1;38,97;0,00;12,82;0,00;0,00;48,21
zenbook;1;2018-01-25 18:51:05 UTC;-1;38,72;0,00;12,82;0,00;0,00;48,46
zenbook;1;2018-01-25 18:51:06 UTC;-1;38,08;0,00;12,95;0,00;0,00;48,96
zenbook;1;2018-01-25 18:51:07 UTC;-1;37,82;0,00;14,21;0,00;0,00;47,97
zenbook;1;2018-01-25 18:51:08 UTC;-1;38,27;0,00;13,52;0,00;0,00;48,21
zenbook;1;2018-01-25 18:51:09 UTC;-1;38,48;0,00;13,67;0,00;0,00;47,85
zenbook;1;2018-01-25 18:51:10 UTC;-1;38,10;0,00;14,04;0,00;0,00;47,87
zenbook;1;2018-01-25 18:51:11 UTC;-1;37,66;0,00;14,25;0,00;0,00;48,09
zenbook;1;2018-01-25 18:51:12 UTC;-1;38,52;0,00;12,76;0,00;0,00;48,72
zenbook;1;2018-01-25 18:51:13 UTC;-1;37,94;0,00;15,08;0,00;0,00;46,98
zenbook;1;2018-01-25 18:51:14 UTC;-1;41,33;0,00;15,31;0,00;0,00;43,37
zenbook;1;2018-01-25 18:51:15 UTC;-1;38,11;0,00;13,30;0,00;0,00;48,59
zenbook;1;2018-01-25 18:51:16 UTC;-1;38,42;0,00;13,49;0,00;0,00;48,09
zenbook;1;2018-01-25 18:51:17 UTC;-1;38,23;0,00;13,92;0,00;0,00;47,85
zenbook;1;2018-01-25 18:51:18 UTC;-1;38,07;0,00;13,96;0,00;0,00;47,97
zenbook;1;2018-01-25 18:51:19 UTC;-1;37,56;0,00;14,72;0,00;0,00;47,72
zenbook;1;2018-01-25 18:51:20 UTC;-1;38,46;0,00;12,82;0,00;0,00;48,72
zenbook;1;2018-01-25 18:51:21 UTC;-1;40,05;0,00;14,03;0,00;0,00;45,92
zenbook;1;2018-01-25 18:51:22 UTC;-1;42,46;0,00;15,60;0,00;0,00;41,94
