# hostname;interval;timestamp;kbmemfree;kbavail;kbmemused;%memused;kbbuffers;kbcached;kbcommit;%commit;kbactive;kbinact;kbdirty
zenbook;1;2018-01-25 18:36:33 UTC;6587164;6722000;1478720;18,33;28404;564724;8945712;51,76;381212;799240;2060
zenbook;1;2018-01-25 18:36:34 UTC;6599068;6734356;1466816;18,19;28440;552104;8949580;51,79;381972;786040;2260
zenbook;1;2018-01-25 18:36:35 UTC;6601268;6744984;1464616;18,16;28456;551276;8949580;51,79;372856;793608;2284
zenbook;1;2018-01-25 18:36:36 UTC;6601176;6745092;1464708;18,16;28456;551116;8949580;51,79;372784;793632;2112
zenbook;1;2018-01-25 18:36:37 UTC;6601148;6745064;1464736;18,16;28456;550996;8949580;51,79;372956;793460;2136
zenbook;1;2018-01-25 18:36:38 UTC;6601316;6745328;1464568;18,16;28456;550948;8949580;51,79;373020;793476;2160
zenbook;1;2018-01-25 18:36:39 UTC;6628712;6772780;1437172;17,82;28456;523656;8917820;51,60;372848;766356;2188
zenbook;1;2018-01-25 18:36:40 UTC;6628720;6772788;1437164;17,82;28464;523572;8917820;51,60;372764;766308;2236
zenbook;1;2018-01-25 18:36:41 UTC;6631880;6780160;1434004;17,78;30796;514832;8977644;51,95;376408;758132;2264
zenbook;1;2018-01-25 18:36:42 UTC;6630728;6780052;1435156;17,79;30796;514192;8994920;52,05;378568;757568;492
zenbook;1;2018-01-25 18:36:43 UTC;6630852;6780200;1435032;17,79;30796;514248;8994920;52,05;378600;757592;520
zenbook;1;2018-01-25 18:36:44 UTC;6629984;6779452;1435900;17,80;30836;514032;8994920;52,05;379460;757404;684
zenbook;1;2018-01-25 18:36:45 UTC;6629860;6779392;1436024;17,80;30836;514092;8994920;52,05;379628;757460;716
zenbook;1;2018-01-25 18:36:46 UTC;6629860;6779440;1436024;17,80;30836;514028;8994920;52,05;380000;757400;740
zenbook;1;2018-01-25 18:36:47 UTC;6629488;6779112;1436396;17,81;30836;514076;8994920;52,05;380184;757444;764
zenbook;1;2018-01-25 18:36:48 UTC;6629240;6778924;1436644;17,81;30844;514132;8994920;52,05;380620;757500;796
zenbook;1;2018-01-25 18:36:49 UTC;6628840;6778536;1437044;17,82;30844;514260;8994920;52,05;380844;757504;820
zenbook;1;2018-01-25 18:36:50 UTC;6628496;6778300;1437388;17,82;30852;514236;8994920;52,05;381040;757604;904
zenbook;1;2018-01-25 18:36:51 UTC;6628496;6778300;1437388;17,82;30852;514284;8994920;52,05;381040;757604;928
zenbook;1;2018-01-25 18:36:52 UTC;6628248;6778156;1437636;17,82;30852;514340;8994920;52,05;381368;757708;968
zenbook;1;2018-01-25 18:36:53 UTC;6628248;6778180;1437636;17,82;30852;514388;8994920;52,05;381400;757732;992
zenbook;1;2018-01-25 18:36:54 UTC;6627876;6777884;1438008;17,83;30868;514436;8994920;52,05;381728;757804;1068
zenbook;1;2018-01-25 18:36:55 UTC;6627876;6777936;1438008;17,83;30868;514484;8994920;52,05;381748;757840;1092
zenbook;1;2018-01-25 18:36:56 UTC;6627628;6777736;1438256;17,83;30868;514532;8994920;52,05;381876;757888;1128
zenbook;1;2018-01-25 18:36:57 UTC;6627380;6777508;1438504;17,83;30868;514588;8994920;52,05;382140;757908;468
zenbook;1;2018-01-25 18:36:58 UTC;6627352;6777576;1438532;17,83;30868;514636;8994920;52,05;382312;758004;496
zenbook;1;2018-01-25 18:36:59 UTC;6626360;6777236;1439524;17,85;30868;515384;8994920;52,05;382396;758652;524
zenbook;1;2018-01-25 18:37:00 UTC;6624748;6777136;1441136;17,87;30876;516828;8994920;52,05;382564;760156;556
zenbook;1;2018-01-25 18:37:01 UTC;6624624;6777100;1441260;17,87;30876;516880;8994920;52,05;382636;760252;584
zenbook;1;2018-01-25 18:37:02 UTC;6624376;6776904;1441508;17,87;30876;516932;8994920;52,05;382796;760304;612
zenbook;1;2018-01-25 18:37:03 UTC;6624376;6776960;1441508;17,87;30876;516984;8994920;52,05;382884;760356;640
zenbook;1;2018-01-25 18:37:04 UTC;6624128;6776760;1441756;17,87;30876;517032;8994920;52,05;382996;760404;664
zenbook;1;2018-01-25 18:37:05 UTC;6623880;6776532;1442004;17,88;30884;517080;8994920;52,05;383144;760424;688
zenbook;1;2018-01-25 18:37:06 UTC;6623756;6776472;1442128;17,88;30884;517136;8994920;52,05;383184;760484;716
zenbook;1;2018-01-25 18:37:07 UTC;6623384;6776116;1442500;17,88;30884;517184;8994920;52,05;383440;760500;680
zenbook;1;2018-01-25 18:37:08 UTC;6623260;6776104;1442624;17,89;30884;517240;8994920;52,05;383660;760612;712
zenbook;1;2018-01-25 18:37:09 UTC;6622364;6775260;1443520;17,90;30884;517288;8994920;52,05;384116;760664;736
zenbook;1;2018-01-25 18:37:10 UTC;6622392;6775324;1443492;17,90;30892;517340;8994920;52,05;384168;760684;764
zenbook;1;2018-01-25 18:37:11 UTC;6622144;6775144;1443740;17,90;30892;517392;8994920;52,05;384248;760756;788
zenbook;1;2018-01-25 18:37:12 UTC;6622020;6775052;1443864;17,90;30892;517444;8994920;52,05;384356;760780;496
zenbook;1;2018-01-25 18:37:13 UTC;6621648;6774780;1444236;17,91;30892;517560;8994920;52,05;384516;760880;476
zenbook;1;2018-01-25 18:37:14 UTC;6621648;6774860;1444236;17,91;30892;517620;8994920;52,05;384552;760956;512
zenbook;1;2018-01-25 18:37:15 UTC;6621400;6774628;1444484;17,91;30900;517676;8994920;52,05;384648;760972;544
zenbook;1;2018-01-25 18:37:16 UTC;6621400;6774744;1444484;17,91;30900;517724;8994920;52,05;384756;761088;584
zenbook;1;2018-01-25 18:37:17 UTC;6620904;6774304;1444980;17,91;30900;517780;8994920;52,05;385048;761136;612
zenbook;1;2018-01-25 18:37:18 UTC;6620408;6773836;1445476;17,92;30900;517828;8994920;52,05;385388;761160;636
zenbook;1;2018-01-25 18:37:19 UTC;6618308;6772652;1447576;17,95;30900;519136;8994920;52,05;385076;763336;688
zenbook;1;2018-01-25 18:37:20 UTC;6588416;6743984;1477468;18,32;30908;518324;8994920;52,05;408032;770868;724
zenbook;1;2018-01-25 18:37:21 UTC;6588168;6743760;1477716;18,32;30908;518372;8994920;52,05;408120;770892;748
zenbook;1;2018-01-25 18:37:22 UTC;6587548;6743220;1478336;18,33;30908;518164;8994920;52,05;408932;770708;776
zenbook;1;2018-01-25 18:37:23 UTC;6584308;6740944;1481576;18,37;30908;519884;9017672;52,18;409856;773344;800
zenbook;1;2018-01-25 18:37:24 UTC;6583068;6739768;1482816;18,38;30908;519620;9036656;52,29;411364;773088;884
zenbook;1;2018-01-25 18:37:25 UTC;6581628;6738436;1484256;18,40;30916;520188;9036372;52,29;412144;773628;916
zenbook;1;2018-01-25 18:37:26 UTC;6581876;6738740;1484008;18,40;30916;518876;9046868;52,35;413680;772296;944
zenbook;1;2018-01-25 18:37:27 UTC;6579024;6735936;1486860;18,43;30916;519720;9046868;52,35;415452;773140;968
zenbook;1;2018-01-25 18:37:28 UTC;6576080;6733084;1489804;18,47;30916;520092;9062196;52,44;417752;773540;308
zenbook;1;2018-01-25 18:37:29 UTC;6575832;6732884;1490052;18,47;30916;518956;9062196;52,44;419364;772404;220
zenbook;1;2018-01-25 18:37:30 UTC;6573228;6730332;1492656;18,51;30924;519992;9073856;52,51;421076;773444;256
zenbook;1;2018-01-25 18:37:31 UTC;6571788;6728952;1494096;18,52;30924;519052;9085456;52,57;423116;772496;284
zenbook;1;2018-01-25 18:37:32 UTC;6571120;6728324;1494764;18,53;30924;519024;9085456;52,57;424352;772456;308
zenbook;1;2018-01-25 18:37:33 UTC;6570128;6727396;1495756;18,54;30924;518804;9085456;52,57;425612;772244;340
zenbook;1;2018-01-25 18:37:34 UTC;6569012;6726324;1496872;18,56;30924;518852;9085456;52,57;426656;772288;364
zenbook;1;2018-01-25 18:37:35 UTC;6567772;6725148;1498112;18,57;30932;518716;9085456;52,57;428052;772156;432
zenbook;1;2018-01-25 18:37:36 UTC;6566532;6723948;1499352;18,59;30932;518764;9085456;52,57;428904;772192;456
zenbook;1;2018-01-25 18:37:37 UTC;6565416;6722900;1500468;18,60;30932;518820;9085456;52,57;430224;772260;484
zenbook;1;2018-01-25 18:37:38 UTC;6564424;6721928;1501460;18,61;30932;518868;9085456;52,57;430948;772280;432
zenbook;1;2018-01-25 18:37:39 UTC;6563556;6721108;1502328;18,63;30932;518916;9085456;52,57;431916;772328;496
zenbook;1;2018-01-25 18:37:40 UTC;6562688;6720320;1503196;18,64;30940;518972;9085456;52,57;432296;772400;524
zenbook;1;2018-01-25 18:37:41 UTC;6562192;6719884;1503692;18,64;30956;519004;9085456;52,57;432916;772376;556
zenbook;1;2018-01-25 18:37:42 UTC;6561696;6719464;1504188;18,65;30956;519076;9085456;52,57;433152;772428;644
zenbook;1;2018-01-25 18:37:43 UTC;6561448;6719236;1504436;18,65;30956;519124;9085456;52,57;433972;772448;500
zenbook;1;2018-01-25 18:37:44 UTC;6560580;6718452;1505304;18,66;30956;519180;9085456;52,57;434508;772532;508
zenbook;1;2018-01-25 18:37:45 UTC;6560208;6718468;1505676;18,67;30956;519228;9085456;52,57;434516;772920;532
zenbook;1;2018-01-25 18:37:46 UTC;6559464;6717836;1506420;18,68;30956;519284;9085456;52,57;435072;772972;564
zenbook;1;2018-01-25 18:37:47 UTC;6558968;6717388;1506916;18,68;30964;519332;9085456;52,57;435636;773020;588
zenbook;1;2018-01-25 18:37:48 UTC;6558100;6716576;1507784;18,69;30964;519380;9085456;52,57;436380;773072;612
zenbook;1;2018-01-25 18:37:49 UTC;6557852;6716364;1508032;18,70;30964;519436;9085456;52,57;436608;773108;640
zenbook;1;2018-01-25 18:37:50 UTC;6557356;6715908;1508528;18,70;30964;519484;9085456;52,57;437008;773064;664
zenbook;1;2018-01-25 18:37:51 UTC;6556736;6715372;1509148;18,71;30964;519540;9085456;52,57;437528;773148;692
zenbook;1;2018-01-25 18:37:52 UTC;6556488;6715148;1509396;18,71;30972;519588;9085456;52,57;438016;773164;716
zenbook;1;2018-01-25 18:37:53 UTC;6555744;6714448;1510140;18,72;30972;519644;9085456;52,57;438616;773208;744
zenbook;1;2018-01-25 18:37:54 UTC;6555248;6714032;1510636;18,73;30972;519692;9085456;52,57;439120;773284;780
zenbook;1;2018-01-25 18:37:55 UTC;6554380;6713308;1511504;18,74;30972;519748;9085456;52,57;439616;773428;812
zenbook;1;2018-01-25 18:37:56 UTC;6553636;6712612;1512248;18,75;30972;519796;9085456;52,57;439976;773476;848
zenbook;1;2018-01-25 18:37:57 UTC;6553264;6712248;1512620;18,75;30980;519844;9085456;52,57;440656;773476;876
zenbook;1;2018-01-25 18:37:58 UTC;6552612;6711700;1513272;18,76;30980;519900;9085456;52,57;441020;773576;28
zenbook;1;2018-01-25 18:37:59 UTC;6552428;6711564;1513456;18,76;30980;519948;9085456;52,57;441532;773624;60
zenbook;1;2018-01-25 18:38:00 UTC;6551900;6711092;1513984;18,77;30980;520004;9085456;52,57;442036;773680;88
zenbook;1;2018-01-25 18:38:01 UTC;6551188;6710428;1514696;18,78;30980;520052;9085456;52,57;442716;773732;112
zenbook;1;2018-01-25 18:38:02 UTC;6550816;6710120;1515068;18,78;30988;520108;9085456;52,57;443136;773788;156
zenbook;1;2018-01-25 18:38:03 UTC;6550536;6709888;1515348;18,79;30988;520156;9085456;52,57;443424;773840;180
zenbook;1;2018-01-25 18:38:04 UTC;6549452;6708860;1516432;18,80;30996;520212;9085456;52,57;443968;773896;236
zenbook;1;2018-01-25 18:38:05 UTC;6549204;6708668;1516680;18,80;30996;520260;9085456;52,57;444412;773944;260
zenbook;1;2018-01-25 18:38:06 UTC;6548956;6708420;1516928;18,81;30996;520308;9085456;52,57;444792;773944;284
zenbook;1;2018-01-25 18:38:07 UTC;6547840;6707356;1518044;18,82;30996;520364;9085456;52,57;445472;773996;312
zenbook;1;2018-01-25 18:38:08 UTC;6547468;6707036;1518416;18,83;30996;520412;9085456;52,57;446048;774048;336
zenbook;1;2018-01-25 18:38:09 UTC;6547096;6706736;1518788;18,83;30996;520468;9085456;52,57;446452;774120;364
zenbook;1;2018-01-25 18:38:10 UTC;6546600;6706328;1519284;18,84;31004;520516;9085456;52,57;447024;774200;412
zenbook;1;2018-01-25 18:38:11 UTC;6546072;6705856;1519812;18,84;31004;520572;9085456;52,57;447304;774256;440
zenbook;1;2018-01-25 18:38:12 UTC;6545484;6705300;1520400;18,85;31004;520620;9085456;52,57;447948;774300;480
zenbook;1;2018-01-25 18:38:13 UTC;6544740;6704628;1521144;18,86;31004;520676;9085456;52,57;448344;774372;508
zenbook;1;2018-01-25 18:38:14 UTC;6544244;6704304;1521640;18,87;31004;520848;9085456;52,57;448732;774544;188
zenbook;1;2018-01-25 18:38:15 UTC;6543748;6703836;1522136;18,87;31012;520892;9085456;52,57;449304;774568;148
zenbook;1;2018-01-25 18:38:16 UTC;6543128;6703256;1522756;18,88;31012;520952;9085456;52,57;449768;774596;176
zenbook;1;2018-01-25 18:38:17 UTC;6542384;6702608;1523500;18,89;31012;521000;9085456;52,57;450516;774692;212
zenbook;1;2018-01-25 18:38:18 UTC;6542012;6702268;1523872;18,89;31012;521056;9085456;52,57;450840;774720;240
zenbook;1;2018-01-25 18:38:19 UTC;6541392;6701720;1524492;18,90;31012;521104;9093356;52,62;451296;774792;264
zenbook;1;2018-01-25 18:38:20 UTC;6540772;6701156;1525112;18,91;31012;521160;9093356;52,62;451952;774848;292
zenbook;1;2018-01-25 18:38:21 UTC;6540400;6700792;1525484;18,91;31020;521208;9093356;52,62;452272;774848;316
zenbook;1;2018-01-25 18:38:22 UTC;6539780;6700276;1526104;18,92;31020;521264;9093356;52,62;452756;774948;344
zenbook;1;2018-01-25 18:38:23 UTC;6539408;6699952;1526476;18,93;31020;521312;9093356;52,62;453044;774996;368
zenbook;1;2018-01-25 18:38:24 UTC;6538912;6699504;1526972;18,93;31020;521364;9093356;52,62;453688;775044;400
zenbook;1;2018-01-25 18:38:25 UTC;6538664;6699312;1527220;18,93;31020;521416;9093356;52,62;453948;775096;392
zenbook;1;2018-01-25 18:38:26 UTC;6537672;6698376;1528212;18,95;31028;521464;9093356;52,62;454508;775144;420
zenbook;1;2018-01-25 18:38:27 UTC;6537144;6697904;1528740;18,95;31028;521520;9093356;52,62;455016;775200;448
zenbook;1;2018-01-25 18:38:28 UTC;6536556;6697344;1529328;18,96;31028;521568;9093356;52,62;455740;775228;472
zenbook;1;2018-01-25 18:38:29 UTC;6536308;6697160;1529576;18,96;31028;521624;9093356;52,62;455956;775292;168
zenbook;1;2018-01-25 18:38:30 UTC;6535564;6696444;1530320;18,97;31028;521672;9093356;52,62;456652;775320;56
zenbook;1;2018-01-25 18:38:31 UTC;6531844;6692948;1534040;19,02;31036;523112;9109520;52,71;457980;776916;228
zenbook;1;2018-01-25 18:38:32 UTC;6531720;6692884;1534164;19,02;31036;522136;9109520;52,71;459292;775952;380
zenbook;1;2018-01-25 18:38:33 UTC;6529612;6690776;1536272;19,05;31036;523348;9122620;52,79;460684;777116;416
zenbook;1;2018-01-25 18:38:34 UTC;6527256;6688524;1538628;19,08;31036;523844;9134536;52,86;462208;777660;448
zenbook;1;2018-01-25 18:38:35 UTC;6527228;6689472;1538656;19,08;31036;522688;9134536;52,86;462132;777432;472
zenbook;1;2018-01-25 18:38:36 UTC;6527008;6689356;1538876;19,08;31044;522412;9134536;52,86;463000;777196;504
zenbook;1;2018-01-25 18:38:37 UTC;6524388;6686784;1541496;19,11;31044;523664;9145492;52,92;464640;778448;528
zenbook;1;2018-01-25 18:38:38 UTC;6522048;6684952;1543836;19,14;31044;523748;9164052;53,03;465644;778984;556
zenbook;1;2018-01-25 18:38:39 UTC;6520580;6683536;1545304;19,16;31044;523348;9176052;53,10;467684;778588;604
zenbook;1;2018-01-25 18:38:40 UTC;6516692;6679736;1549192;19,21;31044;524164;9211260;53,30;470660;779464;668
zenbook;1;2018-01-25 18:38:41 UTC;6515456;6678552;1550428;19,22;31052;523748;9222524;53,37;472832;779052;696
zenbook;1;2018-01-25 18:38:42 UTC;6514112;6677260;1551772;19,24;31052;522820;9222524;53,37;474476;778120;724
zenbook;1;2018-01-25 18:38:43 UTC;6513616;6676776;1552268;19,24;31052;522876;9222524;53,37;475544;778132;752
zenbook;1;2018-01-25 18:38:44 UTC;6512500;6675684;1553384;19,26;31068;522572;9222524;53,37;476968;777864;788
zenbook;1;2018-01-25 18:38:45 UTC;6511012;6674340;1554872;19,28;31068;522708;9222524;53,37;478332;778008;100
zenbook;1;2018-01-25 18:38:46 UTC;6509896;6673272;1555988;19,29;31068;522584;9222524;53,37;479472;777884;160
zenbook;1;2018-01-25 18:38:47 UTC;6508408;6671840;1557476;19,31;31068;522556;9222524;53,37;481052;777856;200
zenbook;1;2018-01-25 18:38:48 UTC;6505028;6670596;1560856;19,35;31072;524844;9222524;53,37;482116;779996;224
zenbook;1;2018-01-25 18:38:49 UTC;6503448;6669260;1562436;19,37;31072;524948;9222524;53,37;483180;780264;248
zenbook;1;2018-01-25 18:38:50 UTC;6502208;6668100;1563676;19,39;31080;525004;9222524;53,37;484328;780332;292
zenbook;1;2018-01-25 18:38:51 UTC;6500864;6666964;1565020;19,40;31080;525132;9222524;53,37;485164;780540;316
zenbook;1;2018-01-25 18:38:52 UTC;6500100;6666104;1565784;19,41;31080;525108;9222524;53,37;486272;780436;352
zenbook;1;2018-01-25 18:38:53 UTC;6499852;6665904;1566032;19,42;31080;525156;9222524;53,37;486648;780484;376
zenbook;1;2018-01-25 18:38:54 UTC;6499108;6665212;1566776;19,42;31080;525212;9222524;53,37;487328;780536;404
zenbook;1;2018-01-25 18:38:55 UTC;6498488;6664652;1567396;19,43;31088;525260;9222524;53,37;487776;780588;476
zenbook;1;2018-01-25 18:38:56 UTC;6498116;6664336;1567768;19,44;31088;525320;9230864;53,41;488324;780644;516
zenbook;1;2018-01-25 18:38:57 UTC;6497372;6663640;1568512;19,45;31088;525364;9230864;53,41;488904;780692;540
zenbook;1;2018-01-25 18:38:58 UTC;6496256;6662552;1569628;19,46;31088;525412;9238836;53,46;489704;780720;564
zenbook;1;2018-01-25 18:38:59 UTC;6495760;6662112;1570124;19,47;31088;525468;9238836;53,46;489976;780776;592
zenbook;1;2018-01-25 18:39:00 UTC;6496468;6662892;1569416;19,46;31096;525520;9238836;53,46;489224;780684;620
zenbook;1;2018-01-25 18:39:01 UTC;6496628;6663112;1569256;19,46;31096;525572;9238836;53,46;489600;780732;304
zenbook;1;2018-01-25 18:39:02 UTC;6496008;6662540;1569876;19,46;31096;525616;9238836;53,46;489888;780780;260
zenbook;1;2018-01-25 18:39:03 UTC;6495636;6662224;1570248;19,47;31096;525676;9238836;53,46;490484;780840;292
zenbook;1;2018-01-25 18:39:04 UTC;6495388;6662024;1570496;19,47;31096;525724;9238836;53,46;490748;780888;316
zenbook;1;2018-01-25 18:39:05 UTC;6494892;6661592;1570992;19,48;31104;525780;9238836;53,46;491508;780948;344
zenbook;1;2018-01-25 18:39:06 UTC;6494396;6661144;1571488;19,48;31104;525828;9238836;53,46;491952;780996;372
zenbook;1;2018-01-25 18:39:07 UTC;6493652;6660448;1572232;19,49;31104;525876;9238836;53,46;492548;781040;396
zenbook;1;2018-01-25 18:39:08 UTC;6492784;6659640;1573100;19,50;31104;525932;9238836;53,46;493012;781092;424
zenbook;1;2018-01-25 18:39:09 UTC;6492412;6659316;1573472;19,51;31104;525980;9238836;53,46;493696;781140;448
zenbook;1;2018-01-25 18:39:10 UTC;6491884;6658852;1574000;19,51;31112;526036;9238836;53,46;494148;781196;456
zenbook;1;2018-01-25 18:39:11 UTC;6491544;6658512;1574340;19,52;31112;526084;9238836;53,46;494496;781196;484
zenbook;1;2018-01-25 18:39:12 UTC;6490924;6657996;1574960;19,53;31112;526140;9238836;53,46;495028;781300;540
zenbook;1;2018-01-25 18:39:13 UTC;6490676;6657764;1575208;19,53;31112;526188;9238836;53,46;495236;781316;564
zenbook;1;2018-01-25 18:39:14 UTC;6489808;6656984;1576076;19,54;31112;526244;9238836;53,46;496000;781404;592
zenbook;1;2018-01-25 18:39:15 UTC;6489560;6656752;1576324;19,54;31112;526292;9238836;53,46;496096;781420;616
zenbook;1;2018-01-25 18:39:16 UTC;6488724;6656004;1577160;19,55;31120;526340;9238836;53,46;496952;781496;456
zenbook;1;2018-01-25 18:39:17 UTC;6487980;6655316;1577904;19,56;31120;526396;9238836;53,46;497604;781552;484
zenbook;1;2018-01-25 18:39:18 UTC;6487608;6654992;1578276;19,57;31120;526444;9238836;53,46;497908;781604;508
zenbook;1;2018-01-25 18:39:19 UTC;6486988;6654428;1578896;19,57;31120;526500;9238836;53,46;498568;781660;536
zenbook;1;2018-01-25 18:39:20 UTC;6486616;6654064;1579268;19,58;31120;526548;9238836;53,46;498896;781668;560
zenbook;1;2018-01-25 18:39:21 UTC;6486120;6653664;1579764;19,59;31128;526604;9238836;53,46;499364;781764;588
zenbook;1;2018-01-25 18:39:22 UTC;6485624;6653224;1580260;19,59;31128;526652;9238836;53,46;499892;781808;612
zenbook;1;2018-01-25 18:39:23 UTC;6481656;6652532;1584228;19,64;31128;529944;9238836;53,46;500164;785080;664
zenbook;1;2018-01-25 18:39:24 UTC;6480912;6651996;1584972;19,65;31128;530152;9238836;53,46;500852;785336;696
zenbook;1;2018-01-25 18:39:25 UTC;6480384;6651536;1585500;19,66;31128;530196;9238836;53,46;501292;785396;728
zenbook;1;2018-01-25 18:39:26 UTC;6480012;6651228;1585872;19,66;31136;530252;9238836;53,46;501588;785452;760
zenbook;1;2018-01-25 18:39:27 UTC;6478896;6650160;1586988;19,68;31136;530300;9238836;53,46;502496;785500;832
zenbook;1;2018-01-25 18:39:28 UTC;6478400;6649720;1587484;19,68;31136;530356;9238836;53,46;502912;785556;860
zenbook;1;2018-01-25 18:39:29 UTC;6478120;6649488;1587764;19,68;31136;530404;9238836;53,46;503268;785604;884
zenbook;1;2018-01-25 18:39:30 UTC;6477128;6648552;1588756;19,70;31136;530460;9238836;53,46;503928;785660;912
zenbook;1;2018-01-25 18:39:31 UTC;6477128;6648604;1588756;19,70;31144;530508;9238836;53,46;503804;785636;936
zenbook;1;2018-01-25 18:39:32 UTC;6476384;6647920;1589500;19,71;31144;530564;9238836;53,46;504632;785692;60
zenbook;1;2018-01-25 18:39:33 UTC;6476012;6647596;1589872;19,71;31144;530612;9238836;53,46;504920;785740;92
zenbook;1;2018-01-25 18:39:34 UTC;6475484;6647076;1590400;19,72;31144;530660;9238836;53,46;505248;785748;116
zenbook;1;2018-01-25 18:39:35 UTC;6474896;6646584;1590988;19,72;31144;530716;9238836;53,46;505968;785844;144
zenbook;1;2018-01-25 18:39:36 UTC;6474400;6646136;1591484;19,73;31152;530768;9238836;53,46;506256;785892;176
zenbook;1;2018-01-25 18:39:37 UTC;6473656;6645548;1592228;19,74;31152;530916;9238836;53,46;507096;786036;212
zenbook;1;2018-01-25 18:39:38 UTC;6473408;6645352;1592476;19,74;31152;530964;9238836;53,46;507380;786088;236
zenbook;1;2018-01-25 18:39:39 UTC;6472788;6644744;1593096;19,75;31152;531020;9246756;53,51;507816;786100;268
zenbook;1;2018-01-25 18:39:40 UTC;6472168;6644216;1593716;19,76;31152;531068;9246756;53,51;508444;786192;292
zenbook;1;2018-01-25 18:39:41 UTC;6468764;6640828;1597120;19,80;31160;533108;9263436;53,60;509412;788184;364
zenbook;1;2018-01-25 18:39:42 UTC;6469192;6641308;1596692;19,80;31160;531756;9263436;53,60;510240;786832;444
zenbook;1;2018-01-25 18:39:43 UTC;6469068;6641244;1596816;19,80;31160;531552;9263436;53,60;510516;786640;472
zenbook;1;2018-01-25 18:39:44 UTC;6469068;6641312;1596816;19,80;31176;531436;9263436;53,60;511044;786520;552
zenbook;1;2018-01-25 18:39:45 UTC;6467208;6639544;1598676;19,82;31176;532600;9263436;53,60;511844;787716;576
zenbook;1;2018-01-25 18:39:46 UTC;6465472;6637864;1600412;19,84;31176;533344;9271552;53,65;512740;788460;608
zenbook;1;2018-01-25 18:39:47 UTC;6465472;6637912;1600412;19,84;31176;531856;9279992;53,70;513692;786972;632
zenbook;1;2018-01-25 18:39:48 UTC;6464976;6637440;1600908;19,85;31176;531740;9279992;53,70;514608;786824;240
zenbook;1;2018-01-25 18:39:49 UTC;6463224;6635768;1602660;19,87;31176;532896;9290900;53,76;515676;788012;272
zenbook;1;2018-01-25 18:39:50 UTC;6463040;6635644;1602844;19,87;31184;532184;9290900;53,76;516488;787296;300
zenbook;1;2018-01-25 18:39:51 UTC;6459768;6632424;1606116;19,91;31184;533788;9323040;53,95;518316;788896;324
zenbook;1;2018-01-25 18:39:52 UTC;6457412;6630116;1608472;19,94;31184;533660;9332820;54,00;520008;788796;348
zenbook;1;2018-01-25 18:39:53 UTC;6455792;6628552;1610092;19,96;31184;533812;9353428;54,12;522168;788948;376
zenbook;1;2018-01-25 18:39:54 UTC;6455476;6628284;1610408;19,97;31184;532484;9353428;54,12;523744;787620;400
zenbook;1;2018-01-25 18:39:55 UTC;6454428;6627292;1611456;19,98;31184;532208;9353428;54,12;525152;787344;432
zenbook;1;2018-01-25 18:39:56 UTC;6450956;6623876;1614928;20,02;31192;533412;9362132;54,17;526968;788548;476
zenbook;1;2018-01-25 18:39:57 UTC;6449840;6622816;1616044;20,04;31192;532432;9362132;54,17;528380;787568;504
zenbook;1;2018-01-25 18:39:58 UTC;6449468;6622492;1616416;20,04;31192;532396;9362132;54,17;529400;787532;528
zenbook;1;2018-01-25 18:39:59 UTC;6448104;6621172;1617780;20,06;31192;532280;9362132;54,17;531028;787404;556
zenbook;1;2018-01-25 18:40:00 UTC;6446988;6620116;1618896;20,07;31192;532236;9362132;54,17;532120;787384;584
zenbook;1;2018-01-25 18:40:01 UTC;6445996;6619164;1619888;20,08;31200;532284;9362132;54,17;533028;787416;608
zenbook;1;2018-01-25 18:40:02 UTC;6444632;6617876;1621252;20,10;31200;532212;9370360;54,22;534104;787356;640
zenbook;1;2018-01-25 18:40:03 UTC;6443888;6617180;1621996;20,11;31200;532260;9370360;54,22;534988;787404;492
zenbook;1;2018-01-25 18:40:04 UTC;6442772;6616120;1623112;20,12;31200;532316;9370360;54,22;535868;787460;484
zenbook;1;2018-01-25 18:40:05 UTC;6442028;6615424;1623856;20,13;31200;532364;9370360;54,22;536840;787504;508
zenbook;1;2018-01-25 18:40:06 UTC;6441656;6615088;1624228;20,14;31208;532420;9370360;54,22;537172;787532;536
zenbook;1;2018-01-25 18:40:07 UTC;6432232;6612860;1633652;20,25;31612;539176;9383576;54,30;539796;794180;816
zenbook;1;2018-01-25 18:40:08 UTC;6431860;6612540;1634024;20,26;31612;539232;9383576;54,30;540104;794232;844
zenbook;1;2018-01-25 18:40:09 UTC;6431240;6611972;1634644;20,27;31612;539280;9383576;54,30;540620;794284;868
zenbook;1;2018-01-25 18:40:10 UTC;6430620;6611400;1635264;20,27;31612;539328;9383576;54,30;541024;794332;896
zenbook;1;2018-01-25 18:40:11 UTC;6430248;6611064;1635636;20,28;31620;539384;9383576;54,30;541472;794364;932
zenbook;1;2018-01-25 18:40:12 UTC;6429752;6610648;1636132;20,28;31628;539436;9383576;54,30;541740;794436;984
zenbook;1;2018-01-25 18:40:13 UTC;6429132;6610088;1636752;20,29;31628;539488;9383576;54,30;542244;794492;1016
zenbook;1;2018-01-25 18:40:14 UTC;6429008;6609964;1636876;20,29;31628;539536;9383576;54,30;542468;794492;1040
zenbook;1;2018-01-25 18:40:15 UTC;6428264;6609324;1637620;20,30;31628;539592;9383576;54,30;543092;794596;1072
zenbook;1;2018-01-25 18:40:16 UTC;6427892;6608980;1637992;20,31;31636;539640;9383576;54,30;543352;794616;1116
zenbook;1;2018-01-25 18:40:17 UTC;6427148;6608324;1638736;20,32;31636;539700;9383576;54,30;543944;794700;1156
zenbook;1;2018-01-25 18:40:18 UTC;6426776;6608000;1639108;20,32;31636;539744;9383576;54,30;544352;794748;1180
zenbook;1;2018-01-25 18:40:19 UTC;6426248;6607524;1639636;20,33;31640;539792;9383576;54,30;544720;794800;56
zenbook;1;2018-01-25 18:40:20 UTC;6425844;6607184;1640040;20,33;31640;539856;9383576;54,30;545160;794860;72
zenbook;1;2018-01-25 18:40:21 UTC;6425348;6606736;1640536;20,34;31648;539904;9383576;54,30;545640;794904;104
zenbook;1;2018-01-25 18:40:22 UTC;6425100;6606512;1640784;20,34;31648;539960;9383576;54,30;545936;794920;132
zenbook;1;2018-01-25 18:40:23 UTC;6424480;6605940;1641404;20,35;31648;540008;9383576;54,30;546416;794968;156
zenbook;1;2018-01-25 18:40:24 UTC;6424232;6605776;1641652;20,35;31648;540064;9383576;54,30;546572;795052;184
zenbook;1;2018-01-25 18:40:25 UTC;6423332;6604952;1642552;20,36;31664;540108;9383576;54,30;547100;795108;212
zenbook;1;2018-01-25 18:40:26 UTC;6423084;6604764;1642800;20,37;31664;540168;9383576;54,30;547468;795164;276
zenbook;1;2018-01-25 18:40:27 UTC;6422556;6604244;1643328;20,37;31664;540216;9383576;54,30;547968;795172;304
zenbook;1;2018-01-25 18:40:28 UTC;6422432;6604160;1643452;20,38;31664;540268;9383576;54,30;548272;795212;336
zenbook;1;2018-01-25 18:40:29 UTC;6421812;6603644;1644072;20,38;31664;540320;9383576;54,30;548760;795316;368
zenbook;1;2018-01-25 18:40:30 UTC;6421284;6603152;1644600;20,39;31664;540368;9383576;54,30;549116;795352;392
zenbook;1;2018-01-25 18:40:31 UTC;6420944;6602884;1644940;20,39;31672;540424;9392468;54,35;549496;795420;444
zenbook;1;2018-01-25 18:40:32 UTC;6420324;6602320;1645560;20,40;31672;540472;9392468;54,35;550020;795472;472
zenbook;1;2018-01-25 18:40:33 UTC;6420200;6602228;1645684;20,40;31672;540528;9392468;54,35;550044;795504;500
zenbook;1;2018-01-25 18:40:34 UTC;6419456;6601556;1646428;20,41;31672;540576;9392468;54,35;550724;795572;524
zenbook;1;2018-01-25 18:40:35 UTC;6419084;6601200;1646800;20,42;31672;540624;9392468;54,35;550852;795584;128
zenbook;1;2018-01-25 18:40:36 UTC;6418804;6600984;1647080;20,42;31680;540680;9392468;54,35;551448;795640;176
zenbook;1;2018-01-25 18:40:37 UTC;6417968;6600228;1647916;20,43;31680;540728;9392468;54,35;552096;795720;200
zenbook;1;2018-01-25 18:40:38 UTC;6417844;6600160;1648040;20,43;31680;540784;9392468;54,35;552152;795776;228
zenbook;1;2018-01-25 18:40:39 UTC;6417348;6600224;1648536;20,44;31680;540832;9392468;54,35;552156;796336;252
zenbook;1;2018-01-25 18:40:40 UTC;6417224;6600160;1648660;20,44;31696;540892;9392468;54,35;552172;796388;284
zenbook;1;2018-01-25 18:40:41 UTC;6416728;6599712;1649156;20,45;31696;540960;9392468;54,35;552660;796424;332
zenbook;1;2018-01-25 18:40:42 UTC;6416572;6599648;1649312;20,45;31696;541016;9392468;54,35;552724;796516;332
zenbook;1;2018-01-25 18:40:43 UTC;6416480;6599564;1649404;20,45;31696;541064;9392468;54,35;552812;796524;368
zenbook;1;2018-01-25 18:40:44 UTC;6416232;6599372;1649652;20,45;31712;541064;9392468;54,35;552856;796556;396
zenbook;1;2018-01-25 18:40:45 UTC;6416108;6599352;1649776;20,45;31712;541168;9392468;54,35;552908;796660;464
zenbook;1;2018-01-25 18:40:46 UTC;6416108;6599400;1649776;20,45;31712;541216;9392468;54,35;552924;796708;488
zenbook;1;2018-01-25 18:40:47 UTC;6415612;6616404;1650272;20,46;31712;541272;9392468;54,35;535924;814128;516
zenbook;1;2018-01-25 18:40:48 UTC;6415612;6616576;1650272;20,46;31712;541324;9392468;54,35;535716;814300;540
zenbook;1;2018-01-25 18:40:49 UTC;6415364;6616488;1650520;20,46;31712;541376;9392468;54,35;535828;814452;568
zenbook;1;2018-01-25 18:40:50 UTC;6415364;6616540;1650520;20,46;31720;541424;9392468;54,35;535856;814500;76
zenbook;1;2018-01-25 18:40:51 UTC;6415364;6616592;1650520;20,46;31720;541480;9392468;54,35;535888;814544;88
zenbook;1;2018-01-25 18:40:52 UTC;6415396;6616660;1650488;20,46;31720;541528;9392468;54,35;535996;814580;124
zenbook;1;2018-01-25 18:40:53 UTC;6415240;6616576;1650644;20,46;31720;541576;9392468;54,35;536080;814652;152
zenbook;1;2018-01-25 18:40:54 UTC;6415240;6616616;1650644;20,46;31720;541632;9392468;54,35;536096;814692;180
zenbook;1;2018-01-25 18:40:55 UTC;6413008;6614456;1652876;20,49;31728;543096;9392468;54,35;536700;816172;280
zenbook;1;2018-01-25 18:40:56 UTC;6413352;6614848;1652532;20,49;31728;542468;9392468;54,35;537224;815532;308
zenbook;1;2018-01-25 18:40:57 UTC;6413380;6614932;1652504;20,49;31728;542176;9392468;54,35;537076;815252;332
zenbook;1;2018-01-25 18:40:58 UTC;6413380;6614972;1652504;20,49;31728;541968;9392468;54,35;537100;815028;372
zenbook;1;2018-01-25 18:40:59 UTC;6413132;6614768;1652752;20,49;31728;542016;9392468;54,35;537336;815072;408
zenbook;1;2018-01-25 18:41:00 UTC;6413008;6614696;1652876;20,49;31736;542060;9392468;54,35;537536;815124;436
zenbook;1;2018-01-25 18:41:01 UTC;6410776;6612548;1655108;20,52;31744;543632;9403896;54,41;538324;816716;516
zenbook;1;2018-01-25 18:41:02 UTC;6411636;6613456;1654248;20,51;31744;542476;9403896;54,41;538680;815556;540
zenbook;1;2018-01-25 18:41:03 UTC;6411024;6612904;1654860;20,52;31744;542456;9403896;54,41;538920;815544;572
zenbook;1;2018-01-25 18:41:04 UTC;6409628;6611536;1656256;20,53;31744;543708;9413184;54,47;539292;816776;596
zenbook;1;2018-01-25 18:41:05 UTC;6408668;6610652;1657216;20,55;31744;544232;9423584;54,53;540208;817316;624
zenbook;1;2018-01-25 18:41:06 UTC;6406024;6608032;1659860;20,58;31752;544332;9470760;54,80;541632;817376;304
zenbook;1;2018-01-25 18:41:07 UTC;6406340;6608440;1659544;20,57;31752;542836;9470760;54,80;542868;815924;264
zenbook;1;2018-01-25 18:41:08 UTC;6404948;6607096;1660936;20,59;31752;542884;9470760;54,80;544064;816000;288
zenbook;1;2018-01-25 18:41:09 UTC;6402712;6604916;1663172;20,62;31752;544096;9480960;54,86;545372;817212;316
zenbook;1;2018-01-25 18:41:10 UTC;6401572;6603820;1664312;20,63;31752;543972;9493240;54,93;546700;817084;340
zenbook;1;2018-01-25 18:41:11 UTC;6401224;6603532;1664660;20,64;31760;542912;9493240;54,93;548268;816024;380
zenbook;1;2018-01-25 18:41:12 UTC;6400356;6602720;1665528;20,65;31760;542796;9493240;54,93;549292;815908;408
zenbook;1;2018-01-25 18:41:13 UTC;6396976;6599732;1668908;20,69;31760;544136;9504588;55,00;550556;817592;416
zenbook;1;2018-01-25 18:41:14 UTC;6397092;6600052;1668792;20,69;31760;543136;9504588;55,00;551184;816720;464
zenbook;1;2018-01-25 18:41:15 UTC;6396356;6599364;1669528;20,70;31760;543108;9504588;55,00;552448;816692;492
zenbook;1;2018-01-25 18:41:16 UTC;6395612;6598676;1670272;20,71;31768;542892;9504588;55,00;553352;816480;524
zenbook;1;2018-01-25 18:41:17 UTC;6394620;6597740;1671264;20,72;31768;542948;9504588;55,00;554648;816512;552
zenbook;1;2018-01-25 18:41:18 UTC;6394000;6597164;1671884;20,73;31768;543004;9504588;55,00;554832;816556;580
zenbook;1;2018-01-25 18:41:19 UTC;6393132;6596356;1672752;20,74;31768;542924;9504588;55,00;556048;816488;604
zenbook;1;2018-01-25 18:41:20 UTC;6393008;6596280;1672876;20,74;31768;542972;9504588;55,00;556056;816536;628
zenbook;1;2018-01-25 18:41:21 UTC;6391924;6595256;1673960;20,75;31768;543028;9504588;55,00;557048;816592;68
zenbook;1;2018-01-25 18:41:22 UTC;6391800;6595184;1674084;20,76;31776;543072;9504588;55,00;557280;816640;116
zenbook;1;2018-01-25 18:41:23 UTC;6391428;6594864;1674456;20,76;31776;543132;9504588;55,00;557568;816688;144
zenbook;1;2018-01-25 18:41:24 UTC;6390684;6594140;1675200;20,77;31776;543180;9504588;55,00;558080;816708;168
zenbook;1;2018-01-25 18:41:25 UTC;6390436;6593988;1675448;20,77;31776;543236;9504588;55,00;558408;816804;196
zenbook;1;2018-01-25 18:41:26 UTC;6390312;6593868;1675572;20,77;31776;543284;9504588;55,00;558460;816808;220
zenbook;1;2018-01-25 18:41:27 UTC;6389536;6594208;1676348;20,78;31776;543340;9504588;55,00;557828;817920;248
zenbook;1;2018-01-25 18:41:28 UTC;6389536;6594252;1676348;20,78;31784;543388;9504588;55,00;557840;817964;272
zenbook;1;2018-01-25 18:41:29 UTC;6389412;6594172;1676472;20,78;31784;543436;9504588;55,00;557948;818000;304
zenbook;1;2018-01-25 18:41:30 UTC;6389256;6594052;1676628;20,79;31784;543492;9504588;55,00;557972;818032;332
zenbook;1;2018-01-25 18:41:31 UTC;6389288;6594120;1676596;20,79;31784;543540;9504588;55,00;558048;818068;364
zenbook;1;2018-01-25 18:41:32 UTC;6389164;6594076;1676720;20,79;31784;543596;9504588;55,00;558080;818148;396
zenbook;1;2018-01-25 18:41:33 UTC;6389040;6594000;1676844;20,79;31792;543644;9504588;55,00;558236;818188;424
zenbook;1;2018-01-25 18:41:34 UTC;6388916;6593932;1676968;20,79;31792;543700;9504588;55,00;558236;818244;452
zenbook;1;2018-01-25 18:41:35 UTC;6388908;6594000;1676976;20,79;31792;543748;9504588;55,00;558256;818316;484
zenbook;1;2018-01-25 18:41:36 UTC;6388784;6593940;1677100;20,79;31792;543804;9504588;55,00;558304;818380;512
zenbook;1;2018-01-25 18:41:37 UTC;6388444;6593608;1677440;20,80;31792;543852;9504588;55,00;558504;818388;204
zenbook;1;2018-01-25 18:41:38 UTC;6388236;6593504;1677648;20,80;31800;543900;9504588;55,00;558612;818484;152
zenbook;1;2018-01-25 18:41:39 UTC;6387312;6592588;1678572;20,81;31800;543956;9504588;55,00;559312;818492;180
zenbook;1;2018-01-25 18:41:40 UTC;6387244;6592580;1678640;20,81;31800;544008;9504588;55,00;559312;818444;204
zenbook;1;2018-01-25 18:41:41 UTC;6387244;6592636;1678640;20,81;31800;544060;9504588;55,00;559312;818500;232
zenbook;1;2018-01-25 18:41:42 UTC;6387212;6592608;1678672;20,81;31800;544108;9504588;55,00;559364;818504;276
zenbook;1;2018-01-25 18:41:43 UTC;6387244;6592700;1678640;20,81;31808;544164;9504588;55,00;559416;818564;304
zenbook;1;2018-01-25 18:41:44 UTC;6386996;6592548;1678888;20,81;31824;544244;9504588;55,00;559468;818648;332
zenbook;1;2018-01-25 18:41:45 UTC;6386376;6592052;1679508;20,82;31832;544268;9504588;55,00;559524;818744;420
zenbook;1;2018-01-25 18:41:46 UTC;6386376;6592092;1679508;20,82;31832;544316;9504588;55,00;559540;818784;444
zenbook;1;2018-01-25 18:41:47 UTC;6386252;6591968;1679632;20,82;31832;544364;9504588;55,00;559768;818784;472
zenbook;1;2018-01-25 18:41:48 UTC;6386284;6592096;1679600;20,82;31832;544424;9504588;55,00;559768;818880;500
zenbook;1;2018-01-25 18:41:49 UTC;6386128;6591988;1679756;20,83;31832;544468;9504588;55,00;559784;818928;524
zenbook;1;2018-01-25 18:41:50 UTC;6386036;6591932;1679848;20,83;31840;544516;9504588;55,00;559804;818964;552
zenbook;1;2018-01-25 18:41:51 UTC;6386004;6591952;1679880;20,83;31840;544572;9504588;55,00;559816;819008;588
zenbook;1;2018-01-25 18:41:52 UTC;6386004;6591984;1679880;20,83;31840;544628;9504588;55,00;559840;819040;616
zenbook;1;2018-01-25 18:41:53 UTC;6386004;6592064;1679880;20,83;31840;544676;9504588;55,00;559856;819116;548
zenbook;1;2018-01-25 18:41:54 UTC;6386004;6592088;1679880;20,83;31840;544732;9504588;55,00;559888;819140;576
zenbook;1;2018-01-25 18:41:55 UTC;6385880;6591968;1680004;20,83;31840;544780;9504588;55,00;559920;819140;600
zenbook;1;2018-01-25 18:41:56 UTC;6385880;6592052;1680004;20,83;31848;544832;9504588;55,00;559948;819224;624
zenbook;1;2018-01-25 18:41:57 UTC;6385540;6591808;1680344;20,83;31848;544884;9504588;55,00;560192;819316;652
zenbook;1;2018-01-25 18:41:58 UTC;6385508;6591856;1680376;20,83;31848;544932;9504588;55,00;560212;819396;676
zenbook;1;2018-01-25 18:41:59 UTC;6385136;6591552;1680748;20,84;31848;544988;9504588;55,00;560236;819456;712
zenbook;1;2018-01-25 18:42:00 UTC;6385136;6591596;1680748;20,84;31848;545040;9504588;55,00;560280;819500;736
zenbook;1;2018-01-25 18:42:01 UTC;6385136;6591652;1680748;20,84;31856;545092;9504588;55,00;560280;819556;768
zenbook;1;2018-01-25 18:42:02 UTC;6385136;6591656;1680748;20,84;31856;545132;9504588;55,00;560268;819564;796
zenbook;1;2018-01-25 18:42:03 UTC;6385012;6591596;1680872;20,84;31856;545196;9504588;55,00;560360;819632;828
zenbook;1;2018-01-25 18:42:04 UTC;6385012;6591644;1680872;20,84;31856;545248;9504588;55,00;560368;819680;852
zenbook;1;2018-01-25 18:42:05 UTC;6384920;6591604;1680964;20,84;31856;545292;9504588;55,00;560368;819736;888
zenbook;1;2018-01-25 18:42:06 UTC;6384888;6591620;1680996;20,84;31864;545340;9504588;55,00;560376;819784;916
zenbook;1;2018-01-25 18:42:07 UTC;6384888;6591696;1680996;20,84;31864;545396;9504588;55,00;560616;819856;940
zenbook;1;2018-01-25 18:42:08 UTC;6384764;6591660;1681120;20,84;31868;545448;9504588;55,00;560732;819940;108
zenbook;1;2018-01-25 18:42:09 UTC;6384640;6592356;1681244;20,84;31868;545500;9504588;55,00;560020;820748;140
zenbook;1;2018-01-25 18:42:10 UTC;6382484;6590252;1683400;20,87;31868;547120;9504588;55,00;560348;822352;216
zenbook;1;2018-01-25 18:42:11 UTC;6381852;6590432;1684032;20,88;31868;546828;9504588;55,00;560552;822120;264
zenbook;1;2018-01-25 18:42:12 UTC;6321088;6534724;1744796;21,63;32180;607228;9559692;55,32;560976;882308;364
zenbook;1;2018-01-25 18:42:13 UTC;6340340;6557360;1725544;21,39;32188;587880;9544848;55,23;561292;863048;652
zenbook;1;2018-01-25 18:42:14 UTC;6340340;6557396;1725544;21,39;32188;587932;9544848;55,23;561384;863088;632
zenbook;1;2018-01-25 18:42:15 UTC;6337952;6557572;1727932;21,42;32188;590460;9544848;55,23;561648;865656;680
zenbook;1;2018-01-25 18:42:16 UTC;6337580;6557248;1728304;21,43;32188;590412;9544848;55,23;561656;865608;704
zenbook;1;2018-01-25 18:42:17 UTC;6334520;6554268;1731364;21,47;32188;592496;9579104;55,43;562268;867716;768
zenbook;1;2018-01-25 18:42:18 UTC;6334920;6554716;1730964;21,46;32196;591136;9579104;55,43;562856;866356;820
zenbook;1;2018-01-25 18:42:19 UTC;6333084;6552904;1732800;21,48;32204;592568;9587404;55,48;563392;867740;856
zenbook;1;2018-01-25 18:42:20 UTC;6332184;6552100;1733700;21,49;32204;592684;9597708;55,54;564288;867904;880
zenbook;1;2018-01-25 18:42:21 UTC;6332804;6552768;1733080;21,49;32204;591196;9597708;55,54;564840;866416;904
zenbook;1;2018-01-25 18:42:22 UTC;6332432;6552432;1733452;21,49;32204;591080;9597708;55,54;565500;866280;932
zenbook;1;2018-01-25 18:42:23 UTC;6331688;6551764;1734196;21,50;32212;591028;9606272;55,59;566356;866248;808
zenbook;1;2018-01-25 18:42:24 UTC;6331068;6551208;1734816;21,51;32224;591080;9606272;55,59;567120;866288;848
zenbook;1;2018-01-25 18:42:25 UTC;6330820;6551016;1735064;21,51;32224;590876;9606272;55,59;567480;866024;1072
zenbook;1;2018-01-25 18:42:26 UTC;6329704;6549920;1736180;21,52;32224;590936;9606272;55,59;568348;866044;1100
zenbook;1;2018-01-25 18:42:27 UTC;6329364;6549664;1736520;21,53;32224;590980;9606272;55,59;568556;866128;1124
zenbook;1;2018-01-25 18:42:28 UTC;6327092;6547444;1738792;21,56;32232;592536;9614208;55,63;569712;867680;1152
zenbook;1;2018-01-25 18:42:29 UTC;6325300;6545712;1740584;21,58;32232;592936;9626460;55,70;570640;868088;1176
zenbook;1;2018-01-25 18:42:30 UTC;6325828;6546256;1740056;21,57;32232;591732;9626460;55,70;571288;866848;1212
zenbook;1;2018-01-25 18:42:31 UTC;6325456;6545948;1740428;21,58;32232;591448;9626460;55,70;571724;866572;1240
zenbook;1;2018-01-25 18:42:32 UTC;6322696;6543252;1743188;21,61;32232;593232;9651036;55,84;573252;868364;1316
zenbook;1;2018-01-25 18:42:33 UTC;6323608;6544224;1742276;21,60;32240;591912;9651036;55,84;573912;867044;1344
zenbook;1;2018-01-25 18:42:34 UTC;6322944;6543624;1742940;21,61;32240;591832;9651036;55,84;574408;866976;1368
zenbook;1;2018-01-25 18:42:35 UTC;6322448;6543144;1743436;21,61;32240;591624;9651036;55,84;575052;866728;1400
zenbook;1;2018-01-25 18:42:36 UTC;6322200;6542964;1743684;21,62;32240;591672;9651036;55,84;575372;866796;1424
zenbook;1;2018-01-25 18:42:37 UTC;6321704;6542544;1744180;21,62;32240;591536;9651036;55,84;576028;866676;1452
zenbook;1;2018-01-25 18:42:38 UTC;6321324;6542188;1744560;21,63;32248;591576;9651036;55,84;576116;866700;100
zenbook;1;2018-01-25 18:42:39 UTC;6320956;6541900;1744928;21,63;32248;591632;9651036;55,84;576716;866772;100
zenbook;1;2018-01-25 18:42:40 UTC;6320956;6541916;1744928;21,63;32248;591676;9651036;55,84;576812;866788;128
zenbook;1;2018-01-25 18:42:41 UTC;6320336;6541384;1745548;21,64;32248;591736;9651036;55,84;577304;866892;152
zenbook;1;2018-01-25 18:42:42 UTC;6320088;6541180;1745796;21,64;32248;591792;9651036;55,84;577316;866936;180
zenbook;1;2018-01-25 18:42:43 UTC;6319468;6540596;1746416;21,65;32248;591840;9651036;55,84;577788;866968;204
zenbook;1;2018-01-25 18:42:44 UTC;6318416;6539588;1747468;21,66;32280;591896;9651036;55,84;578092;867004;420
zenbook;1;2018-01-25 18:42:45 UTC;6318352;6539648;1747532;21,67;32280;591952;9651036;55,84;578204;867096;344
zenbook;1;2018-01-25 18:42:46 UTC;6318228;6539568;1747656;21,67;32280;592008;9651036;55,84;578216;867140;372
zenbook;1;2018-01-25 18:42:47 UTC;6318104;6539496;1747780;21,67;32280;592056;9651036;55,84;578388;867192;396
zenbook;1;2018-01-25 18:42:48 UTC;6318104;6539524;1747780;21,67;32280;592104;9651036;55,84;578416;867220;420
zenbook;1;2018-01-25 18:42:49 UTC;6318104;6539616;1747780;21,67;32280;592160;9651036;55,84;578504;867312;448
zenbook;1;2018-01-25 18:42:50 UTC;6318104;6539660;1747780;21,67;32288;592208;9651036;55,84;578520;867352;508
zenbook;1;2018-01-25 18:42:51 UTC;6318104;6539680;1747780;21,67;32288;592264;9651036;55,84;578636;867368;540
zenbook;1;2018-01-25 18:42:52 UTC;6317980;6539652;1747904;21,67;32288;592312;9651036;55,84;578708;867464;568
zenbook;1;2018-01-25 18:42:53 UTC;6317732;6539460;1748152;21,67;32288;592368;9651036;55,84;578764;867520;616
zenbook;1;2018-01-25 18:42:54 UTC;6317732;6539460;1748152;21,67;32288;592416;9651036;55,84;578764;867520;296
zenbook;1;2018-01-25 18:42:55 UTC;6317732;6539544;1748152;21,67;32296;592472;9651036;55,84;578908;867592;256
zenbook;1;2018-01-25 18:42:56 UTC;6317732;6539584;1748152;21,67;32296;592520;9651036;55,84;578924;867632;292
zenbook;1;2018-01-25 18:42:57 UTC;6317608;6539500;1748276;21,67;32296;592568;9651036;55,84;578944;867668;316
zenbook;1;2018-01-25 18:42:58 UTC;6317484;6539456;1748400;21,68;32296;592624;9651036;55,84;578976;867748;344
zenbook;1;2018-01-25 18:42:59 UTC;6317360;6539380;1748524;21,68;32296;592672;9651036;55,84;579044;867796;368
zenbook;1;2018-01-25 18:43:00 UTC;6317304;6539404;1748580;21,68;32316;592708;9651036;55,84;579064;867876;572
zenbook;1;2018-01-25 18:43:01 UTC;6317336;6539504;1748548;21,68;32316;592776;9651036;55,84;579180;867936;604
zenbook;1;2018-01-25 18:43:02 UTC;6317212;6539420;1748672;21,68;32316;592832;9651036;55,84;579196;867976;632
zenbook;1;2018-01-25 18:43:03 UTC;6317212;6539432;1748672;21,68;32316;592880;9651036;55,84;579240;867992;660
zenbook;1;2018-01-25 18:43:04 UTC;6317088;6539360;1748796;21,68;32316;592936;9651036;55,84;579244;868044;688
zenbook;1;2018-01-25 18:43:05 UTC;6316964;6539336;1748920;21,68;32324;592984;9651036;55,84;579356;868136;716
zenbook;1;2018-01-25 18:43:06 UTC;6316872;6539268;1749012;21,68;32324;593032;9651036;55,84;579388;868160;744
zenbook;1;2018-01-25 18:43:07 UTC;6316840;6539284;1749044;21,68;32324;593088;9651036;55,84;579432;868208;784
zenbook;1;2018-01-25 18:43:08 UTC;6316716;6539200;1749168;21,69;32324;593136;9651036;55,84;579448;868248;808
zenbook;1;2018-01-25 18:43:09 UTC;6316532;6539116;1749352;21,69;32324;593192;9651036;55,84;579500;868348;428
zenbook;1;2018-01-25 18:43:10 UTC;6316380;6539004;1749504;21,69;32340;593144;9651036;55,84;579700;868388;452
zenbook;1;2018-01-25 18:43:11 UTC;6316408;6539028;1749476;21,69;32340;593196;9651036;55,84;579584;868364;524
zenbook;1;2018-01-25 18:43:12 UTC;6316408;6539028;1749476;21,69;32356;593232;9651036;55,84;579584;868364;548
zenbook;1;2018-01-25 18:43:13 UTC;6315788;6538532;1750096;21,70;32356;593280;9651036;55,84;580312;868424;744
zenbook;1;2018-01-25 18:43:14 UTC;6315696;6538448;1750188;21,70;32356;593352;9651036;55,84;580456;868464;776
zenbook;1;2018-01-25 18:43:15 UTC;6316900;6539736;1748984;21,68;32356;593428;9651036;55,84;579164;868548;812
zenbook;1;2018-01-25 18:43:16 UTC;6316904;6539800;1748980;21,68;32364;593460;9651036;55,84;579076;868504;892
zenbook;1;2018-01-25 18:43:17 UTC;6316780;6539712;1749104;21,69;32364;593508;9651036;55,84;579104;868532;928
zenbook;1;2018-01-25 18:43:18 UTC;6316656;6539636;1749228;21,69;32364;593564;9651036;55,84;579112;868580;956
zenbook;1;2018-01-25 18:43:19 UTC;6316656;6539716;1749228;21,69;32364;593612;9651036;55,84;579144;868660;980
zenbook;1;2018-01-25 18:43:20 UTC;6315808;6539068;1750076;21,70;32364;593748;9651036;55,84;579360;868880;1020
zenbook;1;2018-01-25 18:43:21 UTC;6313624;6536796;1752260;21,72;32372;595364;9651036;55,84;579328;870436;1112
zenbook;1;2018-01-25 18:43:22 UTC;6314756;6538000;1751128;21,71;32380;594296;9666332;55,93;579672;869364;1188
zenbook;1;2018-01-25 18:43:23 UTC;6314764;6538008;1751120;21,71;32380;594180;9666332;55,93;579580;869200;1220
zenbook;1;2018-01-25 18:43:24 UTC;6314888;6538228;1750996;21,71;32380;593968;9666332;55,93;579592;869032;1244
zenbook;1;2018-01-25 18:43:25 UTC;6314888;6538284;1750996;21,71;32380;594020;9666332;55,93;579684;869084;464
zenbook;1;2018-01-25 18:43:26 UTC;6314888;6538328;1750996;21,71;32380;594068;9666332;55,93;579696;869128;496
zenbook;1;2018-01-25 18:43:27 UTC;6314640;6538116;1751244;21,71;32380;594024;9666332;55,93;579864;869068;536
zenbook;1;2018-01-25 18:43:28 UTC;6312812;6536328;1753072;21,73;32388;595444;9676816;55,99;580352;870472;596
zenbook;1;2018-01-25 18:43:29 UTC;6311912;6535524;1753972;21,75;32388;596080;9686852;56,05;580776;871148;624
zenbook;1;2018-01-25 18:43:30 UTC;6311856;6535516;1754028;21,75;32388;595660;9699184;56,12;581648;870728;648
zenbook;1;2018-01-25 18:43:31 UTC;6311880;6535596;1754004;21,75;32388;594696;9699184;56,12;581916;869764;696
zenbook;1;2018-01-25 18:43:32 UTC;6310848;6535424;1755036;21,76;32388;594548;9699184;56,12;581856;870452;780
zenbook;1;2018-01-25 18:43:33 UTC;6309120;6534092;1756764;21,78;32396;595976;9713228;56,20;582280;872188;864
zenbook;1;2018-01-25 18:43:34 UTC;6309492;6534520;1756392;21,78;32396;594920;9713228;56,20;582876;871132;892
zenbook;1;2018-01-25 18:43:35 UTC;6308628;6533684;1757256;21,79;32396;594800;9713228;56,20;583728;870992;920
zenbook;1;2018-01-25 18:43:36 UTC;6308500;6533592;1757384;21,79;32396;594588;9713228;56,20;583940;870764;948
zenbook;1;2018-01-25 18:43:37 UTC;6308128;6533272;1757756;21,79;32396;594640;9713228;56,20;584516;870820;972
zenbook;1;2018-01-25 18:43:38 UTC;6307880;6533128;1758004;21,80;32404;594600;9713228;56,20;584964;870816;1004
zenbook;1;2018-01-25 18:43:39 UTC;6305476;6530764;1760408;21,83;32404;596024;9722700;56,26;585824;872232;1028
zenbook;1;2018-01-25 18:43:40 UTC;6304624;6529976;1761260;21,84;32404;596240;9733436;56,32;586736;872456;672
zenbook;1;2018-01-25 18:43:41 UTC;6304748;6530144;1761136;21,83;32404;595116;9733436;56,32;587260;871328;696
zenbook;1;2018-01-25 18:43:42 UTC;6304284;6529732;1761600;21,84;32404;595164;9733436;56,32;587856;871380;720
zenbook;1;2018-01-25 18:43:43 UTC;6304004;6529516;1761880;21,84;32412;594952;9733436;56,32;588700;871168;748
zenbook;1;2018-01-25 18:43:44 UTC;6298144;6523704;1767740;21,92;32412;596388;9744048;56,38;593224;872604;772
zenbook;1;2018-01-25 18:43:45 UTC;6291124;6516740;1774760;22,00;32412;595468;9752808;56,43;600904;871684;808
zenbook;1;2018-01-25 18:43:46 UTC;6282320;6507984;1783564;22,11;32412;595432;9761280;56,48;609752;871648;832
zenbook;1;2018-01-25 18:43:47 UTC;6277236;6502924;1788648;22,18;32428;595136;9778540;56,58;614992;871500;860
zenbook;1;2018-01-25 18:43:48 UTC;6267656;6493440;1798228;22,29;32428;597008;9798564;56,70;622544;873220;1008
zenbook;1;2018-01-25 18:43:49 UTC;6264232;6490072;1801652;22,34;32428;595608;9798564;56,70;627388;871820;1036
zenbook;1;2018-01-25 18:43:50 UTC;6265284;6491140;1800600;22,32;32428;595576;9798564;56,70;626000;871756;1060
zenbook;1;2018-01-25 18:43:51 UTC;6264852;6490788;1801032;22,33;32428;595360;9798564;56,70;627148;871572;1084
zenbook;1;2018-01-25 18:43:52 UTC;6270552;6496544;1795332;22,26;32428;595496;9798564;56,70;621172;871628;1112
zenbook;1;2018-01-25 18:43:53 UTC;6282988;6509040;1782896;22,10;32436;595368;9798564;56,70;608676;871580;1180
zenbook;1;2018-01-25 18:43:54 UTC;6294612;6520720;1771272;21,96;32436;595424;9798564;56,70;597488;871636;1212
zenbook;1;2018-01-25 18:43:55 UTC;6295508;6521664;1770376;21,95;32436;595472;9798564;56,70;596344;871684;456
zenbook;1;2018-01-25 18:43:56 UTC;6295136;6521352;1770748;21,95;32436;595528;9798564;56,70;596660;871740;492
zenbook;1;2018-01-25 18:43:57 UTC;6294920;6521184;1770964;21,96;32436;595576;9798564;56,70;596836;871788;532
zenbook;1;2018-01-25 18:43:58 UTC;6294888;6521204;1770996;21,96;32444;595624;9798564;56,70;596988;871840;568
zenbook;1;2018-01-25 18:43:59 UTC;6294516;6520892;1771368;21,96;32444;595680;9798564;56,70;597344;871892;596
zenbook;1;2018-01-25 18:44:00 UTC;6294268;6520644;1771616;21,96;32444;595724;9798564;56,70;597616;871896;620
zenbook;1;2018-01-25 18:44:01 UTC;6286612;6513092;1779272;22,06;32444;595784;9798564;56,70;605380;872008;648
zenbook;1;2018-01-25 18:44:02 UTC;6272320;6498848;1793564;22,24;32444;595832;9798564;56,70;619404;872048;588
zenbook;1;2018-01-25 18:44:03 UTC;6257440;6484032;1808444;22,42;32460;595880;9798564;56,70;633760;872104;616
zenbook;1;2018-01-25 18:44:04 UTC;6238316;6464964;1827568;22,66;32460;595936;9815148;56,79;653064;872152;664
zenbook;1;2018-01-25 18:44:05 UTC;6215624;6442316;1850260;22,94;32460;595992;9831568;56,89;675740;872196;692
zenbook;1;2018-01-25 18:44:06 UTC;6193208;6419960;1872676;23,22;32460;596040;9856336;57,03;697896;872256;720
zenbook;1;2018-01-25 18:44:07 UTC;6172500;6399300;1893384;23,47;32460;596088;9881288;57,18;718688;872304;744
zenbook;1;2018-01-25 18:44:08 UTC;6149504;6376360;1916380;23,76;32460;596144;9897800;57,27;741688;872360;772
zenbook;1;2018-01-25 18:44:09 UTC;6129272;6356184;1936612;24,01;32468;596192;9922944;57,42;761776;872408;800
zenbook;1;2018-01-25 18:44:10 UTC;6109136;6336104;1956748;24,26;32468;596248;9939844;57,52;781708;872468;876
zenbook;1;2018-01-25 18:44:11 UTC;6085612;6312628;1980272;24,55;32468;596300;9964484;57,66;804972;872520;136
zenbook;1;2018-01-25 18:44:12 UTC;6062656;6289732;2003228;24,84;32468;596352;9989380;57,80;827952;872572;108
zenbook;1;2018-01-25 18:44:13 UTC;6040008;6267132;2025876;25,12;32468;596400;10014364;57,95;850716;872620;132
zenbook;1;2018-01-25 18:44:14 UTC;6018776;6245964;2047108;25,38;32476;596456;10031028;58,04;871788;872676;172
zenbook;1;2018-01-25 18:44:15 UTC;6003772;6231008;2062112;25,57;32476;596504;10055500;58,19;886900;872724;196
zenbook;1;2018-01-25 18:44:16 UTC;5982472;6209712;2083412;25,83;32476;596552;10063724;58,23;908060;872728;220
zenbook;1;2018-01-25 18:44:17 UTC;5960400;6187740;2105484;26,10;32476;596608;10080268;58,33;930224;872828;264
zenbook;1;2018-01-25 18:44:18 UTC;5937832;6165220;2128052;26,38;32476;596656;10113916;58,52;952248;872876;288
zenbook;1;2018-01-25 18:44:19 UTC;5923868;6151316;2142016;26,56;32484;596712;10122980;58,58;965972;872932;320
zenbook;1;2018-01-25 18:44:20 UTC;5925600;6153100;2140284;26,54;32484;596760;10132956;58,63;963904;872996;348
zenbook;1;2018-01-25 18:44:21 UTC;5926884;6154440;2139000;26,52;32484;596816;10142104;58,69;962420;873048;380
zenbook;1;2018-01-25 18:44:22 UTC;5921828;6149432;2144056;26,58;32484;596864;10142104;58,69;968124;873096;416
zenbook;1;2018-01-25 18:44:23 UTC;5925144;6152804;2140740;26,54;32484;596920;10142104;58,69;964440;873152;444
zenbook;1;2018-01-25 18:44:24 UTC;5926084;6153796;2139800;26,53;32492;596968;10142104;58,69;963376;873140;468
zenbook;1;2018-01-25 18:44:25 UTC;5908568;6136332;2157316;26,75;32492;597016;10142104;58,69;981528;873188;492
zenbook;1;2018-01-25 18:44:26 UTC;5896228;6124052;2169656;26,90;32492;598612;10174044;58,87;991632;874784;544
zenbook;1;2018-01-25 18:44:27 UTC;5885316;6113188;2180568;27,03;32492;597556;10182164;58,92;1004124;873732;620
zenbook;1;2018-01-25 18:44:28 UTC;5870528;6098456;2195356;27,22;32492;597536;10190712;58,97;1018856;873708;648
zenbook;1;2018-01-25 18:44:29 UTC;5859524;6087508;2206360;27,35;32500;597320;10210216;59,08;1029884;873492;676
zenbook;1;2018-01-25 18:44:30 UTC;5856900;6084904;2208984;27,39;32500;597376;10210216;59,08;1032540;873512;704
zenbook;1;2018-01-25 18:44:31 UTC;5855684;6083772;2210200;27,40;32500;597328;10210216;59,08;1033440;873500;728
zenbook;1;2018-01-25 18:44:32 UTC;5859104;6087200;2206780;27,36;32500;597384;10210216;59,08;1029588;873508;756
zenbook;1;2018-01-25 18:44:33 UTC;5866100;6094292;2199784;27,27;32500;597432;10210216;59,08;1022372;873604;752
zenbook;1;2018-01-25 18:44:34 UTC;5875528;6103768;2190356;27,16;32500;597480;10210216;59,08;1012500;873652;776
zenbook;1;2018-01-25 18:44:35 UTC;5887044;6115328;2178840;27,01;32508;597536;10210216;59,08;1001028;873684;808
zenbook;1;2018-01-25 18:44:36 UTC;5896392;6124748;2169492;26,90;32508;597584;10210216;59,08;991956;873756;844
zenbook;1;2018-01-25 18:44:37 UTC;5906368;6134756;2159516;26,77;32508;597640;10210216;59,08;981836;873788;872
zenbook;1;2018-01-25 18:44:38 UTC;5915708;6144168;2150176;26,66;32508;597688;10210216;59,08;972192;873860;896
zenbook;1;2018-01-25 18:44:39 UTC;5926812;6155312;2139072;26,52;32508;597744;10210216;59,08;961636;873900;924
zenbook;1;2018-01-25 18:44:40 UTC;5935544;6164108;2130340;26,41;32516;597796;10210216;59,08;952516;873956;948
zenbook;1;2018-01-25 18:44:41 UTC;5945800;6174428;2120084;26,28;32516;597848;10210216;59,08;941972;874016;116
zenbook;1;2018-01-25 18:44:42 UTC;5957616;6186296;2108268;26,14;32516;597896;10210216;59,08;929872;874064;64
zenbook;1;2018-01-25 18:44:43 UTC;5970200;6198928;2095684;25,98;32516;597944;10210216;59,08;917512;874112;88
zenbook;1;2018-01-25 18:44:44 UTC;5981748;6210528;2084136;25,84;32516;598000;10210216;59,08;905960;874164;116
zenbook;1;2018-01-25 18:44:45 UTC;5993908;6222744;2071976;25,69;32524;598044;10210216;59,08;893700;874216;144
zenbook;1;2018-01-25 18:44:46 UTC;6006244;6235120;2059640;25,54;32524;598104;10210216;59,08;881444;874252;188
zenbook;1;2018-01-25 18:44:47 UTC;6019556;6248548;2046328;25,37;32540;598192;10210216;59,08;867812;874360;264
zenbook;1;2018-01-25 18:44:48 UTC;6032648;6261656;2033236;25,21;32540;598212;10210216;59,08;854792;874368;292
zenbook;1;2018-01-25 18:44:49 UTC;6046340;6275384;2019544;25,04;32540;598256;10210216;59,08;841536;874392;336
zenbook;1;2018-01-25 18:44:50 UTC;6055752;6284964;2010132;24,92;32540;600180;10224456;59,16;829976;876336;404
zenbook;1;2018-01-25 18:44:51 UTC;6067904;6297164;1997980;24,77;32540;598976;10224456;59,16;818364;875132;428
zenbook;1;2018-01-25 18:44:52 UTC;6076136;6305412;1989748;24,67;32540;599920;10235564;59,23;809212;876044;456
zenbook;1;2018-01-25 18:44:53 UTC;6085496;6314868;1980388;24,55;32548;599036;10235564;59,23;800824;875192;488
zenbook;1;2018-01-25 18:44:54 UTC;6091832;6321244;1974052;24,47;32548;599000;10235564;59,23;794532;875148;512
zenbook;1;2018-01-25 18:44:55 UTC;6096028;6325504;1969856;24,42;32548;600584;10248756;59,30;789108;876740;540
zenbook;1;2018-01-25 18:44:56 UTC;6106052;6335572;1959832;24,30;32548;599160;10248756;59,30;780608;875312;564
zenbook;1;2018-01-25 18:44:57 UTC;6109148;6338728;1956736;24,26;32548;600764;10268944;59,42;774872;876916;172
zenbook;1;2018-01-25 18:44:58 UTC;6119444;6349084;1946440;24,13;32556;599280;10268944;59,42;766764;875436;204
zenbook;1;2018-01-25 18:44:59 UTC;6129624;6359320;1936260;24,01;32556;599164;10268944;59,42;756660;875320;236
zenbook;1;2018-01-25 18:45:00 UTC;6139724;6369468;1926160;23,88;32556;599116;10268944;59,42;746548;875296;260
zenbook;1;2018-01-25 18:45:01 UTC;6144716;6374508;1921168;23,82;32556;600724;10282512;59,50;740240;876908;288
zenbook;1;2018-01-25 18:45:02 UTC;6153240;6383088;1912644;23,71;32556;599432;10282512;59,50;732524;875612;316
zenbook;1;2018-01-25 18:45:03 UTC;6160588;6390488;1905296;23,62;32564;600764;10293684;59,56;723840;876948;324
zenbook;1;2018-01-25 18:45:04 UTC;6164480;6394440;1901404;23,57;32564;601156;10314436;59,68;719688;877344;388
zenbook;1;2018-01-25 18:45:05 UTC;6168524;6398532;1897360;23,52;32564;601204;10324892;59,74;715452;877392;412
zenbook;1;2018-01-25 18:45:06 UTC;6174796;6404860;1891088;23,45;32564;599760;10324892;59,74;710460;875948;444
zenbook;1;2018-01-25 18:45:07 UTC;6180472;6410584;1885412;23,38;32564;599636;10324892;59,74;704708;875824;468
zenbook;1;2018-01-25 18:45:08 UTC;6186492;6416668;1879392;23,30;32572;599592;10324892;59,74;698992;875776;496
zenbook;1;2018-01-25 18:45:09 UTC;6192828;6423052;1873056;23,22;32572;599640;10324892;59,74;692988;875824;520
zenbook;1;2018-01-25 18:45:10 UTC;6178948;6425132;1886936;23,39;32592;615388;10337932;59,82;697736;883784;792
zenbook;1;2018-01-25 18:45:11 UTC;6184268;6430680;1881616;23,33;32600;615440;10337932;59,82;692840;883708;824
zenbook;1;2018-01-25 18:45:12 UTC;6189544;6436008;1876340;23,26;32600;615492;10337932;59,82;687480;883756;684
zenbook;1;2018-01-25 18:45:13 UTC;6195744;6442264;1870140;23,19;32600;615548;10337932;59,82;681516;883812;676
zenbook;1;2018-01-25 18:45:14 UTC;6201540;6448124;1864344;23,11;32600;615596;10337932;59,82;675572;883860;716
zenbook;1;2018-01-25 18:45:15 UTC;6208276;6454912;1857608;23,03;32600;615652;10337932;59,82;668804;883912;744
zenbook;1;2018-01-25 18:45:16 UTC;6215124;6461812;1850760;22,95;32600;615700;10337932;59,82;662012;883960;776
zenbook;1;2018-01-25 18:45:17 UTC;6222260;6469004;1843624;22,86;32608;615756;10337932;59,82;655056;884008;852
zenbook;1;2018-01-25 18:45:18 UTC;6228124;6474924;1837760;22,78;32608;615804;10337932;59,82;648988;884064;876
zenbook;1;2018-01-25 18:45:19 UTC;6234652;6481508;1831232;22,70;32608;615852;10337932;59,82;642456;884112;900
zenbook;1;2018-01-25 18:45:20 UTC;6241288;6488188;1824596;22,62;32608;615908;10337932;59,82;635788;884152;936
zenbook;1;2018-01-25 18:45:21 UTC;6241164;6488128;1824720;22,62;32608;615956;10337932;59,82;635752;884216;964
zenbook;1;2018-01-25 18:45:22 UTC;6241164;6488172;1824720;22,62;32616;616012;10337932;59,82;635772;884252;996
zenbook;1;2018-01-25 18:45:23 UTC;6241164;6488180;1824720;22,62;32616;616060;10337932;59,82;635820;884260;1024
zenbook;1;2018-01-25 18:45:24 UTC;6228516;6475596;1837368;22,78;32616;616120;10337932;59,82;648620;884324;1052
zenbook;1;2018-01-25 18:45:25 UTC;6218660;6465840;1847224;22,90;32616;616164;10337932;59,82;658192;884420;1076
zenbook;1;2018-01-25 18:45:26 UTC;6214440;6461676;1851444;22,95;32616;616220;10337932;59,82;662492;884476;1104
zenbook;1;2018-01-25 18:45:27 UTC;6189504;6436776;1876380;23,26;32624;616268;10337932;59,82;687532;884504;440
zenbook;1;2018-01-25 18:45:28 UTC;6177344;6424684;1888540;23,41;32624;616316;10337932;59,82;699316;884568;380
zenbook;1;2018-01-25 18:45:29 UTC;6179656;6427052;1886228;23,39;32624;616372;10337932;59,82;696584;884624;408
zenbook;1;2018-01-25 18:45:30 UTC;6160908;6408320;1904976;23,62;32624;616420;10337932;59,82;716356;884640;436
zenbook;1;2018-01-25 18:45:31 UTC;6136260;6383760;1929624;23,92;32624;616476;10337932;59,82;740724;884728;464
zenbook;1;2018-01-25 18:45:32 UTC;6136276;6383836;1929608;23,92;32632;616524;10337932;59,82;739816;884776;500
zenbook;1;2018-01-25 18:45:33 UTC;6138460;6386076;1927424;23,90;32632;616580;10337932;59,82;738144;884832;528
zenbook;1;2018-01-25 18:45:34 UTC;6119120;6366736;1946764;24,14;32632;616628;10337932;59,82;757852;884832;552
zenbook;1;2018-01-25 18:45:35 UTC;6113780;6361484;1952104;24,20;32632;616684;10337932;59,82;762328;884920;568
zenbook;1;2018-01-25 18:45:36 UTC;6116876;6364644;1949008;24,16;32632;616732;10337932;59,82;759212;884984;660
zenbook;1;2018-01-25 18:45:37 UTC;6110964;6358780;1954920;24,24;32632;616780;10337932;59,82;765144;885032;696
zenbook;1;2018-01-25 18:45:38 UTC;6111808;6359684;1954076;24,23;32640;616836;10337932;59,82;763768;885088;724
zenbook;1;2018-01-25 18:45:39 UTC;6116716;6364628;1949168;24,17;32640;616884;10337932;59,82;759648;885120;748
zenbook;1;2018-01-25 18:45:40 UTC;6120616;6368600;1945268;24,12;32640;616940;10337932;59,82;755000;885188;788
zenbook;1;2018-01-25 18:45:41 UTC;6114400;6362432;1951484;24,19;32640;616988;10337932;59,82;762224;885236;812
zenbook;1;2018-01-25 18:45:42 UTC;6097728;6345816;1968156;24,40;32640;617044;10337932;59,82;778604;885292;840
zenbook;1;2018-01-25 18:45:43 UTC;6091932;6340076;1973952;24,47;32648;617092;10337932;59,82;784052;885340;108
zenbook;1;2018-01-25 18:45:44 UTC;6078260;6326452;1987624;24,64;32648;617140;10337932;59,82;798152;885388;136
zenbook;1;2018-01-25 18:45:45 UTC;6062788;6311036;2003096;24,83;32648;617196;10337932;59,82;813284;885444;164
zenbook;1;2018-01-25 18:45:46 UTC;6035580;6283880;2030304;25,17;32648;617244;10337932;59,82;840484;885492;192
zenbook;1;2018-01-25 18:45:47 UTC;6009564;6257920;2056320;25,49;32664;617284;10337932;59,82;866376;885548;228
zenbook;1;2018-01-25 18:45:48 UTC;5981292;6229712;2084592;25,84;32664;617348;10337932;59,82;894648;885592;308
zenbook;1;2018-01-25 18:45:49 UTC;5975240;6223716;2090644;25,92;32664;617404;10337932;59,82;900248;885644;344
zenbook;1;2018-01-25 18:45:50 UTC;5958000;6206524;2107884;26,13;32664;617452;10337932;59,82;917644;885692;368
zenbook;1;2018-01-25 18:45:51 UTC;5961820;6210400;2104064;26,09;32664;617508;10337932;59,82;913268;885748;400
zenbook;1;2018-01-25 18:45:52 UTC;5967276;6215904;2098608;26,02;32664;617556;10337932;59,82;908164;885796;428
zenbook;1;2018-01-25 18:45:53 UTC;5969536;6218216;2096348;25,99;32672;617604;10337932;59,82;906328;885840;456
zenbook;1;2018-01-25 18:45:54 UTC;5972228;6220968;2093656;25,96;32672;617660;10337932;59,82;902872;885900;484
zenbook;1;2018-01-25 18:45:55 UTC;5965048;6213836;2100836;26,05;32672;617708;10337932;59,82;910816;885948;508
zenbook;1;2018-01-25 18:45:56 UTC;5962696;6211540;2103188;26,08;32672;617764;10337932;59,82;913068;886004;548
zenbook;1;2018-01-25 18:45:57 UTC;5962288;6211180;2103596;26,08;32672;617816;10337932;59,82;912504;886016;572
zenbook;1;2018-01-25 18:45:58 UTC;5963796;6212740;2102088;26,06;32680;617868;10337932;59,82;911012;886060;600
zenbook;1;2018-01-25 18:45:59 UTC;5961108;6210112;2104776;26,09;32680;617916;10337932;59,82;913680;886116;204
zenbook;1;2018-01-25 18:46:00 UTC;5964124;6213188;2101760;26,06;32680;617972;10337932;59,82;910276;886172;240
zenbook;1;2018-01-25 18:46:01 UTC;5961736;6210848;2104148;26,09;32680;619712;10348364;59,88;911232;887924;312
zenbook;1;2018-01-25 18:46:02 UTC;5949168;6198328;2116716;26,24;32680;618508;10348364;59,88;925008;886720;364
zenbook;1;2018-01-25 18:46:03 UTC;5935508;6184720;2130376;26,41;32688;618476;10348364;59,88;939328;886692;392
zenbook;1;2018-01-25 18:46:04 UTC;5920996;6170268;2144888;26,59;32688;619524;10366452;59,98;952404;887744;416
zenbook;1;2018-01-25 18:46:05 UTC;5908500;6157828;2157384;26,75;32688;618820;10366452;59,98;965308;887040;392
zenbook;1;2018-01-25 18:46:06 UTC;5901556;6150932;2164328;26,83;32688;618532;10366452;59,98;973204;886752;428
zenbook;1;2018-01-25 18:46:07 UTC;5896668;6146104;2169216;26,89;32688;618492;10366452;59,98;978044;886712;468
zenbook;1;2018-01-25 18:46:08 UTC;5892872;6142356;2173012;26,94;32688;620352;10385216;60,09;979600;888400;528
zenbook;1;2018-01-25 18:46:09 UTC;5895176;6144724;2170708;26,91;32696;618892;10385216;60,09;977940;887112;556
zenbook;1;2018-01-25 18:46:10 UTC;5895440;6145036;2170444;26,91;32696;618940;10385216;60,09;977532;887124;580
zenbook;1;2018-01-25 18:46:11 UTC;5895672;6145268;2170212;26,91;32696;618816;10385216;60,09;977360;886952;604
zenbook;1;2018-01-25 18:46:12 UTC;5898776;6148476;2167108;26,87;32696;618784;10385216;60,09;974344;886964;644
zenbook;1;2018-01-25 18:46:13 UTC;5895992;6145740;2169892;26,90;32696;620660;10405164;60,21;976000;888840;672
zenbook;1;2018-01-25 18:46:14 UTC;5897564;6147372;2168320;26,88;32704;619348;10405164;60,21;975024;887524;528
zenbook;1;2018-01-25 18:46:15 UTC;5897640;6147500;2168244;26,88;32704;619228;10405164;60,21;975160;887408;500
zenbook;1;2018-01-25 18:46:16 UTC;5897516;6147432;2168368;26,88;32704;619020;10405164;60,21;975496;887200;528
zenbook;1;2018-01-25 18:46:17 UTC;5896972;6146936;2168912;26,89;32704;619068;10405164;60,21;975536;887248;552
zenbook;1;2018-01-25 18:46:18 UTC;5898452;6148472;2167432;26,87;32704;618900;10405164;60,21;974300;887080;580
zenbook;1;2018-01-25 18:46:19 UTC;5895768;6145816;2170116;26,90;32712;620788;10435552;60,38;975480;888940;604
zenbook;1;2018-01-25 18:46:20 UTC;5894524;6144620;2171360;26,92;32712;621060;10445792;60,44;976672;889212;648
zenbook;1;2018-01-25 18:46:21 UTC;5893088;6143268;2172796;26,94;32712;619664;10445792;60,44;979760;887844;680
zenbook;1;2018-01-25 18:46:22 UTC;5888996;6139200;2176888;26,99;32712;619456;10445792;60,44;984048;887612;704
zenbook;1;2018-01-25 18:46:23 UTC;5885988;6136276;2179896;27,03;32712;619416;10445792;60,44;986816;887596;756
zenbook;1;2018-01-25 18:46:24 UTC;5882916;6133260;2182968;27,06;32720;619464;10445792;60,44;989592;887652;784
zenbook;1;2018-01-25 18:46:25 UTC;5879760;6130116;2186124;27,10;32720;619348;10445792;60,44;992868;887492;812
zenbook;1;2018-01-25 18:46:26 UTC;5876320;6126768;2189564;27,15;32720;619312;10445792;60,44;996652;887496;836
zenbook;1;2018-01-25 18:46:27 UTC;5872008;6122512;2193876;27,20;32720;619368;10445792;60,44;1000328;887552;864
zenbook;1;2018-01-25 18:46:28 UTC;5869796;6120352;2196088;27,23;32720;619416;10445792;60,44;1003216;887600;888
zenbook;1;2018-01-25 18:46:29 UTC;5868036;6118648;2197848;27,25;32728;619464;10445792;60,44;1004988;887648;132
zenbook;1;2018-01-25 18:46:30 UTC;5865280;6115948;2200604;27,28;32728;619520;10445792;60,44;1007024;887704;168
zenbook;1;2018-01-25 18:46:31 UTC;5863072;6113788;2202812;27,31;32728;619568;10445792;60,44;1009200;887752;192
zenbook;1;2018-01-25 18:46:32 UTC;5861144;6111916;2204740;27,33;32728;619628;10445792;60,44;1011924;887808;220
zenbook;1;2018-01-25 18:46:33 UTC;5857576;6108396;2208308;27,38;32728;619672;10445792;60,44;1014832;887856;244
zenbook;1;2018-01-25 18:46:34 UTC;5854568;6105452;2211316;27,42;32736;619728;10445792;60,44;1018432;887916;284
zenbook;1;2018-01-25 18:46:35 UTC;5851872;6102804;2214012;27,45;32736;619776;10445792;60,44;1020392;887956;280
zenbook;1;2018-01-25 18:46:36 UTC;5849584;6100572;2216300;27,48;32736;619832;10445792;60,44;1022840;888012;308
zenbook;1;2018-01-25 18:46:37 UTC;5845520;6096556;2220364;27,53;32736;619880;10445792;60,44;1026968;888060;348
zenbook;1;2018-01-25 18:46:38 UTC;5841876;6092960;2224008;27,57;32736;619928;10445792;60,44;1030176;888108;372
zenbook;1;2018-01-25 18:46:39 UTC;5838232;6089380;2227652;27,62;32744;619984;10445792;60,44;1033836;888164;400
zenbook;1;2018-01-25 18:46:40 UTC;5831236;6084972;2234648;27,70;33540;622052;10463196;60,54;1039440;889032;424
zenbook;1;2018-01-25 18:46:41 UTC;5830252;6084284;2235632;27,72;33540;622060;10463196;60,54;1041348;889056;452
zenbook;1;2018-01-25 18:46:42 UTC;5828060;6082096;2237824;27,74;33540;622108;10463196;60,54;1043356;889060;476
zenbook;1;2018-01-25 18:46:43 UTC;5824152;6078288;2241732;27,79;33540;622164;10463196;60,54;1047272;889160;508
zenbook;1;2018-01-25 18:46:44 UTC;5820144;6074304;2245740;27,84;33548;622216;10463196;60,54;1051488;889184;532
zenbook;1;2018-01-25 18:46:45 UTC;5815880;6070128;2250004;27,90;33548;622268;10463196;60,54;1055664;889260;32
zenbook;1;2018-01-25 18:46:46 UTC;5811396;6065672;2254488;27,95;33548;622316;10463196;60,54;1059204;889288;64
zenbook;1;2018-01-25 18:46:47 UTC;5809868;6064228;2256016;27,97;33564;622364;10463196;60,54;1061132;889360;156
zenbook;1;2018-01-25 18:46:48 UTC;5807756;6062172;2258128;28,00;33564;622420;10472836;60,60;1063112;889416;184
zenbook;1;2018-01-25 18:46:49 UTC;5804016;6058480;2261868;28,04;33564;622468;10472836;60,60;1067056;889460;208
zenbook;1;2018-01-25 18:46:50 UTC;5799396;6053912;2266488;28,10;33564;622524;10472836;60,60;1070988;889508;236
zenbook;1;2018-01-25 18:46:51 UTC;5795916;6050488;2269968;28,14;33564;622572;10472836;60,60;1074680;889564;284
zenbook;1;2018-01-25 18:46:52 UTC;5792580;6047204;2273304;28,18;33564;622632;10472836;60,60;1077376;889616;312
zenbook;1;2018-01-25 18:46:53 UTC;5791660;6046344;2274224;28,20;33572;622676;10472836;60,60;1078976;889668;348
zenbook;1;2018-01-25 18:46:54 UTC;5789924;6044664;2275960;28,22;33572;622732;10483572;60,66;1080804;889724;376
zenbook;1;2018-01-25 18:46:55 UTC;5786828;6041616;2279056;28,26;33572;622780;10483572;60,66;1084204;889768;400
zenbook;1;2018-01-25 18:46:56 UTC;5784404;6039196;2281480;28,29;33572;622828;10483572;60,66;1086044;889772;424
zenbook;1;2018-01-25 18:46:57 UTC;5782000;6036892;2283884;28,32;33572;622884;10483572;60,66;1088736;889872;452
zenbook;1;2018-01-25 18:46:58 UTC;5778556;6033496;2287328;28,36;33580;622924;10483572;60,66;1091764;889920;476
zenbook;1;2018-01-25 18:46:59 UTC;5776860;6031864;2289024;28,38;33580;622988;10483572;60,66;1093080;889976;504
zenbook;1;2018-01-25 18:47:00 UTC;5776732;6031760;2289152;28,38;33580;623036;10493868;60,72;1093516;890000;528
zenbook;1;2018-01-25 18:47:01 UTC;5775164;6030276;2290720;28,40;33580;623092;10493868;60,72;1095040;890088;136
zenbook;1;2018-01-25 18:47:02 UTC;5773560;6028720;2292324;28,42;33580;623140;10493868;60,72;1097004;890136;168
zenbook;1;2018-01-25 18:47:03 UTC;5771604;6026820;2294280;28,44;33580;623196;10506340;60,79;1098936;890192;196
zenbook;1;2018-01-25 18:47:04 UTC;5768436;6023700;2297448;28,48;33588;623244;10506340;60,79;1101472;890232;220
zenbook;1;2018-01-25 18:47:05 UTC;5765900;6021212;2299984;28,51;33588;623292;10506340;60,79;1103500;890280;244
zenbook;1;2018-01-25 18:47:06 UTC;5763676;6019052;2302208;28,54;33588;623348;10506340;60,79;1105484;890344;256
zenbook;1;2018-01-25 18:47:07 UTC;5764040;6019452;2301844;28,54;33588;623396;10506340;60,79;1105604;890380;280
zenbook;1;2018-01-25 18:47:08 UTC;5763264;6018744;2302620;28,55;33588;623456;10506340;60,79;1106480;890448;312
zenbook;1;2018-01-25 18:47:09 UTC;5762276;6017812;2303608;28,56;33596;623500;10506340;60,79;1107720;890492;336
zenbook;1;2018-01-25 18:47:10 UTC;5760892;6016464;2304992;28,58;33596;623556;10519020;60,87;1108868;890528;376
zenbook;1;2018-01-25 18:47:11 UTC;5758688;6014328;2307196;28,60;33596;623604;10519020;60,87;1111196;890596;416
zenbook;1;2018-01-25 18:47:12 UTC;5755712;6011384;2310172;28,64;33596;623660;10519020;60,87;1113376;890628;464
zenbook;1;2018-01-25 18:47:13 UTC;5751104;6006856;2314780;28,70;33604;625344;10519020;60,87;1116796;892340;512
zenbook;1;2018-01-25 18:47:14 UTC;5752276;6008084;2313608;28,68;33612;624116;10519020;60,87;1116700;891108;588
zenbook;1;2018-01-25 18:47:15 UTC;5749124;6004992;2316760;28,72;33612;624172;10519020;60,87;1119428;891164;620
zenbook;1;2018-01-25 18:47:16 UTC;5748896;6004812;2316988;28,73;33612;623956;10519020;60,87;1120732;890948;536
zenbook;1;2018-01-25 18:47:17 UTC;5745856;6001828;2320028;28,76;33612;624012;10519020;60,87;1123264;891004;564
zenbook;1;2018-01-25 18:47:18 UTC;5741420;5997452;2324464;28,82;33628;623960;10519020;60,87;1127432;890956;612
zenbook;1;2018-01-25 18:47:19 UTC;5733592;5989684;2332292;28,92;33628;625888;10541800;61,00;1133032;892876;656
zenbook;1;2018-01-25 18:47:20 UTC;5731428;5987576;2334456;28,94;33628;624528;10541800;61,00;1136920;891516;680
zenbook;1;2018-01-25 18:47:21 UTC;5727172;5983368;2338712;29,00;33628;624576;10541800;61,00;1141296;891564;704
zenbook;1;2018-01-25 18:47:22 UTC;5724816;5981068;2341068;29,02;33628;624364;10552648;61,06;1144128;891352;732
zenbook;1;2018-01-25 18:47:23 UTC;5718060;5974368;2347824;29,11;33628;625772;10576484;61,20;1148732;892760;820
zenbook;1;2018-01-25 18:47:24 UTC;5713152;5969524;2352732;29,17;33636;624716;10584608;61,25;1154296;891700;852
zenbook;1;2018-01-25 18:47:25 UTC;5709804;5966224;2356080;29,21;33636;624684;10584608;61,25;1158628;891668;880
zenbook;1;2018-01-25 18:47:26 UTC;5703564;5960044;2362320;29,29;33636;624476;10584608;61,25;1164172;891460;908
zenbook;1;2018-01-25 18:47:27 UTC;5697108;5953636;2368776;29,37;33636;624524;10584608;61,25;1170968;891508;932
zenbook;1;2018-01-25 18:47:28 UTC;5688356;5944940;2377528;29,48;33636;625820;10616772;61,43;1178556;892804;960
zenbook;1;2018-01-25 18:47:29 UTC;5682408;5939016;2383476;29,55;33644;625008;10625044;61,48;1185068;891960;984
zenbook;1;2018-01-25 18:47:30 UTC;5674840;5931528;2391044;29,64;33644;624972;10625044;61,48;1193304;891956;1008
zenbook;1;2018-01-25 18:47:31 UTC;5666632;5923376;2399252;29,75;33644;624856;10637104;61,55;1201328;891840;176
zenbook;1;2018-01-25 18:47:32 UTC;5660032;5916824;2405852;29,83;33644;624812;10645844;61,60;1208092;891700;100
zenbook;1;2018-01-25 18:47:33 UTC;5653288;5910136;2412596;29,91;33644;624740;10654696;61,65;1214832;891624;128
zenbook;1;2018-01-25 18:47:34 UTC;5644988;5901892;2420896;30,01;33652;624788;10662984;61,70;1222960;891672;164
zenbook;1;2018-01-25 18:47:35 UTC;5636184;5893144;2429700;30,12;33652;624844;10671384;61,75;1231680;891728;192
zenbook;1;2018-01-25 18:47:36 UTC;5628248;5885260;2437636;30,22;33652;624892;10680124;61,80;1240052;891776;216
zenbook;1;2018-01-25 18:47:37 UTC;5614732;5871800;2451152;30,39;33652;626980;10727716;62,07;1250580;893860;244
zenbook;1;2018-01-25 18:47:38 UTC;5606204;5863320;2459680;30,49;33652;625684;10727716;62,07;1260216;892568;292
zenbook;1;2018-01-25 18:47:39 UTC;5593244;5850416;2472640;30,66;33660;626772;10752168;62,22;1271552;893652;320
zenbook;1;2018-01-25 18:47:40 UTC;5583460;5845284;2482424;30,78;33660;625496;10785032;62,41;1278040;896976;388
zenbook;1;2018-01-25 18:47:41 UTC;5572636;5834644;2493248;30,91;33660;625544;10795336;62,47;1289548;897160;412
zenbook;1;2018-01-25 18:47:42 UTC;5560820;5822884;2505064;31,06;33660;625332;10808632;62,54;1301148;896948;460
zenbook;1;2018-01-25 18:47:43 UTC;5550124;5812236;2515760;31,19;33660;625380;10825184;62,64;1312840;896996;488
zenbook;1;2018-01-25 18:47:44 UTC;5537848;5800024;2528036;31,34;33668;625308;10833784;62,69;1325016;896920;516
zenbook;1;2018-01-25 18:47:45 UTC;5526316;5788544;2539568;31,49;33668;625356;10844272;62,75;1336340;896968;540
zenbook;1;2018-01-25 18:47:46 UTC;5516112;5778396;2549772;31,61;33668;625412;10854084;62,81;1346028;897024;572
zenbook;1;2018-01-25 18:47:47 UTC;5504988;5767304;2560896;31,75;33668;625460;10862808;62,86;1357236;897056;252
zenbook;1;2018-01-25 18:47:48 UTC;5493208;5755588;2572676;31,90;33668;625508;10871632;62,91;1369028;897120;208
zenbook;1;2018-01-25 18:47:49 UTC;5482780;5745224;2583104;32,03;33676;625564;10884016;62,98;1379108;897176;236
zenbook;1;2018-01-25 18:47:50 UTC;5472332;5734824;2593552;32,15;33676;625612;10884016;62,98;1389456;897224;260
zenbook;1;2018-01-25 18:47:51 UTC;5460884;5723420;2605000;32,30;33676;625668;10906140;63,11;1400936;897268;288
zenbook;1;2018-01-25 18:47:52 UTC;5449876;5712472;2616008;32,43;33676;625716;10906140;63,11;1411668;897356;252
zenbook;1;2018-01-25 18:47:53 UTC;5438772;5701396;2627112;32,57;33676;625772;10914460;63,16;1422564;897384;280
zenbook;1;2018-01-25 18:47:54 UTC;5426992;5689700;2638892;32,72;33684;625820;10931596;63,25;1434632;897460;308
zenbook;1;2018-01-25 18:47:55 UTC;5415088;5678196;2650796;32,86;33684;625876;10957188;63,40;1445832;897860;340
zenbook;1;2018-01-25 18:47:56 UTC;5403432;5666680;2662452;33,01;33684;625924;10967164;63,46;1457816;898000;376
zenbook;1;2018-01-25 18:47:57 UTC;5391652;5654992;2674232;33,15;33684;625972;10975920;63,51;1469556;898092;400
zenbook;1;2018-01-25 18:47:58 UTC;5383320;5646704;2682564;33,26;33700;625996;10984780;63,56;1477344;898124;452
zenbook;1;2018-01-25 18:47:59 UTC;5371440;5634904;2694444;33,41;33700;626076;10984780;63,56;1489000;898196;508
zenbook;1;2018-01-25 18:48:00 UTC;5359784;5623304;2706100;33,55;33700;626132;10993164;63,61;1500612;898264;536
zenbook;1;2018-01-25 18:48:01 UTC;5347384;5610952;2718500;33,70;33700;626180;11022044;63,78;1512484;898312;560
zenbook;1;2018-01-25 18:48:02 UTC;5334568;5598192;2731316;33,86;33700;626236;11030768;63,83;1525920;898364;460
zenbook;1;2018-01-25 18:48:03 UTC;5321216;5584888;2744668;34,03;33700;626284;11038992;63,88;1539308;898412;484
zenbook;1;2018-01-25 18:48:04 UTC;5307696;5571432;2758188;34,20;33708;626340;11057460;63,98;1552460;898472;512
zenbook;1;2018-01-25 18:48:05 UTC;5294020;5557804;2771864;34,37;33708;626388;11065812;64,03;1566248;898516;536
zenbook;1;2018-01-25 18:48:06 UTC;5280272;5544076;2785612;34,54;33708;626436;11082052;64,13;1580080;898536;560
zenbook;1;2018-01-25 18:48:07 UTC;5266444;5530332;2799440;34,71;33708;626492;11090276;64,17;1593728;898620;588
zenbook;1;2018-01-25 18:48:08 UTC;5251784;5515684;2814100;34,89;33708;626540;11116604;64,33;1607584;898628;612
zenbook;1;2018-01-25 18:48:09 UTC;5200724;5464728;2865160;35,52;33716;659968;11161016;64,58;1625784;931748;720
zenbook;1;2018-01-25 18:48:10 UTC;5188520;5452572;2877364;35,67;33724;653992;11174936;64,66;1643652;925608;920
zenbook;1;2018-01-25 18:48:11 UTC;5175024;5439168;2890860;35,84;33724;653216;11191280;64,76;1658500;924788;1012
zenbook;1;2018-01-25 18:48:12 UTC;5164544;5428772;2901340;35,97;33724;653096;11211748;64,88;1669032;924356;1044
zenbook;1;2018-01-25 18:48:13 UTC;5150316;5414600;2915568;36,15;33724;652884;11220492;64,93;1683812;924052;1076
zenbook;1;2018-01-25 18:48:14 UTC;5136924;5401264;2928960;36,31;33732;652932;11234776;65,01;1697160;924100;1104
zenbook;1;2018-01-25 18:48:15 UTC;5127716;5392104;2938168;36,43;33732;652820;11234776;65,01;1707180;923988;1132
zenbook;1;2018-01-25 18:48:16 UTC;5114572;5379136;2951312;36,59;33740;653000;11253212;65,12;1720244;924160;1172
zenbook;1;2018-01-25 18:48:17 UTC;5101952;5366580;2963932;36,75;33740;653052;11253212;65,12;1732392;924188;108
zenbook;1;2018-01-25 18:48:18 UTC;5091536;5356204;2974348;36,88;33740;653108;11282896;65,29;1742172;924228;144
zenbook;1;2018-01-25 18:48:19 UTC;5080940;5345696;2984944;37,01;33756;653156;11282896;65,29;1752904;924292;208
zenbook;1;2018-01-25 18:48:20 UTC;5069340;5334152;2996544;37,15;33756;653216;11291120;65,34;1763964;924348;236
zenbook;1;2018-01-25 18:48:21 UTC;5058180;5323040;3007704;37,29;33756;653260;11299344;65,38;1775060;924392;260
zenbook;1;2018-01-25 18:48:22 UTC;5069960;5334860;2995924;37,14;33756;628832;11292912;65,35;1786860;899948;308
zenbook;1;2018-01-25 18:48:23 UTC;5058924;5323896;3006960;37,28;33764;627900;11292912;65,35;1799480;899032;380
zenbook;1;2018-01-25 18:48:24 UTC;5047392;5312368;3018492;37,42;33764;627948;11318996;65,50;1811572;899032;404
zenbook;1;2018-01-25 18:48:25 UTC;5034496;5299596;3031388;37,58;33784;627740;11330956;65,57;1824716;898868;692
zenbook;1;2018-01-25 18:48:26 UTC;5022592;5287692;3043292;37,73;33784;627788;11339184;65,61;1836504;898868;716
zenbook;1;2018-01-25 18:48:27 UTC;5014992;5280196;3050892;37,82;33784;627716;11367164;65,78;1843848;898844;748
zenbook;1;2018-01-25 18:48:28 UTC;5002628;5267860;3063256;37,98;33784;627764;11376204;65,83;1856184;898872;772
zenbook;1;2018-01-25 18:48:29 UTC;4990724;5256032;3075160;38,13;33784;627820;11376204;65,83;1868260;898948;800
zenbook;1;2018-01-25 18:48:30 UTC;4978024;5243352;3087860;38,28;33792;627860;11397772;65,95;1880204;898968;824
zenbook;1;2018-01-25 18:48:31 UTC;4968024;5233444;3097860;38,41;33792;627924;11410060;66,02;1890408;899052;852
zenbook;1;2018-01-25 18:48:32 UTC;4956004;5221432;3109880;38,56;33792;627972;11410060;66,02;1902356;899056;880
zenbook;1;2018-01-25 18:48:33 UTC;4945092;5211484;3120792;38,69;33792;628020;11433432;66,16;1912984;900016;484
zenbook;1;2018-01-25 18:48:34 UTC;4930212;5196660;3135672;38,88;33792;629796;11447176;66,24;1925372;901792;532
zenbook;1;2018-01-25 18:48:35 UTC;4919876;5186372;3146008;39,00;33792;628528;11456660;66,29;1936996;900524;556
zenbook;1;2018-01-25 18:48:36 UTC;4908192;5174744;3157692;39,15;33800;628512;11490388;66,49;1948804;900496;584
zenbook;1;2018-01-25 18:48:37 UTC;4895960;5162568;3169924;39,30;33800;628292;11490388;66,49;1961080;900284;608
zenbook;1;2018-01-25 18:48:38 UTC;4881144;5147808;3184740;39,48;33800;630036;11505708;66,58;1973952;902028;672
zenbook;1;2018-01-25 18:48:39 UTC;4869288;5136000;3196596;39,63;33800;628768;11514244;66,63;1987088;900760;580
zenbook;1;2018-01-25 18:48:40 UTC;4856556;5123328;3209328;39,79;33800;628484;11539480;66,77;2000432;900476;624
zenbook;1;2018-01-25 18:48:41 UTC;4839784;5106588;3226100;40,00;33808;630128;11567704;66,94;2015168;902096;696
zenbook;1;2018-01-25 18:48:42 UTC;4826424;5093300;3239460;40,16;33808;628956;11581172;67,01;2030120;900948;720
zenbook;1;2018-01-25 18:48:43 UTC;4809280;5076212;3256604;40,38;33808;630332;11595540;67,10;2045432;902324;756
zenbook;1;2018-01-25 18:48:44 UTC;4795020;5062000;3270864;40,55;33808;629120;11625092;67,27;2060380;901108;780
zenbook;1;2018-01-25 18:48:45 UTC;4784896;5051932;3280988;40,68;33808;630096;11656100;67,45;2069912;902084;820
zenbook;1;2018-01-25 18:48:46 UTC;4771012;5038100;3294872;40,85;33816;629284;11656100;67,45;2084612;901276;844
zenbook;1;2018-01-25 18:48:47 UTC;4754504;5021668;3311380;41,05;33832;629176;11677240;67,57;2100772;901164;912
zenbook;1;2018-01-25 18:48:48 UTC;4739316;5006528;3326568;41,24;33832;628956;11685336;67,62;2116728;900944;604
zenbook;1;2018-01-25 18:48:49 UTC;4722328;4989596;3343556;41,45;33832;629012;11693688;67,66;2133448;901000;576
zenbook;1;2018-01-25 18:48:50 UTC;4709008;4976280;3356876;41,62;33832;629060;11729128;67,87;2146984;901004;600
zenbook;1;2018-01-25 18:48:51 UTC;4692568;4959936;3373316;41,82;33832;628948;11729128;67,87;2163456;900936;624
zenbook;1;2018-01-25 18:48:52 UTC;4675828;4943228;3390056;42,03;33832;629004;11737352;67,92;2180012;900968;652
zenbook;1;2018-01-25 18:48:53 UTC;4661424;4929028;3404460;42,21;33840;629172;11775492;68,14;2194492;901160;832
zenbook;1;2018-01-25 18:48:54 UTC;4645448;4912988;3420436;42,41;33840;629108;11775492;68,14;2210300;901104;712
zenbook;1;2018-01-25 18:48:55 UTC;4630172;4897760;3435712;42,60;33840;629156;11783716;68,19;2225452;901176;748
zenbook;1;2018-01-25 18:48:56 UTC;4615600;4883244;3450284;42,78;33840;629184;11800292;68,28;2239868;901232;776
zenbook;1;2018-01-25 18:48:57 UTC;4600504;4868196;3465380;42,96;33840;629260;11837848;68,50;2254872;901308;812
zenbook;1;2018-01-25 18:48:58 UTC;4584240;4851996;3481644;43,17;33848;629316;11837848;68,50;2270664;901364;884
zenbook;1;2018-01-25 18:48:59 UTC;4563676;4831484;3502208;43,42;33848;631316;11874308;68,71;2288812;903364;928
zenbook;1;2018-01-25 18:49:00 UTC;4545708;4813564;3520176;43,64;33848;631440;11916692;68,95;2307136;903484;968
zenbook;1;2018-01-25 18:49:01 UTC;4529836;4797748;3536048;43,84;33848;629992;11927820;69,02;2324420;902040;996
zenbook;1;2018-01-25 18:49:02 UTC;4511608;4779568;3554276;44,07;33848;629856;11946176;69,13;2342884;901904;1024
zenbook;1;2018-01-25 18:49:03 UTC;4490404;4758428;3575480;44,33;33856;629828;11965020;69,23;2363976;901880;260
zenbook;1;2018-01-25 18:49:04 UTC;4470656;4738728;3595228;44,57;33856;629880;11987696;69,37;2383572;901928;292
zenbook;1;2018-01-25 18:49:05 UTC;4450352;4718480;3615532;44,82;33856;629760;12004208;69,46;2404060;901808;320
zenbook;1;2018-01-25 18:49:06 UTC;4430140;4698316;3635744;45,08;33856;629724;12026880;69,59;2424516;901772;344
zenbook;1;2018-01-25 18:49:07 UTC;4415224;4683448;3650660;45,26;33856;629772;12062556;69,80;2438208;901820;368
zenbook;1;2018-01-25 18:49:08 UTC;4396164;4664444;3669720;45,50;33864;629828;12062556;69,80;2457672;901868;408
zenbook;1;2018-01-25 18:49:09 UTC;4376324;4644644;3689560;45,74;33864;629876;12079100;69,89;2477560;901908;360
zenbook;1;2018-01-25 18:49:10 UTC;4356856;4625248;3709028;45,98;33864;629932;12109384;70,07;2497256;901980;412
zenbook;1;2018-01-25 18:49:11 UTC;4337264;4605704;3728620;46,23;33864;629980;12117704;70,12;2516952;902028;444
zenbook;1;2018-01-25 18:49:12 UTC;4316680;4585176;3749204;46,48;33864;630040;12142376;70,26;2537444;902084;492
zenbook;1;2018-01-25 18:49:13 UTC;4299672;4568224;3766212;46,69;33872;630088;12184072;70,50;2553900;902128;516
zenbook;1;2018-01-25 18:49:14 UTC;4279772;4548404;3786112;46,94;33872;630140;12184072;70,50;2573848;902180;572
zenbook;1;2018-01-25 18:49:15 UTC;4259684;4528384;3806200;47,19;33872;630188;12200616;70,60;2593796;902228;596
zenbook;1;2018-01-25 18:49:16 UTC;4238976;4507724;3826908;47,45;33872;630236;12217192;70,69;2614544;902276;636
zenbook;1;2018-01-25 18:49:17 UTC;4219948;4488752;3845936;47,68;33872;630292;12250652;70,89;2633248;902332;672
zenbook;1;2018-01-25 18:49:18 UTC;4199544;4468404;3866340;47,93;33880;630340;12259156;70,94;2653672;902376;700
zenbook;1;2018-01-25 18:49:19 UTC;4179720;4448636;3886164;48,18;33880;630396;12283764;71,08;2673316;902432;92
zenbook;1;2018-01-25 18:49:20 UTC;4158872;4427796;3907012;48,44;33880;630444;12300148;71,17;2694296;902440;124
zenbook;1;2018-01-25 18:49:21 UTC;4138940;4407960;3926944;48,69;33880;630500;12316692;71,27;2714144;902536;152
zenbook;1;2018-01-25 18:49:22 UTC;4119672;4388752;3946212;48,92;33896;630544;12349428;71,46;2733328;902584;184
zenbook;1;2018-01-25 18:49:23 UTC;4098952;4368092;3966932;49,18;33896;630604;12357652;71,51;2753648;902640;268
zenbook;1;2018-01-25 18:49:24 UTC;4078644;4347832;3987240;49,43;33896;630656;12374260;71,60;2774368;902688;292
zenbook;1;2018-01-25 18:49:25 UTC;4057564;4326800;4008320;49,69;33896;630700;12399888;71,75;2795092;902732;328
zenbook;1;2018-01-25 18:49:26 UTC;4037104;4306400;4028780;49,95;33896;630756;12416196;71,85;2815536;902788;356
zenbook;1;2018-01-25 18:49:27 UTC;4016520;4285820;4049364;50,20;33896;630804;12442096;72,00;2835724;902792;380
zenbook;1;2018-01-25 18:49:28 UTC;3995688;4265060;4070196;50,46;33904;630860;12461228;72,11;2856496;902856;412
zenbook;1;2018-01-25 18:49:29 UTC;3974888;4244344;4090996;50,72;33904;630908;12479724;72,21;2877096;902940;436
zenbook;1;2018-01-25 18:49:30 UTC;3954024;4223536;4111860;50,98;33904;630964;12504524;72,36;2897896;902996;468
zenbook;1;2018-01-25 18:49:31 UTC;3933596;4203156;4132288;51,23;33904;631012;12522908;72,46;2918620;903044;504
zenbook;1;2018-01-25 18:49:32 UTC;3913104;4182720;4152780;51,49;33904;631072;12539356;72,56;2939000;903100;532
zenbook;1;2018-01-25 18:49:33 UTC;3891808;4161480;4174076;51,75;33912;631116;12561024;72,68;2960436;903144;560
zenbook;1;2018-01-25 18:49:34 UTC;3868060;4137780;4197824;52,04;33912;632892;12592140;72,86;2981820;904920;140
zenbook;1;2018-01-25 18:49:35 UTC;3847724;4117492;4218160;52,30;33912;631748;12627732;73,07;3003348;903768;140
zenbook;1;2018-01-25 18:49:36 UTC;3826272;4096096;4239612;52,56;33912;631628;12636436;73,12;3024812;903656;164
zenbook;1;2018-01-25 18:49:37 UTC;3813188;4083068;4252696;52,72;33912;631512;12669232;73,31;3037676;903540;192
zenbook;1;2018-01-25 18:49:38 UTC;3792296;4062228;4273588;52,98;33920;631468;12688932;73,42;3058936;903500;228
zenbook;1;2018-01-25 18:49:39 UTC;3770224;4040216;4295660;53,26;33920;631428;12705364;73,52;3081176;903456;256
zenbook;1;2018-01-25 18:49:40 UTC;3749020;4019060;4316864;53,52;33920;631476;12721812;73,61;3102372;903504;284
zenbook;1;2018-01-25 18:49:41 UTC;3727568;3997668;4338316;53,79;33920;631532;12738484;73,71;3123728;903560;320
zenbook;1;2018-01-25 18:49:42 UTC;3706240;3976372;4359644;54,05;33920;631580;12782088;73,96;3145308;903592;344
zenbook;1;2018-01-25 18:49:43 UTC;3684292;3954496;4381592;54,32;33928;631628;12790344;74,01;3167044;903656;388
zenbook;1;2018-01-25 18:49:44 UTC;3663512;3933756;4402372;54,58;33928;633408;12817888;74,17;3184924;905416;416
zenbook;1;2018-01-25 18:49:45 UTC;3642132;3912440;4423752;54,85;33928;632092;12826720;74,22;3207696;904116;480
zenbook;1;2018-01-25 18:49:46 UTC;3620680;3891012;4445204;55,11;33928;632148;12852040;74,37;3229272;904140;512
zenbook;1;2018-01-25 18:49:47 UTC;3599600;3870012;4466284;55,37;33928;632020;12883720;74,55;3250432;904044;536
zenbook;1;2018-01-25 18:49:48 UTC;3577900;3848364;4487984;55,64;33936;631988;12891940;74,60;3272044;904000;564
zenbook;1;2018-01-25 18:49:49 UTC;3559896;3830420;4505988;55,86;33936;631940;12908192;74,69;3290208;903964;588
zenbook;1;2018-01-25 18:49:50 UTC;3538468;3809048;4527416;56,13;33936;631996;12924736;74,79;3311296;904020;192
zenbook;1;2018-01-25 18:49:51 UTC;3517296;3787924;4548588;56,39;33936;632044;12941248;74,88;3332488;904068;224
zenbook;1;2018-01-25 18:49:52 UTC;3498272;3768948;4567612;56,63;33936;632092;12968644;75,04;3351648;904112;248
zenbook;1;2018-01-25 18:49:53 UTC;3478056;3748796;4587828;56,88;33944;632148;13007248;75,27;3371484;904172;280
zenbook;1;2018-01-25 18:49:54 UTC;3454240;3724992;4611644;57,17;33944;633464;13015932;75,32;3393604;905452;304
zenbook;1;2018-01-25 18:49:55 UTC;3432044;3702856;4633840;57,45;33944;633764;13046836;75,49;3415484;905752;296
zenbook;1;2018-01-25 18:49:56 UTC;3412488;3683380;4653396;57,69;33944;632696;13063764;75,59;3435596;904716;348
zenbook;1;2018-01-25 18:49:57 UTC;3392704;3663656;4673180;57,94;33944;632752;13080828;75,69;3455720;904772;376
zenbook;1;2018-01-25 18:49:58 UTC;3372616;3643616;4693268;58,19;33944;632628;13105984;75,84;3476524;904648;400
zenbook;1;2018-01-25 18:49:59 UTC;3351040;3622096;4714844;58,45;33952;632588;13124640;75,94;3497700;904608;428
zenbook;1;2018-01-25 18:50:00 UTC;3326116;3597228;4739768;58,76;33952;634452;13165492;76,18;3520772;906476;452
zenbook;1;2018-01-25 18:50:01 UTC;3305532;3576692;4760352;59,02;33952;632916;13185008;76,29;3542960;904940;476
zenbook;1;2018-01-25 18:50:02 UTC;3283460;3554688;4782424;59,29;33968;632968;13209936;76,44;3564456;904996;524
zenbook;1;2018-01-25 18:50:03 UTC;3262876;3534156;4803008;59,55;33968;632756;13226216;76,53;3585780;904784;584
zenbook;1;2018-01-25 18:50:04 UTC;3240060;3511396;4825824;59,83;33968;632812;13248600;76,66;3608364;904840;612
zenbook;1;2018-01-25 18:50:05 UTC;3217740;3489124;4848144;60,11;33968;632764;13273304;76,80;3630468;904788;488
zenbook;1;2018-01-25 18:50:06 UTC;3191080;3462480;4874804;60,44;33976;634436;13300816;76,96;3655356;905568;516
zenbook;1;2018-01-25 18:50:07 UTC;3169260;3440848;4896624;60,71;33976;633608;13332196;77,15;3678816;904612;812
zenbook;1;2018-01-25 18:50:08 UTC;3146920;3418624;4918964;60,98;33984;633416;13357200;77,29;3701508;904468;840
zenbook;1;2018-01-25 18:50:09 UTC;3124228;3395980;4941656;61,27;33984;633292;13365424;77,34;3724076;904344;864
zenbook;1;2018-01-25 18:50:10 UTC;3101164;3372964;4964720;61,55;33984;633248;13390440;77,48;3747256;904300;892
zenbook;1;2018-01-25 18:50:11 UTC;3078100;3349912;4987784;61,84;33984;633304;13427708;77,70;3770536;904312;924
zenbook;1;2018-01-25 18:50:12 UTC;3055408;3327320;5010476;62,12;33992;633260;13444188;77,79;3792880;904312;984
zenbook;1;2018-01-25 18:50:13 UTC;3028096;3300072;5037788;62,46;34000;634880;13483872;78,02;3817844;905932;1068
zenbook;1;2018-01-25 18:50:14 UTC;3005280;3277304;5060604;62,74;34000;633972;13492028;78,07;3841860;905024;1092
zenbook;1;2018-01-25 18:50:15 UTC;2981968;3254048;5083916;63,03;34000;633776;13528496;78,28;3865216;904828;1120
zenbook;1;2018-01-25 18:50:16 UTC;2972420;3244548;5093464;63,15;34000;633564;13553740;78,43;3875212;904616;1156
zenbook;1;2018-01-25 18:50:17 UTC;2947496;3219680;5118388;63,46;34000;633616;13561960;78,48;3900080;904668;1184
zenbook;1;2018-01-25 18:50:18 UTC;2922696;3194928;5143188;63,76;34000;633568;13586508;78,62;3924940;904620;1208
zenbook;1;2018-01-25 18:50:19 UTC;2895260;3167416;5170624;64,10;34016;635136;13641740;78,94;3950316;905992;1268
zenbook;1;2018-01-25 18:50:20 UTC;2872376;3144732;5193508;64,39;34016;634112;13649892;78,98;3974624;905156;84
zenbook;1;2018-01-25 18:50:21 UTC;2847700;3120104;5218184;64,69;34016;634080;13675252;79,13;3999016;905124;116
zenbook;1;2018-01-25 18:50:22 UTC;2823396;3095856;5242488;65,00;34016;633964;13691668;79,23;4023668;905008;144
zenbook;1;2018-01-25 18:50:23 UTC;2798968;3071476;5266916;65,30;34016;633920;13724332;79,41;4047932;904964;168
zenbook;1;2018-01-25 18:50:24 UTC;2769656;3042228;5296228;65,66;34016;635380;13753700;79,58;4075384;906424;196
zenbook;1;2018-01-25 18:50:25 UTC;2749016;3021628;5316868;65,92;34024;635388;13808328;79,90;4096160;906416;264
zenbook;1;2018-01-25 18:50:26 UTC;2722288;2994980;5343596;66,25;34032;634492;13816512;79,95;4123896;905536;316
zenbook;1;2018-01-25 18:50:27 UTC;2695380;2968120;5370504;66,58;34032;634460;13841760;80,09;4150724;905504;352
zenbook;1;2018-01-25 18:50:28 UTC;2668596;2941384;5397288;66,92;34032;634240;13875224;80,29;4177788;905288;380
zenbook;1;2018-01-25 18:50:29 UTC;2640108;2912952;5425776;67,27;34032;634296;13899960;80,43;4206100;905344;408
zenbook;1;2018-01-25 18:50:30 UTC;2612672;2885576;5453212;67,61;34040;634344;13924728;80,57;4233352;905392;436
zenbook;1;2018-01-25 18:50:31 UTC;2588648;2861608;5477236;67,91;34040;634240;13994612;80,98;4257420;905288;464
zenbook;1;2018-01-25 18:50:32 UTC;2561584;2834564;5504300;68,24;34040;634288;13994612;80,98;4284396;905308;492
zenbook;1;2018-01-25 18:50:33 UTC;2533808;2806872;5532076;68,59;34040;634344;14011124;81,07;4312056;905392;520
zenbook;1;2018-01-25 18:50:34 UTC;2508008;2781120;5557876;68,91;34040;634392;14027668;81,17;4337548;905440;548
zenbook;1;2018-01-25 18:50:35 UTC;2479992;2753168;5585892;69,25;34048;634448;14052564;81,31;4365460;905496;576
zenbook;1;2018-01-25 18:50:36 UTC;2454168;2727392;5611716;69,57;34048;634492;14085724;81,51;4391556;905544;256
zenbook;1;2018-01-25 18:50:37 UTC;2426268;2699540;5639616;69,92;34048;634544;14110460;81,65;4419132;905596;212
zenbook;1;2018-01-25 18:50:38 UTC;2400344;2673672;5665540;70,24;34048;634600;14127132;81,75;4444848;905656;240
zenbook;1;2018-01-25 18:50:39 UTC;2372892;2646268;5692992;70,58;34048;634648;14159996;81,94;4472248;905704;264
zenbook;1;2018-01-25 18:50:40 UTC;2345784;2619216;5720100;70,92;34056;634704;14219016;82,28;4499688;905752;292
zenbook;1;2018-01-25 18:50:41 UTC;2319000;2592488;5746884;71,25;34056;634752;14227336;82,33;4526788;905808;316
zenbook;1;2018-01-25 18:50:42 UTC;2286884;2560428;5779000;71,65;34056;634364;14252688;82,47;4558596;905420;372
zenbook;1;2018-01-25 18:50:43 UTC;2259176;2532768;5806708;71,99;34056;634412;14285992;82,66;4585808;905468;428
zenbook;1;2018-01-25 18:50:44 UTC;2233068;2506716;5832816;72,31;34056;634056;14320888;82,87;4612804;905108;460
zenbook;1;2018-01-25 18:50:45 UTC;2205664;2479372;5860220;72,65;34064;633996;14337336;82,96;4640112;905048;488
zenbook;1;2018-01-25 18:50:46 UTC;2179376;2453132;5886508;72,98;34064;634044;14363756;83,11;4667152;905096;512
zenbook;1;2018-01-25 18:50:47 UTC;2152220;2426032;5913664;73,32;34064;634100;14388188;83,26;4694076;905152;540
zenbook;1;2018-01-25 18:50:48 UTC;2124940;2398800;5940944;73,66;34064;634148;14412860;83,40;4721192;905200;564
zenbook;1;2018-01-25 18:50:49 UTC;2097412;2371328;5968472;74,00;34064;634076;14439552;83,55;4748508;905124;592
zenbook;1;2018-01-25 18:50:50 UTC;2067776;2341708;5998108;74,36;34080;634076;14464416;83,70;4778148;905132;628
zenbook;1;2018-01-25 18:50:51 UTC;2039628;2313664;6026256;74,71;34080;634180;14501260;83,91;4806860;905224;512
zenbook;1;2018-01-25 18:50:52 UTC;2010056;2284144;6055828;75,08;34080;634228;14526028;84,05;4835936;905276;536
zenbook;1;2018-01-25 18:50:53 UTC;1980792;2254928;6085092;75,44;34080;634276;14550668;84,20;4865268;905324;560
zenbook;1;2018-01-25 18:50:54 UTC;1951528;2225720;6114356;75,81;34080;634332;14588960;84,42;4894324;905380;588
zenbook;1;2018-01-25 18:50:55 UTC;1922636;2196876;6143248;76,16;34080;634380;14621952;84,61;4923136;905428;612
zenbook;1;2018-01-25 18:50:56 UTC;1893248;2167500;6172636;76,53;34088;634432;14638400;84,70;4952512;905436;640
zenbook;1;2018-01-25 18:50:57 UTC;1864232;2138584;6201652;76,89;34088;634484;14680052;84,94;4981112;905536;684
zenbook;1;2018-01-25 18:50:58 UTC;1835960;2110368;6229924;77,24;34088;634540;14704660;85,09;5009664;905592;712
zenbook;1;2018-01-25 18:50:59 UTC;1807068;2081524;6258816;77,60;34088;634588;14737652;85,28;5038236;905640;736
zenbook;1;2018-01-25 18:51:00 UTC;1777804;2052316;6288080;77,96;34088;634636;14762380;85,42;5067680;905692;768
zenbook;1;2018-01-25 18:51:01 UTC;1747920;2022488;6317964;78,33;34096;634684;14787276;85,57;5097104;905740;796
zenbook;1;2018-01-25 18:51:02 UTC;1719028;1993636;6346856;78,69;34096;634732;14830284;85,81;5125816;905780;824
zenbook;1;2018-01-25 18:51:03 UTC;1705808;1980480;6360076;78,85;34096;634788;14863952;86,01;5139468;905844;864
zenbook;1;2018-01-25 18:51:04 UTC;1679596;1954276;6386288;79,18;34096;634836;14863952;86,01;5166252;905852;888
zenbook;1;2018-01-25 18:51:05 UTC;1651572;1926348;6414312;79,52;34096;634892;14880656;86,11;5193980;905948;916
zenbook;1;2018-01-25 18:51:06 UTC;1624356;1899188;6441528;79,86;34104;634940;14905264;86,25;5221200;905992;32
zenbook;1;2018-01-25 18:51:07 UTC;1597240;1872128;6468644;80,20;34104;634996;14949980;86,51;5248012;906048;68
zenbook;1;2018-01-25 18:51:08 UTC;1570044;1844980;6495840;80,53;34104;635044;14958172;86,55;5275284;906096;92
zenbook;1;2018-01-25 18:51:09 UTC;1542516;1817508;6523368;80,88;34104;635100;14991452;86,75;5302880;906152;120
zenbook;1;2018-01-25 18:51:10 UTC;1514864;1789904;6551020;81,22;34104;635148;15024412;86,94;5329928;906200;144
zenbook;1;2018-01-25 18:51:11 UTC;1486716;1761812;6579168;81,57;34112;635196;15049148;87,08;5358108;906248;196
zenbook;1;2018-01-25 18:51:12 UTC;1459188;1734332;6606696;81,91;34112;635252;15065564;87,18;5385384;906292;224
zenbook;1;2018-01-25 18:51:13 UTC;1431412;1706616;6634472;82,25;34112;635300;15090300;87,32;5413112;906352;268
zenbook;1;2018-01-25 18:51:14 UTC;1401992;1677248;6663892;82,62;34112;635704;15171932;87,79;5441332;906740;296
zenbook;1;2018-01-25 18:51:15 UTC;1374448;1649764;6691436;82,96;34112;635548;15171932;87,79;5469224;906508;360
zenbook;1;2018-01-25 18:51:16 UTC;1346796;1622172;6719088;83,30;34120;635608;15204584;87,98;5497056;906564;392
zenbook;1;2018-01-25 18:51:17 UTC;1328004;1603428;6737880;83,54;34120;635544;15236084;88,16;5515116;906484;428
zenbook;1;2018-01-25 18:51:18 UTC;1300296;1575780;6765588;83,88;34120;635600;15252488;88,26;5542908;906540;456
zenbook;1;2018-01-25 18:51:19 UTC;1272272;1547804;6793612;84,23;34120;635520;15277128;88,40;5570624;906460;480
zenbook;1;2018-01-25 18:51:20 UTC;1244868;1520448;6821016;84,57;34120;635572;15293544;88,49;5597908;906508;504
zenbook;1;2018-01-25 18:51:21 UTC;1205676;1481316;6860208;85,05;34128;635632;15330364;88,71;5636144;906564;532
zenbook;1;2018-01-25 18:51:22 UTC;1149372;1425072;6916512;85,75;34128;669824;15423068;89,24;5658424;940684;176
