timestamp;kbmemfree;kbmemused
2018-01-25 19:09:14 UTC;5661084;2404800
2018-01-25 19:09:15 UTC;5670660;2395224
2018-01-25 19:09:16 UTC;5698596;2367288
2018-01-25 19:09:17 UTC;5698312;2367572
2018-01-25 19:09:18 UTC;5698188;2367696
2018-01-25 19:09:19 UTC;5698188;2367696
2018-01-25 19:09:20 UTC;5721064;2344820
2018-01-25 19:09:21 UTC;5721252;2344632
2018-01-25 19:09:22 UTC;5721252;2344632
2018-01-25 19:09:23 UTC;5723388;2342496
2018-01-25 19:09:24 UTC;5724308;2341576
2018-01-25 19:09:25 UTC;5724284;2341600
2018-01-25 19:09:26 UTC;5724596;2341288
2018-01-25 19:09:27 UTC;5724712;2341172
2018-01-25 19:09:28 UTC;5724596;2341288
2018-01-25 19:09:29 UTC;5724148;2341736
2018-01-25 19:09:30 UTC;5724472;2341412
2018-01-25 19:09:31 UTC;5724348;2341536
2018-01-25 19:09:32 UTC;5724224;2341660
2018-01-25 19:09:33 UTC;5724224;2341660
2018-01-25 19:09:34 UTC;5724100;2341784
2018-01-25 19:09:35 UTC;5724100;2341784
2018-01-25 19:09:36 UTC;5724256;2341628
2018-01-25 19:09:37 UTC;5724288;2341596
2018-01-25 19:09:38 UTC;5724164;2341720
2018-01-25 19:09:39 UTC;5724164;2341720
2018-01-25 19:09:40 UTC;5724040;2341844
2018-01-25 19:09:41 UTC;5724072;2341812
2018-01-25 19:09:42 UTC;5723948;2341936
2018-01-25 19:09:43 UTC;5723948;2341936
2018-01-25 19:09:44 UTC;5721976;2343908
2018-01-25 19:09:45 UTC;5721964;2343920
2018-01-25 19:09:46 UTC;5722956;2342928
2018-01-25 19:09:47 UTC;5721700;2344184
2018-01-25 19:09:48 UTC;5720724;2345160
2018-01-25 19:09:49 UTC;5721056;2344828
2018-01-25 19:09:50 UTC;5721364;2344520
2018-01-25 19:09:51 UTC;5720244;2345640
2018-01-25 19:09:52 UTC;5719608;2346276
2018-01-25 19:09:53 UTC;5719856;2346028
2018-01-25 19:09:54 UTC;5720028;2345856
2018-01-25 19:09:55 UTC;5720104;2345780
2018-01-25 19:09:56 UTC;5720104;2345780
2018-01-25 19:09:57 UTC;5720104;2345780
2018-01-25 19:09:58 UTC;5720104;2345780
2018-01-25 19:09:59 UTC;5720104;2345780
2018-01-25 19:10:00 UTC;5720104;2345780
2018-01-25 19:10:01 UTC;5720104;2345780
2018-01-25 19:10:02 UTC;5720104;2345780
2018-01-25 19:10:03 UTC;5720104;2345780
2018-01-25 19:10:04 UTC;5720104;2345780
2018-01-25 19:10:05 UTC;5720072;2345812
2018-01-25 19:10:06 UTC;5720104;2345780
2018-01-25 19:10:07 UTC;5720260;2345624
2018-01-25 19:10:08 UTC;5720260;2345624
2018-01-25 19:10:09 UTC;5720260;2345624
2018-01-25 19:10:10 UTC;5713892;2351992
2018-01-25 19:10:11 UTC;5686532;2379352
2018-01-25 19:10:12 UTC;5691608;2374276
2018-01-25 19:10:13 UTC;5692980;2372904
2018-01-25 19:10:14 UTC;5692980;2372904
2018-01-25 19:10:15 UTC;5693104;2372780
2018-01-25 19:10:16 UTC;5693104;2372780
2018-01-25 19:10:17 UTC;5693228;2372656
2018-01-25 19:10:18 UTC;5692820;2373064
2018-01-25 19:10:19 UTC;5692696;2373188
2018-01-25 19:10:20 UTC;5692696;2373188
2018-01-25 19:10:21 UTC;5692696;2373188
2018-01-25 19:10:22 UTC;5692696;2373188
2018-01-25 19:10:23 UTC;5692696;2373188
2018-01-25 19:10:24 UTC;5692696;2373188
2018-01-25 19:10:25 UTC;5692572;2373312
2018-01-25 19:10:26 UTC;5692572;2373312
2018-01-25 19:10:27 UTC;5692636;2373248
2018-01-25 19:10:28 UTC;5692636;2373248
2018-01-25 19:10:29 UTC;5692636;2373248
2018-01-25 19:10:30 UTC;5692636;2373248
2018-01-25 19:10:31 UTC;5692512;2373372
2018-01-25 19:10:32 UTC;5692544;2373340
2018-01-25 19:10:33 UTC;5692512;2373372
2018-01-25 19:10:34 UTC;5692388;2373496
2018-01-25 19:10:35 UTC;5692388;2373496
2018-01-25 19:10:36 UTC;5692388;2373496
2018-01-25 19:10:37 UTC;5692388;2373496
2018-01-25 19:10:38 UTC;5692388;2373496
2018-01-25 19:10:39 UTC;5692388;2373496
2018-01-25 19:10:40 UTC;5692388;2373496
2018-01-25 19:10:41 UTC;5692388;2373496
2018-01-25 19:10:42 UTC;5692328;2373556
2018-01-25 19:10:43 UTC;5692080;2373804
2018-01-25 19:10:44 UTC;5692080;2373804
2018-01-25 19:10:45 UTC;5692080;2373804
2018-01-25 19:10:46 UTC;5691924;2373960
2018-01-25 19:10:47 UTC;5691956;2373928
2018-01-25 19:10:48 UTC;5691308;2374576
2018-01-25 19:10:49 UTC;5691336;2374548
2018-01-25 19:10:50 UTC;5691336;2374548
2018-01-25 19:10:51 UTC;5691336;2374548
2018-01-25 19:10:52 UTC;5714488;2351396
2018-01-25 19:10:53 UTC;5715364;2350520
2018-01-25 19:10:54 UTC;5714648;2351236
2018-01-25 19:10:55 UTC;5713640;2352244
2018-01-25 19:10:56 UTC;5714736;2351148
2018-01-25 19:10:57 UTC;5713516;2352368
2018-01-25 19:10:58 UTC;5713728;2352156
2018-01-25 19:10:59 UTC;5712664;2353220
2018-01-25 19:11:00 UTC;5713780;2352104
2018-01-25 19:11:01 UTC;5711780;2354104
2018-01-25 19:11:02 UTC;5711672;2354212
2018-01-25 19:11:03 UTC;5712664;2353220
2018-01-25 19:11:04 UTC;5712664;2353220
2018-01-25 19:11:05 UTC;5712540;2353344
2018-01-25 19:11:06 UTC;5712540;2353344
2018-01-25 19:11:07 UTC;5712416;2353468
2018-01-25 19:11:08 UTC;5712292;2353592
2018-01-25 19:11:09 UTC;5712416;2353468
2018-01-25 19:11:10 UTC;5712416;2353468
2018-01-25 19:11:11 UTC;5712664;2353220
2018-01-25 19:11:12 UTC;5712540;2353344
2018-01-25 19:11:13 UTC;5712540;2353344
2018-01-25 19:11:14 UTC;5712168;2353716
2018-01-25 19:11:15 UTC;5712012;2353872
2018-01-25 19:11:16 UTC;5711952;2353932
2018-01-25 19:11:17 UTC;5711920;2353964
2018-01-25 19:11:18 UTC;5711796;2354088
2018-01-25 19:11:19 UTC;5711796;2354088
2018-01-25 19:11:20 UTC;5711796;2354088
2018-01-25 19:11:21 UTC;5711672;2354212
2018-01-25 19:11:22 UTC;5711672;2354212
2018-01-25 19:11:23 UTC;5711672;2354212
2018-01-25 19:11:24 UTC;5711548;2354336
2018-01-25 19:11:25 UTC;5711548;2354336
2018-01-25 19:11:26 UTC;5711548;2354336
2018-01-25 19:11:27 UTC;5711548;2354336
2018-01-25 19:11:28 UTC;5711548;2354336
2018-01-25 19:11:29 UTC;5711548;2354336
2018-01-25 19:11:30 UTC;5711424;2354460
2018-01-25 19:11:31 UTC;5711424;2354460
2018-01-25 19:11:32 UTC;5711300;2354584
2018-01-25 19:11:33 UTC;5711300;2354584
2018-01-25 19:11:34 UTC;5711300;2354584
2018-01-25 19:11:35 UTC;5711208;2354676
2018-01-25 19:11:36 UTC;5711084;2354800
2018-01-25 19:11:37 UTC;5711052;2354832
2018-01-25 19:11:38 UTC;5711052;2354832
2018-01-25 19:11:39 UTC;5711052;2354832
2018-01-25 19:11:40 UTC;5711052;2354832
2018-01-25 19:11:41 UTC;5711052;2354832
2018-01-25 19:11:42 UTC;5710556;2355328
2018-01-25 19:11:43 UTC;5710556;2355328
2018-01-25 19:11:44 UTC;5710588;2355296
2018-01-25 19:11:45 UTC;5710556;2355328
2018-01-25 19:11:46 UTC;5710432;2355452
2018-01-25 19:11:47 UTC;5710432;2355452
2018-01-25 19:11:48 UTC;5710308;2355576
2018-01-25 19:11:49 UTC;5710308;2355576
2018-01-25 19:11:50 UTC;5710308;2355576
2018-01-25 19:11:51 UTC;5710184;2355700
2018-01-25 19:11:52 UTC;5710184;2355700
2018-01-25 19:11:53 UTC;5710152;2355732
2018-01-25 19:11:54 UTC;5709936;2355948
2018-01-25 19:11:55 UTC;5709812;2356072
2018-01-25 19:11:56 UTC;5709812;2356072
2018-01-25 19:11:57 UTC;5709812;2356072
2018-01-25 19:11:58 UTC;5709596;2356288
2018-01-25 19:11:59 UTC;5709348;2356536
2018-01-25 19:12:00 UTC;5709348;2356536
2018-01-25 19:12:01 UTC;5709348;2356536
2018-01-25 19:12:02 UTC;5709224;2356660
2018-01-25 19:12:03 UTC;5707116;2358768
2018-01-25 19:12:04 UTC;5707736;2358148
2018-01-25 19:12:05 UTC;5706776;2359108
2018-01-25 19:12:06 UTC;5706120;2359764
2018-01-25 19:12:07 UTC;5705908;2359976
2018-01-25 19:12:08 UTC;5706652;2359232
2018-01-25 19:12:09 UTC;5706652;2359232
2018-01-25 19:12:10 UTC;5705628;2360256
2018-01-25 19:12:11 UTC;5705604;2360280
2018-01-25 19:12:12 UTC;5650232;2415652
2018-01-25 19:12:13 UTC;5648372;2417512
2018-01-25 19:12:14 UTC;5649576;2416308
2018-01-25 19:12:15 UTC;5694208;2371676
2018-01-25 19:12:16 UTC;5694060;2371824
2018-01-25 19:12:17 UTC;5693936;2371948
2018-01-25 19:12:18 UTC;5694152;2371732
2018-01-25 19:12:19 UTC;5694184;2371700
2018-01-25 19:12:20 UTC;5694216;2371668
2018-01-25 19:12:21 UTC;5694216;2371668
2018-01-25 19:12:22 UTC;5694184;2371700
2018-01-25 19:12:23 UTC;5694060;2371824
2018-01-25 19:12:24 UTC;5693936;2371948
2018-01-25 19:12:25 UTC;5693688;2372196
2018-01-25 19:12:26 UTC;5693688;2372196
2018-01-25 19:12:27 UTC;5693564;2372320
2018-01-25 19:12:28 UTC;5693564;2372320
2018-01-25 19:12:29 UTC;5693564;2372320
2018-01-25 19:12:30 UTC;5693692;2372192
2018-01-25 19:12:31 UTC;5693568;2372316
2018-01-25 19:12:32 UTC;5693600;2372284
2018-01-25 19:12:33 UTC;5693476;2372408
2018-01-25 19:12:34 UTC;5693352;2372532
2018-01-25 19:12:35 UTC;5693228;2372656
2018-01-25 19:12:36 UTC;5693228;2372656
2018-01-25 19:12:37 UTC;5693260;2372624
2018-01-25 19:12:38 UTC;5693104;2372780
2018-01-25 19:12:39 UTC;5693104;2372780
2018-01-25 19:12:40 UTC;5693104;2372780
2018-01-25 19:12:41 UTC;5693104;2372780
2018-01-25 19:12:42 UTC;5693104;2372780
2018-01-25 19:12:43 UTC;5692980;2372904
2018-01-25 19:12:44 UTC;5692856;2373028
2018-01-25 19:12:45 UTC;5692856;2373028
2018-01-25 19:12:46 UTC;5692856;2373028
2018-01-25 19:12:47 UTC;5692732;2373152
2018-01-25 19:12:48 UTC;5692608;2373276
2018-01-25 19:12:49 UTC;5692608;2373276
2018-01-25 19:12:50 UTC;5692484;2373400
2018-01-25 19:12:51 UTC;5692360;2373524
2018-01-25 19:12:52 UTC;5692236;2373648
2018-01-25 19:12:53 UTC;5692236;2373648
2018-01-25 19:12:54 UTC;5692236;2373648
2018-01-25 19:12:55 UTC;5692236;2373648
2018-01-25 19:12:56 UTC;5692112;2373772
2018-01-25 19:12:57 UTC;5692144;2373740
2018-01-25 19:12:58 UTC;5692112;2373772
2018-01-25 19:12:59 UTC;5692080;2373804
2018-01-25 19:13:00 UTC;5692112;2373772
2018-01-25 19:13:01 UTC;5691864;2374020
2018-01-25 19:13:02 UTC;5691740;2374144
2018-01-25 19:13:03 UTC;5691740;2374144
2018-01-25 19:13:04 UTC;5691740;2374144
2018-01-25 19:13:05 UTC;5691740;2374144
2018-01-25 19:13:06 UTC;5691616;2374268
2018-01-25 19:13:07 UTC;5691460;2374424
2018-01-25 19:13:08 UTC;5691428;2374456
2018-01-25 19:13:09 UTC;5691304;2374580
2018-01-25 19:13:10 UTC;5691180;2374704
2018-01-25 19:13:11 UTC;5691180;2374704
2018-01-25 19:13:12 UTC;5666776;2399108
2018-01-25 19:13:13 UTC;5667680;2398204
2018-01-25 19:13:14 UTC;5666424;2399460
2018-01-25 19:13:15 UTC;5667464;2398420
2018-01-25 19:13:16 UTC;5667496;2398388
2018-01-25 19:13:17 UTC;5667712;2398172
2018-01-25 19:13:18 UTC;5667712;2398172
2018-01-25 19:13:19 UTC;5665620;2400264
2018-01-25 19:13:20 UTC;5665892;2399992
2018-01-25 19:13:21 UTC;5664736;2401148
2018-01-25 19:13:22 UTC;5663868;2402016
2018-01-25 19:13:23 UTC;5663220;2402664
2018-01-25 19:13:24 UTC;5662504;2403380
2018-01-25 19:13:25 UTC;5663016;2402868
2018-01-25 19:13:26 UTC;5663000;2402884
2018-01-25 19:13:27 UTC;5663032;2402852
2018-01-25 19:13:28 UTC;5663156;2402728
2018-01-25 19:13:29 UTC;5663032;2402852
2018-01-25 19:13:30 UTC;5663032;2402852
2018-01-25 19:13:31 UTC;5663032;2402852
2018-01-25 19:13:32 UTC;5663032;2402852
2018-01-25 19:13:33 UTC;5663032;2402852
2018-01-25 19:13:34 UTC;5663032;2402852
2018-01-25 19:13:35 UTC;5663064;2402820
2018-01-25 19:13:36 UTC;5662900;2402984
2018-01-25 19:13:37 UTC;5662940;2402944
2018-01-25 19:13:38 UTC;5662908;2402976
2018-01-25 19:13:39 UTC;5662876;2403008
2018-01-25 19:13:40 UTC;5662940;2402944
2018-01-25 19:13:41 UTC;5662908;2402976
2018-01-25 19:13:42 UTC;5662908;2402976
2018-01-25 19:13:43 UTC;5662784;2403100
2018-01-25 19:13:44 UTC;5662784;2403100
2018-01-25 19:13:45 UTC;5662784;2403100
2018-01-25 19:13:46 UTC;5662784;2403100
2018-01-25 19:13:47 UTC;5662628;2403256
2018-01-25 19:13:48 UTC;5662660;2403224
2018-01-25 19:13:49 UTC;5662692;2403192
2018-01-25 19:13:50 UTC;5662568;2403316
2018-01-25 19:13:51 UTC;5662568;2403316
2018-01-25 19:13:52 UTC;5662536;2403348
2018-01-25 19:13:53 UTC;5662412;2403472
2018-01-25 19:13:54 UTC;5662444;2403440
2018-01-25 19:13:55 UTC;5662412;2403472
2018-01-25 19:13:56 UTC;5662412;2403472
2018-01-25 19:13:57 UTC;5662040;2403844
2018-01-25 19:13:58 UTC;5661548;2404336
2018-01-25 19:13:59 UTC;5661576;2404308
2018-01-25 19:14:00 UTC;5661544;2404340
2018-01-25 19:14:01 UTC;5661420;2404464
2018-01-25 19:14:02 UTC;5661452;2404432
2018-01-25 19:14:03 UTC;5661452;2404432
2018-01-25 19:14:04 UTC;5661420;2404464
2018-01-25 19:14:05 UTC;5661420;2404464
2018-01-25 19:14:06 UTC;5661388;2404496
2018-01-25 19:14:07 UTC;5661296;2404588
2018-01-25 19:14:08 UTC;5661296;2404588
2018-01-25 19:14:09 UTC;5661296;2404588
2018-01-25 19:14:10 UTC;5661296;2404588
2018-01-25 19:14:11 UTC;5661296;2404588
2018-01-25 19:14:12 UTC;5661296;2404588
2018-01-25 19:14:13 UTC;5661204;2404680
2018-01-25 19:14:14 UTC;5661048;2404836
2018-01-25 19:14:15 UTC;5660924;2404960
2018-01-25 19:14:16 UTC;5660924;2404960
2018-01-25 19:14:17 UTC;5660924;2404960
2018-01-25 19:14:18 UTC;5660800;2405084
2018-01-25 19:14:19 UTC;5660676;2405208
2018-01-25 19:14:20 UTC;5660676;2405208
2018-01-25 19:14:21 UTC;5660488;2405396
2018-01-25 19:14:22 UTC;5660460;2405424
2018-01-25 19:14:23 UTC;5660428;2405456
2018-01-25 19:14:24 UTC;5657576;2408308
2018-01-25 19:14:25 UTC;5657788;2408096
2018-01-25 19:14:26 UTC;5657328;2408556
2018-01-25 19:14:27 UTC;5657720;2408164
2018-01-25 19:14:28 UTC;5656460;2409424
2018-01-25 19:14:29 UTC;5657320;2408564
2018-01-25 19:14:30 UTC;5656336;2409548
2018-01-25 19:14:31 UTC;5657072;2408812
2018-01-25 19:14:32 UTC;5656956;2408928
2018-01-25 19:14:33 UTC;5655172;2410712
2018-01-25 19:14:34 UTC;5654628;2411256
2018-01-25 19:14:35 UTC;5655620;2410264
2018-01-25 19:14:36 UTC;5654396;2411488
2018-01-25 19:14:37 UTC;5654628;2411256
2018-01-25 19:14:38 UTC;5654784;2411100
2018-01-25 19:14:39 UTC;5654752;2411132
2018-01-25 19:14:40 UTC;5654752;2411132
2018-01-25 19:14:41 UTC;5654752;2411132
2018-01-25 19:14:42 UTC;5654628;2411256
2018-01-25 19:14:43 UTC;5654596;2411288
2018-01-25 19:14:44 UTC;5654504;2411380
2018-01-25 19:14:45 UTC;5654504;2411380
2018-01-25 19:14:46 UTC;5654380;2411504
2018-01-25 19:14:47 UTC;5654380;2411504
2018-01-25 19:14:48 UTC;5654380;2411504
2018-01-25 19:14:49 UTC;5654348;2411536
2018-01-25 19:14:50 UTC;5654380;2411504
2018-01-25 19:14:51 UTC;5654348;2411536
2018-01-25 19:14:52 UTC;5654348;2411536
2018-01-25 19:14:53 UTC;5654380;2411504
2018-01-25 19:14:54 UTC;5654380;2411504
2018-01-25 19:14:55 UTC;5654348;2411536
2018-01-25 19:14:56 UTC;5654224;2411660
2018-01-25 19:14:57 UTC;5654224;2411660
2018-01-25 19:14:58 UTC;5654256;2411628
2018-01-25 19:14:59 UTC;5654256;2411628
2018-01-25 19:15:00 UTC;5654256;2411628
2018-01-25 19:15:01 UTC;5654256;2411628
2018-01-25 19:15:02 UTC;5654256;2411628
2018-01-25 19:15:03 UTC;5654256;2411628
2018-01-25 19:15:04 UTC;5654132;2411752
2018-01-25 19:15:05 UTC;5653884;2412000
2018-01-25 19:15:06 UTC;5653852;2412032
2018-01-25 19:15:07 UTC;5653884;2412000
2018-01-25 19:15:08 UTC;5653792;2412092
2018-01-25 19:15:09 UTC;5653636;2412248
2018-01-25 19:15:10 UTC;5653544;2412340
2018-01-25 19:15:11 UTC;5653480;2412404
2018-01-25 19:15:12 UTC;5653388;2412496
2018-01-25 19:15:13 UTC;5653216;2412668
2018-01-25 19:15:14 UTC;5653248;2412636
2018-01-25 19:15:15 UTC;5653232;2412652
2018-01-25 19:15:16 UTC;5653264;2412620
2018-01-25 19:15:17 UTC;5653076;2412808
2018-01-25 19:15:18 UTC;5652952;2412932
2018-01-25 19:15:19 UTC;5652984;2412900
2018-01-25 19:15:20 UTC;5653000;2412884
2018-01-25 19:15:21 UTC;5652968;2412916
2018-01-25 19:15:22 UTC;5652472;2413412
2018-01-25 19:15:23 UTC;5652472;2413412
2018-01-25 19:15:24 UTC;5652472;2413412
2018-01-25 19:15:25 UTC;5652472;2413412
2018-01-25 19:15:26 UTC;5652472;2413412
2018-01-25 19:15:27 UTC;5652316;2413568
2018-01-25 19:15:28 UTC;5652316;2413568
2018-01-25 19:15:29 UTC;5652348;2413536
2018-01-25 19:15:30 UTC;5652192;2413692
2018-01-25 19:15:31 UTC;5651976;2413908
2018-01-25 19:15:32 UTC;5651976;2413908
2018-01-25 19:15:33 UTC;5635696;2430188
2018-01-25 19:15:34 UTC;5633976;2431908
2018-01-25 19:15:35 UTC;5633980;2431904
2018-01-25 19:15:36 UTC;5634512;2431372
2018-01-25 19:15:37 UTC;5633048;2432836
2018-01-25 19:15:38 UTC;5633140;2432744
2018-01-25 19:15:39 UTC;5633048;2432836
2018-01-25 19:15:40 UTC;5633188;2432696
2018-01-25 19:15:41 UTC;5633328;2432556
2018-01-25 19:15:42 UTC;5632056;2433828
2018-01-25 19:15:43 UTC;5630740;2435144
2018-01-25 19:15:44 UTC;5630348;2435536
2018-01-25 19:15:45 UTC;5630068;2435816
2018-01-25 19:15:46 UTC;5630780;2435104
2018-01-25 19:15:47 UTC;5630656;2435228
2018-01-25 19:15:48 UTC;5630780;2435104
2018-01-25 19:15:49 UTC;5630780;2435104
2018-01-25 19:15:50 UTC;5630656;2435228
2018-01-25 19:15:51 UTC;5630656;2435228
2018-01-25 19:15:52 UTC;5630532;2435352
2018-01-25 19:15:53 UTC;5630408;2435476
2018-01-25 19:15:54 UTC;5630376;2435508
2018-01-25 19:15:55 UTC;5630408;2435476
2018-01-25 19:15:56 UTC;5630408;2435476
2018-01-25 19:15:57 UTC;5630408;2435476
2018-01-25 19:15:58 UTC;5630408;2435476
2018-01-25 19:15:59 UTC;5630408;2435476
2018-01-25 19:16:00 UTC;5630408;2435476
2018-01-25 19:16:01 UTC;5630284;2435600
2018-01-25 19:16:02 UTC;5630284;2435600
2018-01-25 19:16:03 UTC;5630160;2435724
2018-01-25 19:16:04 UTC;5630036;2435848
2018-01-25 19:16:05 UTC;5630036;2435848
2018-01-25 19:16:06 UTC;5630036;2435848
2018-01-25 19:16:07 UTC;5630036;2435848
2018-01-25 19:16:08 UTC;5629912;2435972
2018-01-25 19:16:09 UTC;5629788;2436096
2018-01-25 19:16:10 UTC;5629788;2436096
2018-01-25 19:16:11 UTC;5629664;2436220
2018-01-25 19:16:12 UTC;5629540;2436344
2018-01-25 19:16:13 UTC;5629416;2436468
2018-01-25 19:16:14 UTC;5629416;2436468
2018-01-25 19:16:15 UTC;5629416;2436468
2018-01-25 19:16:16 UTC;5629292;2436592
2018-01-25 19:16:17 UTC;5629292;2436592
2018-01-25 19:16:18 UTC;5629168;2436716
2018-01-25 19:16:19 UTC;5629168;2436716
2018-01-25 19:16:20 UTC;5629168;2436716
2018-01-25 19:16:21 UTC;5629044;2436840
2018-01-25 19:16:22 UTC;5629012;2436872
2018-01-25 19:16:23 UTC;5628888;2436996
2018-01-25 19:16:24 UTC;5628920;2436964
2018-01-25 19:16:25 UTC;5628764;2437120
2018-01-25 19:16:26 UTC;5628704;2437180
2018-01-25 19:16:27 UTC;5628548;2437336
2018-01-25 19:16:28 UTC;5628548;2437336
2018-01-25 19:16:29 UTC;5628548;2437336
2018-01-25 19:16:30 UTC;5628548;2437336
2018-01-25 19:16:31 UTC;5628332;2437552
2018-01-25 19:16:32 UTC;5628300;2437584
2018-01-25 19:16:33 UTC;5628144;2437740
2018-01-25 19:16:34 UTC;5628176;2437708
2018-01-25 19:16:35 UTC;5628084;2437800
2018-01-25 19:16:36 UTC;5628052;2437832
2018-01-25 19:16:37 UTC;5627896;2437988
2018-01-25 19:16:38 UTC;5627960;2437924
2018-01-25 19:16:39 UTC;5627896;2437988
2018-01-25 19:16:40 UTC;5627804;2438080
2018-01-25 19:16:41 UTC;5627680;2438204
2018-01-25 19:16:42 UTC;5627680;2438204
2018-01-25 19:16:43 UTC;5627712;2438172
2018-01-25 19:16:44 UTC;5625468;2440416
2018-01-25 19:16:45 UTC;5625940;2439944
2018-01-25 19:16:46 UTC;5624576;2441308
2018-01-25 19:16:47 UTC;5625168;2440716
2018-01-25 19:16:48 UTC;5624436;2441448
2018-01-25 19:16:49 UTC;5625008;2440876
2018-01-25 19:16:50 UTC;5624916;2440968
2018-01-25 19:16:51 UTC;5624948;2440936
2018-01-25 19:16:52 UTC;5624948;2440936
2018-01-25 19:16:53 UTC;5625040;2440844
2018-01-25 19:16:54 UTC;5622776;2443108
2018-01-25 19:16:55 UTC;5622092;2443792
2018-01-25 19:16:56 UTC;5623172;2442712
2018-01-25 19:16:57 UTC;5621720;2444164
2018-01-25 19:16:58 UTC;5622364;2443520
2018-01-25 19:16:59 UTC;5622308;2443576
2018-01-25 19:17:00 UTC;5622216;2443668
2018-01-25 19:17:01 UTC;5622216;2443668
2018-01-25 19:17:02 UTC;5622184;2443700
2018-01-25 19:17:03 UTC;5622216;2443668
2018-01-25 19:17:04 UTC;5622092;2443792
2018-01-25 19:17:05 UTC;5622124;2443760
2018-01-25 19:17:06 UTC;5622092;2443792
2018-01-25 19:17:07 UTC;5621936;2443948
2018-01-25 19:17:08 UTC;5621968;2443916
2018-01-25 19:17:09 UTC;5621968;2443916
2018-01-25 19:17:10 UTC;5621844;2444040
2018-01-25 19:17:11 UTC;5621844;2444040
2018-01-25 19:17:12 UTC;5621812;2444072
2018-01-25 19:17:13 UTC;5621844;2444040
2018-01-25 19:17:14 UTC;5621812;2444072
2018-01-25 19:17:15 UTC;5621844;2444040
2018-01-25 19:17:16 UTC;5621720;2444164
2018-01-25 19:17:17 UTC;5621720;2444164
2018-01-25 19:17:18 UTC;5621564;2444320
2018-01-25 19:17:19 UTC;5621596;2444288
2018-01-25 19:17:20 UTC;5621472;2444412
2018-01-25 19:17:21 UTC;5621504;2444380
2018-01-25 19:17:22 UTC;5621440;2444444
2018-01-25 19:17:23 UTC;5621332;2444552
2018-01-25 19:17:24 UTC;5621240;2444644
2018-01-25 19:17:25 UTC;5621208;2444676
2018-01-25 19:17:26 UTC;5621208;2444676
2018-01-25 19:17:27 UTC;5621084;2444800
2018-01-25 19:17:28 UTC;5620960;2444924
2018-01-25 19:17:29 UTC;5620912;2444972
2018-01-25 19:17:30 UTC;5620820;2445064
2018-01-25 19:17:31 UTC;5620696;2445188
2018-01-25 19:17:32 UTC;5620696;2445188
2018-01-25 19:17:33 UTC;5620572;2445312
2018-01-25 19:17:34 UTC;5620636;2445248
2018-01-25 19:17:35 UTC;5620572;2445312
2018-01-25 19:17:36 UTC;5620448;2445436
2018-01-25 19:17:37 UTC;5620448;2445436
2018-01-25 19:17:38 UTC;5620416;2445468
2018-01-25 19:17:39 UTC;5620448;2445436
2018-01-25 19:17:40 UTC;5620480;2445404
2018-01-25 19:17:41 UTC;5620324;2445560
2018-01-25 19:17:42 UTC;5620292;2445592
2018-01-25 19:17:43 UTC;5620356;2445528
2018-01-25 19:17:44 UTC;5620076;2445808
2018-01-25 19:17:45 UTC;5620076;2445808
2018-01-25 19:17:46 UTC;5619952;2445932
2018-01-25 19:17:47 UTC;5619828;2446056
2018-01-25 19:17:48 UTC;5619828;2446056
2018-01-25 19:17:49 UTC;5619860;2446024
2018-01-25 19:17:50 UTC;5619828;2446056
2018-01-25 19:17:51 UTC;5619828;2446056
2018-01-25 19:17:52 UTC;5619796;2446088
2018-01-25 19:17:53 UTC;5619828;2446056
2018-01-25 19:17:54 UTC;5617356;2448528
2018-01-25 19:17:55 UTC;5618184;2447700
2018-01-25 19:17:56 UTC;5616928;2448956
2018-01-25 19:17:57 UTC;5618028;2447856
2018-01-25 19:17:58 UTC;5617936;2447948
2018-01-25 19:17:59 UTC;5616680;2449204
2018-01-25 19:18:00 UTC;5615656;2450228
2018-01-25 19:18:01 UTC;5616664;2449220
2018-01-25 19:18:02 UTC;5616664;2449220
2018-01-25 19:18:03 UTC;5616044;2449840
2018-01-25 19:18:04 UTC;5616232;2449652
2018-01-25 19:18:05 UTC;5615360;2450524
2018-01-25 19:18:06 UTC;5614412;2451472
2018-01-25 19:18:07 UTC;5615016;2450868
2018-01-25 19:18:08 UTC;5614704;2451180
2018-01-25 19:18:09 UTC;5614892;2450992
2018-01-25 19:18:10 UTC;5614768;2451116
2018-01-25 19:18:11 UTC;5614892;2450992
2018-01-25 19:18:12 UTC;5614892;2450992
2018-01-25 19:18:13 UTC;5614892;2450992
2018-01-25 19:18:14 UTC;5614768;2451116
2018-01-25 19:18:15 UTC;5614800;2451084
2018-01-25 19:18:16 UTC;5614768;2451116
2018-01-25 19:18:17 UTC;5614800;2451084
2018-01-25 19:18:18 UTC;5614736;2451148
2018-01-25 19:18:19 UTC;5614612;2451272
2018-01-25 19:18:20 UTC;5614676;2451208
2018-01-25 19:18:21 UTC;5614552;2451332
2018-01-25 19:18:22 UTC;5614552;2451332
2018-01-25 19:18:23 UTC;5614272;2451612
2018-01-25 19:18:24 UTC;5614148;2451736
2018-01-25 19:18:25 UTC;5614116;2451768
2018-01-25 19:18:26 UTC;5614148;2451736
2018-01-25 19:18:27 UTC;5614116;2451768
2018-01-25 19:18:28 UTC;5614148;2451736
2018-01-25 19:18:29 UTC;5613868;2452016
2018-01-25 19:18:30 UTC;5613900;2451984
2018-01-25 19:18:31 UTC;5613900;2451984
2018-01-25 19:18:32 UTC;5613900;2451984
2018-01-25 19:18:33 UTC;5613900;2451984
2018-01-25 19:18:34 UTC;5613900;2451984
2018-01-25 19:18:35 UTC;5613652;2452232
2018-01-25 19:18:36 UTC;5613652;2452232
2018-01-25 19:18:37 UTC;5613652;2452232
2018-01-25 19:18:38 UTC;5613620;2452264
2018-01-25 19:18:39 UTC;5613184;2452700
2018-01-25 19:18:40 UTC;5613156;2452728
2018-01-25 19:18:41 UTC;5613156;2452728
2018-01-25 19:18:42 UTC;5613000;2452884
2018-01-25 19:18:43 UTC;5613000;2452884
2018-01-25 19:18:44 UTC;5612844;2453040
2018-01-25 19:18:45 UTC;5612784;2453100
2018-01-25 19:18:46 UTC;5612628;2453256
2018-01-25 19:18:47 UTC;5612660;2453224
2018-01-25 19:18:48 UTC;5612628;2453256
2018-01-25 19:18:49 UTC;5612628;2453256
2018-01-25 19:18:50 UTC;5612504;2453380
2018-01-25 19:18:51 UTC;5612380;2453504
2018-01-25 19:18:52 UTC;5612256;2453628
2018-01-25 19:18:53 UTC;5612288;2453596
2018-01-25 19:18:54 UTC;5612008;2453876
2018-01-25 19:18:55 UTC;5612072;2453812
2018-01-25 19:18:56 UTC;5611884;2454000
2018-01-25 19:18:57 UTC;5609156;2456728
2018-01-25 19:18:58 UTC;5608876;2457008
2018-01-25 19:18:59 UTC;5608572;2457312
2018-01-25 19:19:00 UTC;5608504;2457380
2018-01-25 19:19:01 UTC;5608504;2457380
2018-01-25 19:19:02 UTC;5608504;2457380
2018-01-25 19:19:03 UTC;5608472;2457412
2018-01-25 19:19:04 UTC;5606484;2459400
2018-01-25 19:19:05 UTC;5606984;2458900
2018-01-25 19:19:06 UTC;5606520;2459364
2018-01-25 19:19:07 UTC;5597928;2467956
2018-01-25 19:19:08 UTC;5598520;2467364
2018-01-25 19:19:09 UTC;5598672;2467212
2018-01-25 19:19:10 UTC;5598672;2467212
2018-01-25 19:19:11 UTC;5598672;2467212
2018-01-25 19:19:12 UTC;5598580;2467304
2018-01-25 19:19:13 UTC;5596656;2469228
2018-01-25 19:19:14 UTC;5597308;2468576
2018-01-25 19:19:15 UTC;5596672;2469212
2018-01-25 19:19:16 UTC;5596252;2469632
2018-01-25 19:19:17 UTC;5595056;2470828
2018-01-25 19:19:18 UTC;5595448;2470436
2018-01-25 19:19:19 UTC;5595196;2470688
2018-01-25 19:19:20 UTC;5596056;2469828
2018-01-25 19:19:21 UTC;5596016;2469868
2018-01-25 19:19:22 UTC;5595892;2469992
2018-01-25 19:19:23 UTC;5595760;2470124
2018-01-25 19:19:24 UTC;5595760;2470124
2018-01-25 19:19:25 UTC;5595636;2470248
2018-01-25 19:19:26 UTC;5595636;2470248
2018-01-25 19:19:27 UTC;5595544;2470340
2018-01-25 19:19:28 UTC;5595512;2470372
2018-01-25 19:19:29 UTC;5595544;2470340
2018-01-25 19:19:30 UTC;5595264;2470620
2018-01-25 19:19:31 UTC;5595264;2470620
2018-01-25 19:19:32 UTC;5595264;2470620
2018-01-25 19:19:33 UTC;5595232;2470652
2018-01-25 19:19:34 UTC;5595172;2470712
2018-01-25 19:19:35 UTC;5595140;2470744
2018-01-25 19:19:36 UTC;5595180;2470704
2018-01-25 19:19:37 UTC;5595148;2470736
2018-01-25 19:19:38 UTC;5595212;2470672
2018-01-25 19:19:39 UTC;5595244;2470640
2018-01-25 19:19:40 UTC;5595212;2470672
2018-01-25 19:19:41 UTC;5595088;2470796
2018-01-25 19:19:42 UTC;5595056;2470828
2018-01-25 19:19:43 UTC;5595024;2470860
2018-01-25 19:19:44 UTC;5595028;2470856
2018-01-25 19:19:45 UTC;5594808;2471076
2018-01-25 19:19:46 UTC;5594344;2471540
2018-01-25 19:19:47 UTC;5594344;2471540
2018-01-25 19:19:48 UTC;5594344;2471540
2018-01-25 19:19:49 UTC;5594376;2471508
2018-01-25 19:19:50 UTC;5594220;2471664
2018-01-25 19:19:51 UTC;5594220;2471664
2018-01-25 19:19:52 UTC;5594156;2471728
2018-01-25 19:19:53 UTC;5594220;2471664
2018-01-25 19:19:54 UTC;5594220;2471664
2018-01-25 19:19:55 UTC;5594284;2471600
2018-01-25 19:19:56 UTC;5593972;2471912
2018-01-25 19:19:57 UTC;5593756;2472128
2018-01-25 19:19:58 UTC;5593692;2472192
2018-01-25 19:19:59 UTC;5593756;2472128
2018-01-25 19:20:00 UTC;5593600;2472284
2018-01-25 19:20:01 UTC;5593476;2472408
2018-01-25 19:20:02 UTC;5593476;2472408
2018-01-25 19:20:03 UTC;5593320;2472564
2018-01-25 19:20:04 UTC;5593320;2472564
2018-01-25 19:20:05 UTC;5593352;2472532
2018-01-25 19:20:06 UTC;5593104;2472780
2018-01-25 19:20:07 UTC;5592980;2472904
2018-01-25 19:20:08 UTC;5592916;2472968
2018-01-25 19:20:09 UTC;5592916;2472968
2018-01-25 19:20:10 UTC;5592948;2472936
2018-01-25 19:20:11 UTC;5592948;2472936
2018-01-25 19:20:12 UTC;5592948;2472936
2018-01-25 19:20:13 UTC;5592884;2473000
2018-01-25 19:20:14 UTC;5591476;2474408
2018-01-25 19:20:15 UTC;5591740;2474144
2018-01-25 19:20:16 UTC;5591708;2474176
2018-01-25 19:20:17 UTC;5591912;2473972
2018-01-25 19:20:18 UTC;5588884;2477000
2018-01-25 19:20:19 UTC;5587736;2478148
2018-01-25 19:20:20 UTC;5588396;2477488
2018-01-25 19:20:21 UTC;5587768;2478116
2018-01-25 19:20:22 UTC;5587148;2478736
2018-01-25 19:20:23 UTC;5588164;2477720
2018-01-25 19:20:24 UTC;5587984;2477900
2018-01-25 19:20:25 UTC;5587724;2478160
2018-01-25 19:20:26 UTC;5587572;2478312
2018-01-25 19:20:27 UTC;5586160;2479724
2018-01-25 19:20:28 UTC;5587200;2478684
2018-01-25 19:20:29 UTC;5585516;2480368
2018-01-25 19:20:30 UTC;5585828;2480056
2018-01-25 19:20:31 UTC;5585732;2480152
2018-01-25 19:20:32 UTC;5586044;2479840
2018-01-25 19:20:33 UTC;5584028;2481856
2018-01-25 19:20:34 UTC;5584136;2481748
2018-01-25 19:20:35 UTC;5584276;2481608
2018-01-25 19:20:36 UTC;5584492;2481392
2018-01-25 19:20:37 UTC;5584584;2481300
2018-01-25 19:20:38 UTC;5584740;2481144
2018-01-25 19:20:39 UTC;5584864;2481020
2018-01-25 19:20:40 UTC;5584832;2481052
2018-01-25 19:20:41 UTC;5584960;2480924
2018-01-25 19:20:42 UTC;5584864;2481020
2018-01-25 19:20:43 UTC;5584248;2481636
2018-01-25 19:20:44 UTC;5584556;2481328
2018-01-25 19:20:45 UTC;5584492;2481392
2018-01-25 19:20:46 UTC;5584524;2481360
2018-01-25 19:20:47 UTC;5584524;2481360
2018-01-25 19:20:48 UTC;5584460;2481424
2018-01-25 19:20:49 UTC;5584524;2481360
2018-01-25 19:20:50 UTC;5584524;2481360
2018-01-25 19:20:51 UTC;5584524;2481360
2018-01-25 19:20:52 UTC;5584556;2481328
2018-01-25 19:20:53 UTC;5584556;2481328
2018-01-25 19:20:54 UTC;5584524;2481360
2018-01-25 19:20:55 UTC;5584556;2481328
2018-01-25 19:20:56 UTC;5584588;2481296
2018-01-25 19:20:57 UTC;5584464;2481420
2018-01-25 19:20:58 UTC;5584432;2481452
2018-01-25 19:20:59 UTC;5584432;2481452
2018-01-25 19:21:00 UTC;5584432;2481452
2018-01-25 19:21:01 UTC;5584340;2481544
2018-01-25 19:21:02 UTC;5584372;2481512
2018-01-25 19:21:03 UTC;5584276;2481608
2018-01-25 19:21:04 UTC;5584308;2481576
2018-01-25 19:21:05 UTC;5584308;2481576
2018-01-25 19:21:06 UTC;5584184;2481700
2018-01-25 19:21:07 UTC;5584184;2481700
2018-01-25 19:21:08 UTC;5584092;2481792
2018-01-25 19:21:09 UTC;5584060;2481824
2018-01-25 19:21:10 UTC;5584060;2481824
2018-01-25 19:21:11 UTC;5584028;2481856
2018-01-25 19:21:12 UTC;5583936;2481948
2018-01-25 19:21:13 UTC;5583844;2482040
2018-01-25 19:21:14 UTC;5583812;2482072
2018-01-25 19:21:15 UTC;5583688;2482196
2018-01-25 19:21:16 UTC;5583688;2482196
2018-01-25 19:21:17 UTC;5583688;2482196
2018-01-25 19:21:18 UTC;5583564;2482320
2018-01-25 19:21:19 UTC;5583564;2482320
2018-01-25 19:21:20 UTC;5583440;2482444
2018-01-25 19:21:21 UTC;5583160;2482724
2018-01-25 19:21:22 UTC;5583192;2482692
2018-01-25 19:21:23 UTC;5583192;2482692
2018-01-25 19:21:24 UTC;5581292;2484592
2018-01-25 19:21:25 UTC;5581892;2483992
2018-01-25 19:21:26 UTC;5581952;2483932
2018-01-25 19:21:27 UTC;5580648;2485236
2018-01-25 19:21:28 UTC;5581680;2484204
2018-01-25 19:21:29 UTC;5581640;2484244
2018-01-25 19:21:30 UTC;5581624;2484260
2018-01-25 19:21:31 UTC;5581624;2484260
2018-01-25 19:21:32 UTC;5581624;2484260
2018-01-25 19:21:33 UTC;5581624;2484260
2018-01-25 19:21:34 UTC;5581624;2484260
2018-01-25 19:21:35 UTC;5579360;2486524
2018-01-25 19:21:36 UTC;5578924;2486960
2018-01-25 19:21:37 UTC;5579668;2486216
2018-01-25 19:21:38 UTC;5578492;2487392
2018-01-25 19:21:39 UTC;5578148;2487736
2018-01-25 19:21:40 UTC;5577884;2488000
2018-01-25 19:21:41 UTC;5578652;2487232
2018-01-25 19:21:42 UTC;5579016;2486868
2018-01-25 19:21:43 UTC;5576952;2488932
2018-01-25 19:21:44 UTC;5577924;2487960
2018-01-25 19:21:45 UTC;5577588;2488296
2018-01-25 19:21:46 UTC;5577464;2488420
2018-01-25 19:21:47 UTC;5577588;2488296
2018-01-25 19:21:48 UTC;5577464;2488420
2018-01-25 19:21:49 UTC;5577712;2488172
2018-01-25 19:21:50 UTC;5577588;2488296
2018-01-25 19:21:51 UTC;5577588;2488296
2018-01-25 19:21:52 UTC;5577620;2488264
2018-01-25 19:21:53 UTC;5577556;2488328
2018-01-25 19:21:54 UTC;5577588;2488296
2018-01-25 19:21:55 UTC;5577464;2488420
2018-01-25 19:21:56 UTC;5577464;2488420
2018-01-25 19:21:57 UTC;5577340;2488544
2018-01-25 19:21:58 UTC;5577340;2488544
2018-01-25 19:21:59 UTC;5577340;2488544
2018-01-25 19:22:00 UTC;5577092;2488792
2018-01-25 19:22:01 UTC;5577092;2488792
2018-01-25 19:22:02 UTC;5577092;2488792
2018-01-25 19:22:03 UTC;5577028;2488856
2018-01-25 19:22:04 UTC;5577092;2488792
2018-01-25 19:22:05 UTC;5577092;2488792
2018-01-25 19:22:06 UTC;5577060;2488824
2018-01-25 19:22:07 UTC;5577028;2488856
2018-01-25 19:22:08 UTC;5576968;2488916
2018-01-25 19:22:09 UTC;5576876;2489008
2018-01-25 19:22:10 UTC;5576876;2489008
2018-01-25 19:22:11 UTC;5576596;2489288
2018-01-25 19:22:12 UTC;5576440;2489444
2018-01-25 19:22:13 UTC;5576472;2489412
2018-01-25 19:22:14 UTC;5576536;2489348
2018-01-25 19:22:15 UTC;5576380;2489504
2018-01-25 19:22:16 UTC;5576192;2489692
2018-01-25 19:22:17 UTC;5576288;2489596
2018-01-25 19:22:18 UTC;5576224;2489660
2018-01-25 19:22:19 UTC;5576224;2489660
2018-01-25 19:22:20 UTC;5576192;2489692
2018-01-25 19:22:21 UTC;5576100;2489784
2018-01-25 19:22:22 UTC;5575944;2489940
2018-01-25 19:22:23 UTC;5575976;2489908
2018-01-25 19:22:24 UTC;5575976;2489908
2018-01-25 19:22:25 UTC;5575852;2490032
2018-01-25 19:22:26 UTC;5575852;2490032
2018-01-25 19:22:27 UTC;5575728;2490156
2018-01-25 19:22:28 UTC;5575604;2490280
2018-01-25 19:22:29 UTC;5575636;2490248
2018-01-25 19:22:30 UTC;5575604;2490280
2018-01-25 19:22:31 UTC;5575604;2490280
2018-01-25 19:22:32 UTC;5575480;2490404
2018-01-25 19:22:33 UTC;5575388;2490496
2018-01-25 19:22:34 UTC;5575264;2490620
2018-01-25 19:22:35 UTC;5573000;2492884
2018-01-25 19:22:36 UTC;5572472;2493412
2018-01-25 19:22:37 UTC;5573464;2492420
2018-01-25 19:22:38 UTC;5573340;2492544
2018-01-25 19:22:39 UTC;5573308;2492576
2018-01-25 19:22:40 UTC;5572440;2493444
2018-01-25 19:22:41 UTC;5572936;2492948
2018-01-25 19:22:42 UTC;5573060;2492824
2018-01-25 19:22:43 UTC;5573184;2492700
2018-01-25 19:22:44 UTC;5573184;2492700
2018-01-25 19:22:45 UTC;5573308;2492576
2018-01-25 19:22:46 UTC;5573276;2492608
2018-01-25 19:22:47 UTC;5571448;2494436
2018-01-25 19:22:48 UTC;5571260;2494624
2018-01-25 19:22:49 UTC;5570192;2495692
2018-01-25 19:22:50 UTC;5571136;2494748
2018-01-25 19:22:51 UTC;5569972;2495912
2018-01-25 19:22:52 UTC;5570732;2495152
2018-01-25 19:22:53 UTC;5570764;2495120
2018-01-25 19:22:54 UTC;5569568;2496316
2018-01-25 19:22:55 UTC;5570008;2495876
2018-01-25 19:22:56 UTC;5568964;2496920
2018-01-25 19:22:57 UTC;5569464;2496420
2018-01-25 19:22:58 UTC;5569460;2496424
2018-01-25 19:22:59 UTC;5569336;2496548
2018-01-25 19:23:00 UTC;5569336;2496548
2018-01-25 19:23:01 UTC;5569336;2496548
2018-01-25 19:23:02 UTC;5569428;2496456
2018-01-25 19:23:03 UTC;5569492;2496392
2018-01-25 19:23:04 UTC;5569396;2496488
2018-01-25 19:23:05 UTC;5569492;2496392
2018-01-25 19:23:06 UTC;5569460;2496424
2018-01-25 19:23:07 UTC;5569336;2496548
2018-01-25 19:23:08 UTC;5569212;2496672
2018-01-25 19:23:09 UTC;5569212;2496672
2018-01-25 19:23:10 UTC;5569212;2496672
2018-01-25 19:23:11 UTC;5569212;2496672
2018-01-25 19:23:12 UTC;5569088;2496796
2018-01-25 19:23:13 UTC;5568792;2497092
2018-01-25 19:23:14 UTC;5568792;2497092
2018-01-25 19:23:15 UTC;5568792;2497092
2018-01-25 19:23:16 UTC;5568700;2497184
2018-01-25 19:23:17 UTC;5568512;2497372
2018-01-25 19:23:18 UTC;5568512;2497372
2018-01-25 19:23:19 UTC;5568544;2497340
2018-01-25 19:23:20 UTC;5568512;2497372
2018-01-25 19:23:21 UTC;5568480;2497404
2018-01-25 19:23:22 UTC;5568448;2497436
2018-01-25 19:23:23 UTC;5568388;2497496
2018-01-25 19:23:24 UTC;5568356;2497528
2018-01-25 19:23:25 UTC;5568328;2497556
2018-01-25 19:23:26 UTC;5568264;2497620
2018-01-25 19:23:27 UTC;5568140;2497744
2018-01-25 19:23:28 UTC;5568140;2497744
2018-01-25 19:23:29 UTC;5568140;2497744
2018-01-25 19:23:30 UTC;5568140;2497744
2018-01-25 19:23:31 UTC;5568016;2497868
2018-01-25 19:23:32 UTC;5567892;2497992
2018-01-25 19:23:33 UTC;5567892;2497992
2018-01-25 19:23:34 UTC;5567892;2497992
2018-01-25 19:23:35 UTC;5567892;2497992
2018-01-25 19:23:36 UTC;5567768;2498116
2018-01-25 19:23:37 UTC;5567768;2498116
2018-01-25 19:23:38 UTC;5567520;2498364
2018-01-25 19:23:39 UTC;5567488;2498396
2018-01-25 19:23:40 UTC;5567320;2498564
2018-01-25 19:23:41 UTC;5567396;2498488
2018-01-25 19:23:42 UTC;5567272;2498612
2018-01-25 19:23:43 UTC;5567272;2498612
2018-01-25 19:23:44 UTC;5564536;2501348
2018-01-25 19:23:45 UTC;5565308;2500576
2018-01-25 19:23:46 UTC;5565412;2500472
2018-01-25 19:23:47 UTC;5565348;2500536
2018-01-25 19:23:48 UTC;5564280;2501604
2018-01-25 19:23:49 UTC;5565468;2500416
2018-01-25 19:23:50 UTC;5565504;2500380
2018-01-25 19:23:51 UTC;5565288;2500596
2018-01-25 19:23:52 UTC;5565256;2500628
2018-01-25 19:23:53 UTC;5565380;2500504
2018-01-25 19:23:54 UTC;5564620;2501264
2018-01-25 19:23:55 UTC;5564852;2501032
2018-01-25 19:23:56 UTC;5563796;2502088
2018-01-25 19:23:57 UTC;5564356;2501528
2018-01-25 19:23:58 UTC;5549052;2516832
2018-01-25 19:23:59 UTC;5542160;2523724
2018-01-25 19:24:00 UTC;5541008;2524876
2018-01-25 19:24:01 UTC;5540620;2525264
2018-01-25 19:24:02 UTC;5540044;2525840
2018-01-25 19:24:03 UTC;5540656;2525228
2018-01-25 19:24:04 UTC;5540912;2524972
2018-01-25 19:24:05 UTC;5540880;2525004
2018-01-25 19:24:06 UTC;5538972;2526912
2018-01-25 19:24:07 UTC;5539176;2526708
2018-01-25 19:24:08 UTC;5539332;2526552
2018-01-25 19:24:09 UTC;5539364;2526520
2018-01-25 19:24:10 UTC;5539176;2526708
2018-01-25 19:24:11 UTC;5538896;2526988
2018-01-25 19:24:12 UTC;5538772;2527112
2018-01-25 19:24:13 UTC;5538772;2527112
2018-01-25 19:24:14 UTC;5538764;2527120
2018-01-25 19:24:15 UTC;5538764;2527120
2018-01-25 19:24:16 UTC;5538540;2527344
2018-01-25 19:24:17 UTC;5538480;2527404
2018-01-25 19:24:18 UTC;5538608;2527276
2018-01-25 19:24:19 UTC;5538544;2527340
2018-01-25 19:24:20 UTC;5538420;2527464
2018-01-25 19:24:21 UTC;5538360;2527524
2018-01-25 19:24:22 UTC;5538232;2527652
2018-01-25 19:24:23 UTC;5538140;2527744
2018-01-25 19:24:24 UTC;5538172;2527712
2018-01-25 19:24:25 UTC;5538236;2527648
2018-01-25 19:24:26 UTC;5538172;2527712
2018-01-25 19:24:27 UTC;5538048;2527836
2018-01-25 19:24:28 UTC;5538048;2527836
2018-01-25 19:24:29 UTC;5538016;2527868
2018-01-25 19:24:30 UTC;5538048;2527836
2018-01-25 19:24:31 UTC;5538048;2527836
2018-01-25 19:24:32 UTC;5538048;2527836
2018-01-25 19:24:33 UTC;5537988;2527896
2018-01-25 19:24:34 UTC;5537860;2528024
2018-01-25 19:24:35 UTC;5537864;2528020
2018-01-25 19:24:36 UTC;5537736;2528148
2018-01-25 19:24:37 UTC;5537768;2528116
2018-01-25 19:24:38 UTC;5537704;2528180
2018-01-25 19:24:39 UTC;5537612;2528272
2018-01-25 19:24:40 UTC;5537644;2528240
2018-01-25 19:24:41 UTC;5537644;2528240
2018-01-25 19:24:42 UTC;5537456;2528428
2018-01-25 19:24:43 UTC;5537396;2528488
2018-01-25 19:24:44 UTC;5537428;2528456
2018-01-25 19:24:45 UTC;5537332;2528552
2018-01-25 19:24:46 UTC;5537304;2528580
2018-01-25 19:24:47 UTC;5537304;2528580
2018-01-25 19:24:48 UTC;5537148;2528736
2018-01-25 19:24:49 UTC;5537212;2528672
2018-01-25 19:24:50 UTC;5537180;2528704
2018-01-25 19:24:51 UTC;5537148;2528736
2018-01-25 19:24:52 UTC;5537148;2528736
2018-01-25 19:24:53 UTC;5537056;2528828
2018-01-25 19:24:54 UTC;5537056;2528828
2018-01-25 19:24:55 UTC;5534932;2530952
2018-01-25 19:24:56 UTC;5535572;2530312
2018-01-25 19:24:57 UTC;5535784;2530100
2018-01-25 19:24:58 UTC;5535472;2530412
2018-01-25 19:24:59 UTC;5535692;2530192
2018-01-25 19:25:00 UTC;5534576;2531308
2018-01-25 19:25:01 UTC;5535288;2530596
2018-01-25 19:25:02 UTC;5535008;2530876
2018-01-25 19:25:03 UTC;5535412;2530472
2018-01-25 19:25:04 UTC;5535320;2530564
2018-01-25 19:25:05 UTC;5534280;2531604
2018-01-25 19:25:06 UTC;5533628;2532256
2018-01-25 19:25:07 UTC;5534200;2531684
2018-01-25 19:25:08 UTC;5534140;2531744
2018-01-25 19:25:09 UTC;5534016;2531868
2018-01-25 19:25:10 UTC;5533952;2531932
2018-01-25 19:25:11 UTC;5533100;2532784
2018-01-25 19:25:12 UTC;5532324;2533560
2018-01-25 19:25:13 UTC;5532932;2532952
2018-01-25 19:25:14 UTC;5532148;2533736
2018-01-25 19:25:15 UTC;5532416;2533468
2018-01-25 19:25:16 UTC;5532552;2533332
2018-01-25 19:25:17 UTC;5531060;2534824
2018-01-25 19:25:18 UTC;5531108;2534776
2018-01-25 19:25:19 UTC;5531216;2534668
2018-01-25 19:25:20 UTC;5531264;2534620
2018-01-25 19:25:21 UTC;5530224;2535660
2018-01-25 19:25:22 UTC;5530520;2535364
2018-01-25 19:25:23 UTC;5530216;2535668
2018-01-25 19:25:24 UTC;5530208;2535676
2018-01-25 19:25:25 UTC;5530316;2535568
2018-01-25 19:25:26 UTC;5530284;2535600
2018-01-25 19:25:27 UTC;5530504;2535380
2018-01-25 19:25:28 UTC;5530440;2535444
2018-01-25 19:25:29 UTC;5530472;2535412
2018-01-25 19:25:30 UTC;5530472;2535412
2018-01-25 19:25:31 UTC;5530472;2535412
2018-01-25 19:25:32 UTC;5530440;2535444
2018-01-25 19:25:33 UTC;5530348;2535536
2018-01-25 19:25:34 UTC;5530348;2535536
2018-01-25 19:25:35 UTC;5530348;2535536
2018-01-25 19:25:36 UTC;5530224;2535660
2018-01-25 19:25:37 UTC;5530224;2535660
2018-01-25 19:25:38 UTC;5530100;2535784
2018-01-25 19:25:39 UTC;5529976;2535908
2018-01-25 19:25:40 UTC;5529976;2535908
2018-01-25 19:25:41 UTC;5529976;2535908
2018-01-25 19:25:42 UTC;5529976;2535908
2018-01-25 19:25:43 UTC;5529944;2535940
2018-01-25 19:25:44 UTC;5529976;2535908
2018-01-25 19:25:45 UTC;5529976;2535908
2018-01-25 19:25:46 UTC;5529852;2536032
2018-01-25 19:25:47 UTC;5529852;2536032
2018-01-25 19:25:48 UTC;5529636;2536248
2018-01-25 19:25:49 UTC;5529604;2536280
2018-01-25 19:25:50 UTC;5529604;2536280
2018-01-25 19:25:51 UTC;5529480;2536404
2018-01-25 19:25:52 UTC;5529356;2536528
2018-01-25 19:25:53 UTC;5529356;2536528
2018-01-25 19:25:54 UTC;5529200;2536684
2018-01-25 19:25:55 UTC;5529076;2536808
2018-01-25 19:25:56 UTC;5529108;2536776
2018-01-25 19:25:57 UTC;5528736;2537148
2018-01-25 19:25:58 UTC;5528736;2537148
2018-01-25 19:25:59 UTC;5528736;2537148
2018-01-25 19:26:00 UTC;5528768;2537116
2018-01-25 19:26:01 UTC;5528612;2537272
2018-01-25 19:26:02 UTC;5528488;2537396
2018-01-25 19:26:03 UTC;5528364;2537520
2018-01-25 19:26:04 UTC;5528364;2537520
2018-01-25 19:26:05 UTC;5526164;2539720
2018-01-25 19:26:06 UTC;5526836;2539048
2018-01-25 19:26:07 UTC;5526496;2539388
2018-01-25 19:26:08 UTC;5526620;2539264
2018-01-25 19:26:09 UTC;5526620;2539264
2018-01-25 19:26:10 UTC;5525364;2540520
2018-01-25 19:26:11 UTC;5525564;2540320
2018-01-25 19:26:12 UTC;5525596;2540288
2018-01-25 19:26:13 UTC;5525752;2540132
2018-01-25 19:26:14 UTC;5525752;2540132
2018-01-25 19:26:15 UTC;5525688;2540196
2018-01-25 19:26:16 UTC;5525720;2540164
2018-01-25 19:26:17 UTC;5525784;2540100
2018-01-25 19:26:18 UTC;5525720;2540164
2018-01-25 19:26:19 UTC;5523672;2542212
2018-01-25 19:26:20 UTC;5524184;2541700
2018-01-25 19:26:21 UTC;5523192;2542692
2018-01-25 19:26:22 UTC;5523052;2542832
2018-01-25 19:26:23 UTC;5523332;2542552
2018-01-25 19:26:24 UTC;5522816;2543068
2018-01-25 19:26:25 UTC;5521576;2544308
2018-01-25 19:26:26 UTC;5522320;2543564
2018-01-25 19:26:27 UTC;5522104;2543780
2018-01-25 19:26:28 UTC;5522132;2543752
2018-01-25 19:26:29 UTC;5520536;2545348
2018-01-25 19:26:30 UTC;5521096;2544788
2018-01-25 19:26:31 UTC;5521344;2544540
2018-01-25 19:26:32 UTC;5521420;2544464
2018-01-25 19:26:33 UTC;5521288;2544596
2018-01-25 19:26:34 UTC;5521412;2544472
2018-01-25 19:26:35 UTC;5521288;2544596
2018-01-25 19:26:36 UTC;5521288;2544596
2018-01-25 19:26:37 UTC;5521132;2544752
2018-01-25 19:26:38 UTC;5521072;2544812
2018-01-25 19:26:39 UTC;5519924;2545960
2018-01-25 19:26:40 UTC;5519832;2546052
2018-01-25 19:26:41 UTC;5519676;2546208
2018-01-25 19:26:42 UTC;5519708;2546176
2018-01-25 19:26:43 UTC;5519520;2546364
2018-01-25 19:26:44 UTC;5519552;2546332
2018-01-25 19:26:45 UTC;5519552;2546332
2018-01-25 19:26:46 UTC;5519428;2546456
2018-01-25 19:26:47 UTC;5519148;2546736
2018-01-25 19:26:48 UTC;5519024;2546860
2018-01-25 19:26:49 UTC;5518932;2546952
2018-01-25 19:26:50 UTC;5518900;2546984
2018-01-25 19:26:51 UTC;5518932;2546952
2018-01-25 19:26:52 UTC;5518996;2546888
2018-01-25 19:26:53 UTC;5518932;2546952
2018-01-25 19:26:54 UTC;5518964;2546920
2018-01-25 19:26:55 UTC;5518932;2546952
2018-01-25 19:26:56 UTC;5518808;2547076
2018-01-25 19:26:57 UTC;5518560;2547324
2018-01-25 19:26:58 UTC;5518560;2547324
2018-01-25 19:26:59 UTC;5518560;2547324
2018-01-25 19:27:00 UTC;5518468;2547416
2018-01-25 19:27:01 UTC;5518436;2547448
2018-01-25 19:27:02 UTC;5518344;2547540
2018-01-25 19:27:03 UTC;5518156;2547728
2018-01-25 19:27:04 UTC;5518188;2547696
2018-01-25 19:27:05 UTC;5518032;2547852
2018-01-25 19:27:06 UTC;5517972;2547912
2018-01-25 19:27:07 UTC;5517692;2548192
2018-01-25 19:27:08 UTC;5517692;2548192
2018-01-25 19:27:09 UTC;5517536;2548348
2018-01-25 19:27:10 UTC;5517568;2548316
2018-01-25 19:27:11 UTC;5517568;2548316
2018-01-25 19:27:12 UTC;5443984;2621900
2018-01-25 19:27:13 UTC;5442464;2623420
2018-01-25 19:27:14 UTC;5442592;2623292
2018-01-25 19:27:15 UTC;5442388;2623496
2018-01-25 19:27:16 UTC;5442280;2623604
2018-01-25 19:27:17 UTC;5461916;2603968
2018-01-25 19:27:18 UTC;5462768;2603116
2018-01-25 19:27:19 UTC;5462740;2603144
2018-01-25 19:27:20 UTC;5462924;2602960
2018-01-25 19:27:21 UTC;5461248;2604636
2018-01-25 19:27:22 UTC;5461356;2604528
2018-01-25 19:27:23 UTC;5461728;2604156
2018-01-25 19:27:24 UTC;5461696;2604188
2018-01-25 19:27:25 UTC;5461852;2604032
2018-01-25 19:27:26 UTC;5461884;2604000
2018-01-25 19:27:27 UTC;5461572;2604312
2018-01-25 19:27:28 UTC;5461448;2604436
2018-01-25 19:27:29 UTC;5460084;2605800
2018-01-25 19:27:30 UTC;5461164;2604720
2018-01-25 19:27:31 UTC;5461324;2604560
2018-01-25 19:27:32 UTC;5461324;2604560
2018-01-25 19:27:33 UTC;5461324;2604560
2018-01-25 19:27:34 UTC;5459836;2606048
2018-01-25 19:27:35 UTC;5459144;2606740
2018-01-25 19:27:36 UTC;5459488;2606396
2018-01-25 19:27:37 UTC;5459608;2606276
2018-01-25 19:27:38 UTC;5458340;2607544
2018-01-25 19:27:39 UTC;5458896;2606988
2018-01-25 19:27:40 UTC;5458772;2607112
2018-01-25 19:27:41 UTC;5458740;2607144
2018-01-25 19:27:42 UTC;5457764;2608120
2018-01-25 19:27:43 UTC;5458236;2607648
2018-01-25 19:27:44 UTC;5458432;2607452
2018-01-25 19:27:45 UTC;5456864;2609020
2018-01-25 19:27:46 UTC;5457112;2608772
2018-01-25 19:27:47 UTC;5457344;2608540
2018-01-25 19:27:48 UTC;5457220;2608664
2018-01-25 19:27:49 UTC;5457096;2608788
2018-01-25 19:27:50 UTC;5457128;2608756
2018-01-25 19:27:51 UTC;5457064;2608820
2018-01-25 19:27:52 UTC;5457036;2608848
2018-01-25 19:27:53 UTC;5456972;2608912
2018-01-25 19:27:54 UTC;5456632;2609252
2018-01-25 19:27:55 UTC;5456632;2609252
2018-01-25 19:27:56 UTC;5456600;2609284
2018-01-25 19:27:57 UTC;5456384;2609500
2018-01-25 19:27:58 UTC;5456384;2609500
2018-01-25 19:27:59 UTC;5456292;2609592
2018-01-25 19:28:00 UTC;5456260;2609624
2018-01-25 19:28:01 UTC;5456260;2609624
2018-01-25 19:28:02 UTC;5456260;2609624
2018-01-25 19:28:03 UTC;5456356;2609528
2018-01-25 19:28:04 UTC;5456228;2609656
2018-01-25 19:28:05 UTC;5456260;2609624
2018-01-25 19:28:06 UTC;5456228;2609656
2018-01-25 19:28:07 UTC;5453960;2611924
2018-01-25 19:28:08 UTC;5454448;2611436
2018-01-25 19:28:09 UTC;5453360;2612524
2018-01-25 19:28:10 UTC;5453748;2612136
2018-01-25 19:28:11 UTC;5453780;2612104
2018-01-25 19:28:12 UTC;5452568;2613316
2018-01-25 19:28:13 UTC;5453360;2612524
2018-01-25 19:28:14 UTC;5453204;2612680
2018-01-25 19:28:15 UTC;5451296;2614588
2018-01-25 19:28:16 UTC;5452124;2613760
2018-01-25 19:28:17 UTC;5451768;2614116
2018-01-25 19:28:18 UTC;5451148;2614736
2018-01-25 19:28:19 UTC;5450820;2615064
2018-01-25 19:28:20 UTC;5450152;2615732
2018-01-25 19:28:21 UTC;5449384;2616500
2018-01-25 19:28:22 UTC;5449804;2616080
2018-01-25 19:28:23 UTC;5449928;2615956
2018-01-25 19:28:24 UTC;5449804;2616080
2018-01-25 19:28:25 UTC;5449804;2616080
2018-01-25 19:28:26 UTC;5450040;2615844
2018-01-25 19:28:27 UTC;5449680;2616204
2018-01-25 19:28:28 UTC;5449680;2616204
2018-01-25 19:28:29 UTC;5449556;2616328
2018-01-25 19:28:30 UTC;5449556;2616328
2018-01-25 19:28:31 UTC;5449432;2616452
2018-01-25 19:28:32 UTC;5449556;2616328
2018-01-25 19:28:33 UTC;5449556;2616328
2018-01-25 19:28:34 UTC;5449556;2616328
2018-01-25 19:28:35 UTC;5449028;2616856
2018-01-25 19:28:36 UTC;5449120;2616764
2018-01-25 19:28:37 UTC;5448780;2617104
2018-01-25 19:28:38 UTC;5448780;2617104
2018-01-25 19:28:39 UTC;5448656;2617228
2018-01-25 19:28:40 UTC;5448784;2617100
2018-01-25 19:28:41 UTC;5448376;2617508
2018-01-25 19:28:42 UTC;5448252;2617632
2018-01-25 19:28:43 UTC;5448284;2617600
2018-01-25 19:28:44 UTC;5448100;2617784
2018-01-25 19:28:45 UTC;5448004;2617880
2018-01-25 19:28:46 UTC;5448068;2617816
2018-01-25 19:28:47 UTC;5447664;2618220
2018-01-25 19:28:48 UTC;5447696;2618188
2018-01-25 19:28:49 UTC;5447632;2618252
2018-01-25 19:28:50 UTC;5447384;2618500
2018-01-25 19:28:51 UTC;5447292;2618592
2018-01-25 19:28:52 UTC;5447292;2618592
2018-01-25 19:28:53 UTC;5447292;2618592
2018-01-25 19:28:54 UTC;5447292;2618592
2018-01-25 19:28:55 UTC;5447168;2618716
2018-01-25 19:28:56 UTC;5447108;2618776
2018-01-25 19:28:57 UTC;5447012;2618872
2018-01-25 19:28:58 UTC;5446672;2619212
2018-01-25 19:28:59 UTC;5446580;2619304
2018-01-25 19:29:00 UTC;5446548;2619336
2018-01-25 19:29:01 UTC;5446176;2619708
2018-01-25 19:29:02 UTC;5446052;2619832
2018-01-25 19:29:03 UTC;5446052;2619832
2018-01-25 19:29:04 UTC;5446020;2619864
2018-01-25 19:29:05 UTC;5446084;2619800
2018-01-25 19:29:06 UTC;5445896;2619988
2018-01-25 19:29:07 UTC;5445616;2620268
2018-01-25 19:29:08 UTC;5445680;2620204
2018-01-25 19:29:09 UTC;5445680;2620204
2018-01-25 19:29:10 UTC;5445680;2620204
2018-01-25 19:29:11 UTC;5445712;2620172
2018-01-25 19:29:12 UTC;5445556;2620328
2018-01-25 19:29:13 UTC;5445476;2620408
2018-01-25 19:29:14 UTC;5445476;2620408
2018-01-25 19:29:15 UTC;5445476;2620408
2018-01-25 19:29:16 UTC;5445476;2620408
2018-01-25 19:29:17 UTC;5443552;2622332
2018-01-25 19:29:18 UTC;5444548;2621336
2018-01-25 19:29:19 UTC;5444456;2621428
2018-01-25 19:29:20 UTC;5443092;2622792
2018-01-25 19:29:21 UTC;5443928;2621956
2018-01-25 19:29:22 UTC;5442780;2623104
2018-01-25 19:29:23 UTC;5443252;2622632
2018-01-25 19:29:24 UTC;5443524;2622360
2018-01-25 19:29:25 UTC;5441772;2624112
2018-01-25 19:29:26 UTC;5442532;2623352
2018-01-25 19:29:27 UTC;5442376;2623508
2018-01-25 19:29:28 UTC;5440932;2624952
2018-01-25 19:29:29 UTC;5440824;2625060
2018-01-25 19:29:30 UTC;5440824;2625060
2018-01-25 19:29:31 UTC;5441168;2624716
2018-01-25 19:29:32 UTC;5441228;2624656
2018-01-25 19:29:33 UTC;5439124;2626760
2018-01-25 19:29:34 UTC;5440004;2625880
2018-01-25 19:29:35 UTC;5439884;2626000
2018-01-25 19:29:36 UTC;5440056;2625828
2018-01-25 19:29:37 UTC;5439852;2626032
2018-01-25 19:29:38 UTC;5439884;2626000
2018-01-25 19:29:39 UTC;5439976;2625908
2018-01-25 19:29:40 UTC;5439916;2625968
2018-01-25 19:29:41 UTC;5439852;2626032
2018-01-25 19:29:42 UTC;5439908;2625976
2018-01-25 19:29:43 UTC;5439812;2626072
2018-01-25 19:29:44 UTC;5439940;2625944
2018-01-25 19:29:45 UTC;5439844;2626040
2018-01-25 19:29:46 UTC;5439908;2625976
2018-01-25 19:29:47 UTC;5439596;2626288
2018-01-25 19:29:48 UTC;5439596;2626288
2018-01-25 19:29:49 UTC;5439440;2626444
2018-01-25 19:29:50 UTC;5439504;2626380
2018-01-25 19:29:51 UTC;5439412;2626472
2018-01-25 19:29:52 UTC;5439380;2626504
2018-01-25 19:29:53 UTC;5439316;2626568
2018-01-25 19:29:54 UTC;5439412;2626472
2018-01-25 19:29:55 UTC;5439380;2626504
2018-01-25 19:29:56 UTC;5439444;2626440
2018-01-25 19:29:57 UTC;5439068;2626816
2018-01-25 19:29:58 UTC;5438576;2627308
2018-01-25 19:29:59 UTC;5438356;2627528
2018-01-25 19:30:00 UTC;5438420;2627464
2018-01-25 19:30:01 UTC;5438324;2627560
2018-01-25 19:30:02 UTC;5438388;2627496
2018-01-25 19:30:03 UTC;5438324;2627560
2018-01-25 19:30:04 UTC;5438388;2627496
2018-01-25 19:30:05 UTC;5438372;2627512
2018-01-25 19:30:06 UTC;5438372;2627512
2018-01-25 19:30:07 UTC;5437752;2628132
2018-01-25 19:30:08 UTC;5437752;2628132
2018-01-25 19:30:09 UTC;5437752;2628132
2018-01-25 19:30:10 UTC;5437752;2628132
2018-01-25 19:30:11 UTC;5437720;2628164
2018-01-25 19:30:12 UTC;5437592;2628292
2018-01-25 19:30:13 UTC;5437468;2628416
2018-01-25 19:30:14 UTC;5437472;2628412
2018-01-25 19:30:15 UTC;5437472;2628412
2018-01-25 19:30:16 UTC;5437472;2628412
2018-01-25 19:30:17 UTC;5437348;2628536
2018-01-25 19:30:18 UTC;5437100;2628784
2018-01-25 19:30:19 UTC;5437100;2628784
2018-01-25 19:30:20 UTC;5437100;2628784
2018-01-25 19:30:21 UTC;5436948;2628936
2018-01-25 19:30:22 UTC;5436820;2629064
2018-01-25 19:30:23 UTC;5436852;2629032
2018-01-25 19:30:24 UTC;5436788;2629096
2018-01-25 19:30:25 UTC;5436760;2629124
2018-01-25 19:30:26 UTC;5436696;2629188
2018-01-25 19:30:27 UTC;5436356;2629528
2018-01-25 19:30:28 UTC;5434000;2631884
2018-01-25 19:30:29 UTC;5434836;2631048
2018-01-25 19:30:30 UTC;5433488;2632396
2018-01-25 19:30:31 UTC;5433848;2632036
2018-01-25 19:30:32 UTC;5433192;2632692
2018-01-25 19:30:33 UTC;5434100;2631784
2018-01-25 19:30:34 UTC;5434092;2631792
2018-01-25 19:30:35 UTC;5434028;2631856
2018-01-25 19:30:36 UTC;5434248;2631636
2018-01-25 19:30:37 UTC;5432616;2633268
2018-01-25 19:30:38 UTC;5433352;2632532
2018-01-25 19:30:39 UTC;5433296;2632588
2018-01-25 19:30:40 UTC;5433264;2632620
2018-01-25 19:30:41 UTC;5433172;2632712
2018-01-25 19:30:42 UTC;5433204;2632680
2018-01-25 19:30:43 UTC;5431436;2634448
2018-01-25 19:30:44 UTC;5431468;2634416
2018-01-25 19:30:45 UTC;5430212;2635672
2018-01-25 19:30:46 UTC;5431156;2634728
2018-01-25 19:30:47 UTC;5430952;2634932
2018-01-25 19:30:48 UTC;5429760;2636124
2018-01-25 19:30:49 UTC;5429980;2635904
2018-01-25 19:30:50 UTC;5429884;2636000
2018-01-25 19:30:51 UTC;5429884;2636000
2018-01-25 19:30:52 UTC;5429884;2636000
2018-01-25 19:30:53 UTC;5429884;2636000
2018-01-25 19:30:54 UTC;5429916;2635968
2018-01-25 19:30:55 UTC;5429696;2636188
2018-01-25 19:30:56 UTC;5429604;2636280
2018-01-25 19:30:57 UTC;5429604;2636280
2018-01-25 19:30:58 UTC;5429636;2636248
2018-01-25 19:30:59 UTC;5429668;2636216
2018-01-25 19:31:00 UTC;5429448;2636436
2018-01-25 19:31:01 UTC;5429512;2636372
2018-01-25 19:31:02 UTC;5429512;2636372
2018-01-25 19:31:03 UTC;5429480;2636404
2018-01-25 19:31:04 UTC;5429544;2636340
2018-01-25 19:31:05 UTC;5429480;2636404
2018-01-25 19:31:06 UTC;5429448;2636436
2018-01-25 19:31:07 UTC;5429232;2636652
2018-01-25 19:31:08 UTC;5429296;2636588
2018-01-25 19:31:09 UTC;5429360;2636524
2018-01-25 19:31:10 UTC;5429204;2636680
2018-01-25 19:31:11 UTC;5429016;2636868
2018-01-25 19:31:12 UTC;5428892;2636992
2018-01-25 19:31:13 UTC;5428924;2636960
2018-01-25 19:31:14 UTC;5428720;2637164
2018-01-25 19:31:15 UTC;5428816;2637068
2018-01-25 19:31:16 UTC;5428816;2637068
2018-01-25 19:31:17 UTC;5428692;2637192
2018-01-25 19:31:18 UTC;5428660;2637224
2018-01-25 19:31:19 UTC;5428660;2637224
2018-01-25 19:31:20 UTC;5428596;2637288
2018-01-25 19:31:21 UTC;5428536;2637348
2018-01-25 19:31:22 UTC;5428536;2637348
2018-01-25 19:31:23 UTC;5428536;2637348
2018-01-25 19:31:24 UTC;5428380;2637504
2018-01-25 19:31:25 UTC;5428476;2637408
2018-01-25 19:31:26 UTC;5428256;2637628
2018-01-25 19:31:27 UTC;5428040;2637844
2018-01-25 19:31:28 UTC;5427916;2637968
2018-01-25 19:31:29 UTC;5427916;2637968
2018-01-25 19:31:30 UTC;5427668;2638216
2018-01-25 19:31:31 UTC;5427668;2638216
2018-01-25 19:31:32 UTC;5427544;2638340
2018-01-25 19:31:33 UTC;5427544;2638340
2018-01-25 19:31:34 UTC;5427480;2638404
2018-01-25 19:31:35 UTC;5427420;2638464
2018-01-25 19:31:36 UTC;5427388;2638496
2018-01-25 19:31:37 UTC;5426984;2638900
2018-01-25 19:31:38 UTC;5424396;2641488
2018-01-25 19:31:39 UTC;5425084;2640800
2018-01-25 19:31:40 UTC;5425248;2640636
2018-01-25 19:31:41 UTC;5424208;2641676
2018-01-25 19:31:42 UTC;5424428;2641456
2018-01-25 19:31:43 UTC;5424628;2641256
2018-01-25 19:31:44 UTC;5423216;2642668
2018-01-25 19:31:45 UTC;5423420;2642464
2018-01-25 19:31:46 UTC;5423480;2642404
2018-01-25 19:31:47 UTC;5423480;2642404
2018-01-25 19:31:48 UTC;5422488;2643396
2018-01-25 19:31:49 UTC;5423232;2642652
2018-01-25 19:31:50 UTC;5423076;2642808
2018-01-25 19:31:51 UTC;5423108;2642776
2018-01-25 19:31:52 UTC;5423200;2642684
2018-01-25 19:31:53 UTC;5423076;2642808
2018-01-25 19:31:54 UTC;5423200;2642684
2018-01-25 19:31:55 UTC;5423200;2642684
2018-01-25 19:31:56 UTC;5421836;2644048
2018-01-25 19:31:57 UTC;5420284;2645600
2018-01-25 19:31:58 UTC;5419768;2646116
2018-01-25 19:31:59 UTC;5420676;2645208
2018-01-25 19:32:00 UTC;5420644;2645240
2018-01-25 19:32:01 UTC;5420552;2645332
2018-01-25 19:32:02 UTC;5420460;2645424
2018-01-25 19:32:03 UTC;5420336;2645548
2018-01-25 19:32:04 UTC;5420368;2645516
2018-01-25 19:32:05 UTC;5420336;2645548
2018-01-25 19:32:06 UTC;5420336;2645548
2018-01-25 19:32:07 UTC;5420088;2645796
2018-01-25 19:32:08 UTC;5420088;2645796
2018-01-25 19:32:09 UTC;5420080;2645804
2018-01-25 19:32:10 UTC;5420112;2645772
2018-01-25 19:32:11 UTC;5419924;2645960
2018-01-25 19:32:12 UTC;5419956;2645928
2018-01-25 19:32:13 UTC;5419800;2646084
2018-01-25 19:32:14 UTC;5419864;2646020
2018-01-25 19:32:15 UTC;5419396;2646488
2018-01-25 19:32:16 UTC;5419428;2646456
2018-01-25 19:32:17 UTC;5419084;2646800
2018-01-25 19:32:18 UTC;5419148;2646736
2018-01-25 19:32:19 UTC;5419148;2646736
2018-01-25 19:32:20 UTC;5419148;2646736
2018-01-25 19:32:21 UTC;5419148;2646736
2018-01-25 19:32:22 UTC;5419024;2646860
2018-01-25 19:32:23 UTC;5419024;2646860
2018-01-25 19:32:24 UTC;5419024;2646860
2018-01-25 19:32:25 UTC;5418900;2646984
2018-01-25 19:32:26 UTC;5418652;2647232
2018-01-25 19:32:27 UTC;5418528;2647356
2018-01-25 19:32:28 UTC;5418528;2647356
2018-01-25 19:32:29 UTC;5418280;2647604
2018-01-25 19:32:30 UTC;5418156;2647728
2018-01-25 19:32:31 UTC;5418188;2647696
2018-01-25 19:32:32 UTC;5418196;2647688
2018-01-25 19:32:33 UTC;5417520;2648364
2018-01-25 19:32:34 UTC;5417484;2648400
2018-01-25 19:32:35 UTC;5417420;2648464
2018-01-25 19:32:36 UTC;5417484;2648400
2018-01-25 19:32:37 UTC;5417296;2648588
2018-01-25 19:32:38 UTC;5417236;2648648
2018-01-25 19:32:39 UTC;5417172;2648712
2018-01-25 19:32:40 UTC;5417080;2648804
2018-01-25 19:32:41 UTC;5417048;2648836
2018-01-25 19:32:42 UTC;5417112;2648772
2018-01-25 19:32:43 UTC;5417020;2648864
2018-01-25 19:32:44 UTC;5416956;2648928
2018-01-25 19:32:45 UTC;5416864;2649020
2018-01-25 19:32:46 UTC;5416612;2649272
2018-01-25 19:32:47 UTC;5416396;2649488
2018-01-25 19:32:48 UTC;5414028;2651856
2018-01-25 19:32:49 UTC;5414964;2650920
2018-01-25 19:32:50 UTC;5415096;2650788
2018-01-25 19:32:51 UTC;5413840;2652044
2018-01-25 19:32:52 UTC;5414416;2651468
2018-01-25 19:32:53 UTC;5414288;2651596
2018-01-25 19:32:54 UTC;5414568;2651316
2018-01-25 19:32:55 UTC;5414660;2651224
2018-01-25 19:32:56 UTC;5413328;2652556
2018-01-25 19:32:57 UTC;5414476;2651408
2018-01-25 19:32:58 UTC;5414320;2651564
2018-01-25 19:32:59 UTC;5412700;2653184
2018-01-25 19:33:00 UTC;5412700;2653184
2018-01-25 19:33:01 UTC;5412792;2653092
2018-01-25 19:33:02 UTC;5413104;2652780
2018-01-25 19:33:03 UTC;5413164;2652720
2018-01-25 19:33:04 UTC;5413444;2652440
2018-01-25 19:33:05 UTC;5413444;2652440
2018-01-25 19:33:06 UTC;5413444;2652440
2018-01-25 19:33:07 UTC;5413444;2652440
2018-01-25 19:33:08 UTC;5413444;2652440
2018-01-25 19:33:09 UTC;5409936;2655948
2018-01-25 19:33:10 UTC;5410844;2655040
2018-01-25 19:33:11 UTC;5409532;2656352
2018-01-25 19:33:12 UTC;5410096;2655788
2018-01-25 19:33:13 UTC;5409840;2656044
2018-01-25 19:33:14 UTC;5409808;2656076
2018-01-25 19:33:15 UTC;5409872;2656012
2018-01-25 19:33:16 UTC;5409840;2656044
2018-01-25 19:33:17 UTC;5409964;2655920
2018-01-25 19:33:18 UTC;5409964;2655920
2018-01-25 19:33:19 UTC;5409900;2655984
2018-01-25 19:33:20 UTC;5409932;2655952
2018-01-25 19:33:21 UTC;5409868;2656016
2018-01-25 19:33:22 UTC;5409744;2656140
2018-01-25 19:33:23 UTC;5409776;2656108
2018-01-25 19:33:24 UTC;5409808;2656076
2018-01-25 19:33:25 UTC;5409620;2656264
2018-01-25 19:33:26 UTC;5409652;2656232
2018-01-25 19:33:27 UTC;5409436;2656448
2018-01-25 19:33:28 UTC;5409436;2656448
2018-01-25 19:33:29 UTC;5409248;2656636
2018-01-25 19:33:30 UTC;5409344;2656540
2018-01-25 19:33:31 UTC;5409312;2656572
2018-01-25 19:33:32 UTC;5409280;2656604
2018-01-25 19:33:33 UTC;5409344;2656540
2018-01-25 19:33:34 UTC;5409344;2656540
2018-01-25 19:33:35 UTC;5409344;2656540
2018-01-25 19:33:36 UTC;5409312;2656572
2018-01-25 19:33:37 UTC;5409220;2656664
2018-01-25 19:33:38 UTC;5408940;2656944
2018-01-25 19:33:39 UTC;5408940;2656944
2018-01-25 19:33:40 UTC;5408848;2657036
2018-01-25 19:33:41 UTC;5408568;2657316
2018-01-25 19:33:42 UTC;5408444;2657440
2018-01-25 19:33:43 UTC;5408320;2657564
2018-01-25 19:33:44 UTC;5408320;2657564
2018-01-25 19:33:45 UTC;5408312;2657572
2018-01-25 19:33:46 UTC;5408312;2657572
2018-01-25 19:33:47 UTC;5408064;2657820
2018-01-25 19:33:48 UTC;5407940;2657944
2018-01-25 19:33:49 UTC;5407972;2657912
2018-01-25 19:33:50 UTC;5407752;2658132
2018-01-25 19:33:51 UTC;5407724;2658160
2018-01-25 19:33:52 UTC;5407536;2658348
2018-01-25 19:33:53 UTC;5407568;2658316
2018-01-25 19:33:54 UTC;5407568;2658316
2018-01-25 19:33:55 UTC;5407444;2658440
2018-01-25 19:33:56 UTC;5407352;2658532
2018-01-25 19:33:57 UTC;5407072;2658812
2018-01-25 19:33:58 UTC;5405000;2660884
2018-01-25 19:33:59 UTC;5405692;2660192
2018-01-25 19:34:00 UTC;5405288;2660596
2018-01-25 19:34:01 UTC;5405040;2660844
2018-01-25 19:34:02 UTC;5403336;2662548
2018-01-25 19:34:03 UTC;5403736;2662148
2018-01-25 19:34:04 UTC;5404016;2661868
2018-01-25 19:34:05 UTC;5404016;2661868
2018-01-25 19:34:06 UTC;5404048;2661836
2018-01-25 19:34:07 UTC;5404108;2661776
2018-01-25 19:34:08 UTC;5404108;2661776
2018-01-25 19:34:09 UTC;5404140;2661744
2018-01-25 19:34:10 UTC;5402172;2663712
2018-01-25 19:34:11 UTC;5403508;2662376
2018-01-25 19:34:12 UTC;5402448;2663436
2018-01-25 19:34:13 UTC;5402372;2663512
2018-01-25 19:34:14 UTC;5402464;2663420
2018-01-25 19:34:15 UTC;5402368;2663516
2018-01-25 19:34:16 UTC;5402464;2663420
2018-01-25 19:34:17 UTC;5402340;2663544
2018-01-25 19:34:18 UTC;5402496;2663388
2018-01-25 19:34:19 UTC;5402432;2663452
2018-01-25 19:34:20 UTC;5402340;2663544
2018-01-25 19:34:21 UTC;5402216;2663668
2018-01-25 19:34:22 UTC;5400868;2665016
2018-01-25 19:34:23 UTC;5399672;2666212
2018-01-25 19:34:24 UTC;5400456;2665428
2018-01-25 19:34:25 UTC;5398748;2667136
2018-01-25 19:34:26 UTC;5399740;2666144
2018-01-25 19:34:27 UTC;5399896;2665988
2018-01-25 19:34:28 UTC;5399864;2666020
2018-01-25 19:34:29 UTC;5399864;2666020
2018-01-25 19:34:30 UTC;5399864;2666020
2018-01-25 19:34:31 UTC;5399832;2666052
2018-01-25 19:34:32 UTC;5399772;2666112
2018-01-25 19:34:33 UTC;5399772;2666112
2018-01-25 19:34:34 UTC;5399772;2666112
2018-01-25 19:34:35 UTC;5399804;2666080
2018-01-25 19:34:36 UTC;5399676;2666208
2018-01-25 19:34:37 UTC;5399740;2666144
2018-01-25 19:34:38 UTC;5399772;2666112
2018-01-25 19:34:39 UTC;5399648;2666236
2018-01-25 19:34:40 UTC;5399616;2666268
2018-01-25 19:34:41 UTC;5399492;2666392
2018-01-25 19:34:42 UTC;5399460;2666424
2018-01-25 19:34:43 UTC;5399492;2666392
2018-01-25 19:34:44 UTC;5399492;2666392
2018-01-25 19:34:45 UTC;5399400;2666484
2018-01-25 19:34:46 UTC;5399400;2666484
2018-01-25 19:34:47 UTC;5398996;2666888
2018-01-25 19:34:48 UTC;5398840;2667044
2018-01-25 19:34:49 UTC;5398716;2667168
2018-01-25 19:34:50 UTC;5398624;2667260
2018-01-25 19:34:51 UTC;5398656;2667228
2018-01-25 19:34:52 UTC;5398408;2667476
2018-01-25 19:34:53 UTC;5398500;2667384
2018-01-25 19:34:54 UTC;5398376;2667508
2018-01-25 19:34:55 UTC;5398376;2667508
2018-01-25 19:34:56 UTC;5398252;2667632
2018-01-25 19:34:57 UTC;5398220;2667664
2018-01-25 19:34:58 UTC;5397972;2667912
2018-01-25 19:34:59 UTC;5398004;2667880
2018-01-25 19:35:00 UTC;5397972;2667912
2018-01-25 19:35:01 UTC;5397880;2668004
2018-01-25 19:35:02 UTC;5397756;2668128
2018-01-25 19:35:03 UTC;5397852;2668032
2018-01-25 19:35:04 UTC;5397632;2668252
2018-01-25 19:35:05 UTC;5397540;2668344
2018-01-25 19:35:06 UTC;5397508;2668376
2018-01-25 19:35:07 UTC;5397136;2668748
2018-01-25 19:35:08 UTC;5394948;2670936
2018-01-25 19:35:09 UTC;5395356;2670528
2018-01-25 19:35:10 UTC;5395224;2670660
2018-01-25 19:35:11 UTC;5395524;2670360
2018-01-25 19:35:12 UTC;5395504;2670380
2018-01-25 19:35:13 UTC;5393952;2671932
2018-01-25 19:35:14 UTC;5394868;2671016
2018-01-25 19:35:15 UTC;5394744;2671140
2018-01-25 19:35:16 UTC;5394960;2670924
2018-01-25 19:35:17 UTC;5395024;2670860
2018-01-25 19:35:18 UTC;5394960;2670924
2018-01-25 19:35:19 UTC;5394868;2671016
2018-01-25 19:35:20 UTC;5393004;2672880
2018-01-25 19:35:21 UTC;5392808;2673076
2018-01-25 19:35:22 UTC;5393348;2672536
2018-01-25 19:35:23 UTC;5393316;2672568
2018-01-25 19:35:24 UTC;5393552;2672332
2018-01-25 19:35:25 UTC;5393564;2672320
2018-01-25 19:35:26 UTC;5393596;2672288
2018-01-25 19:35:27 UTC;5393440;2672444
2018-01-25 19:35:28 UTC;5391952;2673932
2018-01-25 19:35:29 UTC;5392544;2673340
2018-01-25 19:35:30 UTC;5392572;2673312
2018-01-25 19:35:31 UTC;5392976;2672908
2018-01-25 19:35:32 UTC;5392820;2673064
2018-01-25 19:35:33 UTC;5392884;2673000
2018-01-25 19:35:34 UTC;5392664;2673220
2018-01-25 19:35:35 UTC;5392852;2673032
2018-01-25 19:35:36 UTC;5390252;2675632
2018-01-25 19:35:37 UTC;5390920;2674964
2018-01-25 19:35:38 UTC;5390764;2675120
2018-01-25 19:35:39 UTC;5389692;2676192
2018-01-25 19:35:40 UTC;5390528;2675356
2018-01-25 19:35:41 UTC;5390592;2675292
2018-01-25 19:35:42 UTC;5390280;2675604
2018-01-25 19:35:43 UTC;5390188;2675696
2018-01-25 19:35:44 UTC;5390312;2675572
2018-01-25 19:35:45 UTC;5390312;2675572
2018-01-25 19:35:46 UTC;5390344;2675540
2018-01-25 19:35:47 UTC;5390344;2675540
2018-01-25 19:35:48 UTC;5390092;2675792
2018-01-25 19:35:49 UTC;5390188;2675696
2018-01-25 19:35:50 UTC;5390000;2675884
2018-01-25 19:35:51 UTC;5390128;2675756
2018-01-25 19:35:52 UTC;5390064;2675820
2018-01-25 19:35:53 UTC;5390160;2675724
2018-01-25 19:35:54 UTC;5390064;2675820
2018-01-25 19:35:55 UTC;5389972;2675912
2018-01-25 19:35:56 UTC;5389816;2676068
2018-01-25 19:35:57 UTC;5389444;2676440
2018-01-25 19:35:58 UTC;5389288;2676596
2018-01-25 19:35:59 UTC;5389196;2676688
2018-01-25 19:36:00 UTC;5389196;2676688
2018-01-25 19:36:01 UTC;5389260;2676624
2018-01-25 19:36:02 UTC;5389136;2676748
2018-01-25 19:36:03 UTC;5388916;2676968
2018-01-25 19:36:04 UTC;5388856;2677028
2018-01-25 19:36:05 UTC;5388792;2677092
2018-01-25 19:36:06 UTC;5388792;2677092
2018-01-25 19:36:07 UTC;5388824;2677060
2018-01-25 19:36:08 UTC;5388668;2677216
2018-01-25 19:36:09 UTC;5388700;2677184
2018-01-25 19:36:10 UTC;5388576;2677308
2018-01-25 19:36:11 UTC;5388420;2677464
2018-01-25 19:36:12 UTC;5388296;2677588
2018-01-25 19:36:13 UTC;5388264;2677620
2018-01-25 19:36:14 UTC;5388296;2677588
2018-01-25 19:36:15 UTC;5388296;2677588
2018-01-25 19:36:16 UTC;5388172;2677712
2018-01-25 19:36:17 UTC;5387828;2678056
2018-01-25 19:36:18 UTC;5385196;2680688
2018-01-25 19:36:19 UTC;5385804;2680080
2018-01-25 19:36:20 UTC;5385876;2680008
2018-01-25 19:36:21 UTC;5386056;2679828
2018-01-25 19:36:22 UTC;5386344;2679540
2018-01-25 19:36:23 UTC;5386404;2679480
2018-01-25 19:36:24 UTC;5385228;2680656
2018-01-25 19:36:25 UTC;5385756;2680128
2018-01-25 19:36:26 UTC;5385704;2680180
2018-01-25 19:36:27 UTC;5385768;2680116
2018-01-25 19:36:28 UTC;5385580;2680304
2018-01-25 19:36:29 UTC;5385612;2680272
2018-01-25 19:36:30 UTC;5385768;2680116
2018-01-25 19:36:31 UTC;5385768;2680116
2018-01-25 19:36:32 UTC;5383124;2682760
2018-01-25 19:36:33 UTC;5384164;2681720
2018-01-25 19:36:34 UTC;5384084;2681800
2018-01-25 19:36:35 UTC;5384164;2681720
2018-01-25 19:36:36 UTC;5384336;2681548
2018-01-25 19:36:37 UTC;5384256;2681628
2018-01-25 19:36:38 UTC;5384300;2681584
2018-01-25 19:36:39 UTC;5384268;2681616
2018-01-25 19:36:40 UTC;5384332;2681552
2018-01-25 19:36:41 UTC;5384112;2681772
2018-01-25 19:36:42 UTC;5384144;2681740
2018-01-25 19:36:43 UTC;5384052;2681832
2018-01-25 19:36:44 UTC;5384052;2681832
2018-01-25 19:36:45 UTC;5383960;2681924
2018-01-25 19:36:46 UTC;5380824;2685060
2018-01-25 19:36:47 UTC;5381848;2684036
2018-01-25 19:36:48 UTC;5381536;2684348
2018-01-25 19:36:49 UTC;5381536;2684348
2018-01-25 19:36:50 UTC;5381568;2684316
2018-01-25 19:36:51 UTC;5381568;2684316
2018-01-25 19:36:52 UTC;5381564;2684320
2018-01-25 19:36:53 UTC;5381436;2684448
2018-01-25 19:36:54 UTC;5381500;2684384
2018-01-25 19:36:55 UTC;5381436;2684448
2018-01-25 19:36:56 UTC;5381436;2684448
2018-01-25 19:36:57 UTC;5381436;2684448
2018-01-25 19:36:58 UTC;5381500;2684384
2018-01-25 19:36:59 UTC;5381436;2684448
2018-01-25 19:37:00 UTC;5381436;2684448
2018-01-25 19:37:01 UTC;5381280;2684604
2018-01-25 19:37:02 UTC;5381344;2684540
2018-01-25 19:37:03 UTC;5381188;2684696
2018-01-25 19:37:04 UTC;5381096;2684788
2018-01-25 19:37:05 UTC;5381032;2684852
2018-01-25 19:37:06 UTC;5381096;2684788
2018-01-25 19:37:07 UTC;5381064;2684820
2018-01-25 19:37:08 UTC;5380940;2684944
2018-01-25 19:37:09 UTC;5381032;2684852
2018-01-25 19:37:10 UTC;5381004;2684880
2018-01-25 19:37:11 UTC;5380816;2685068
2018-01-25 19:37:12 UTC;5380692;2685192
2018-01-25 19:37:13 UTC;5380596;2685288
2018-01-25 19:37:14 UTC;5380628;2685256
2018-01-25 19:37:15 UTC;5380660;2685224
2018-01-25 19:37:16 UTC;5380536;2685348
2018-01-25 19:37:17 UTC;5380504;2685380
2018-01-25 19:37:18 UTC;5380380;2685504
2018-01-25 19:37:19 UTC;5380288;2685596
2018-01-25 19:37:20 UTC;5380272;2685612
2018-01-25 19:37:21 UTC;5380180;2685704
2018-01-25 19:37:22 UTC;5380088;2685796
2018-01-25 19:37:23 UTC;5379992;2685892
2018-01-25 19:37:24 UTC;5380008;2685876
2018-01-25 19:37:25 UTC;5380040;2685844
2018-01-25 19:37:26 UTC;5379916;2685968
2018-01-25 19:37:27 UTC;5379728;2686156
2018-01-25 19:37:28 UTC;5379728;2686156
2018-01-25 19:37:29 UTC;5379604;2686280
2018-01-25 19:37:30 UTC;5379636;2686248
2018-01-25 19:37:31 UTC;5379700;2686184
2018-01-25 19:37:32 UTC;5379544;2686340
2018-01-25 19:37:33 UTC;5379480;2686404
2018-01-25 19:37:34 UTC;5379232;2686652
2018-01-25 19:37:35 UTC;5379264;2686620
2018-01-25 19:37:36 UTC;5376812;2689072
2018-01-25 19:37:37 UTC;5377712;2688172
2018-01-25 19:37:38 UTC;5377744;2688140
2018-01-25 19:37:39 UTC;5377868;2688016
2018-01-25 19:37:40 UTC;5377868;2688016
2018-01-25 19:37:41 UTC;5377776;2688108
2018-01-25 19:37:42 UTC;5377776;2688108
2018-01-25 19:37:43 UTC;5377836;2688048
2018-01-25 19:37:44 UTC;5376636;2689248
2018-01-25 19:37:45 UTC;5377128;2688756
2018-01-25 19:37:46 UTC;5375828;2690056
2018-01-25 19:37:47 UTC;5376608;2689276
2018-01-25 19:37:48 UTC;5376696;2689188
2018-01-25 19:37:49 UTC;5376696;2689188
2018-01-25 19:37:50 UTC;5376480;2689404
2018-01-25 19:37:51 UTC;5376604;2689280
2018-01-25 19:37:52 UTC;5376508;2689376
2018-01-25 19:37:53 UTC;5376416;2689468
2018-01-25 19:37:54 UTC;5376448;2689436
2018-01-25 19:37:55 UTC;5376448;2689436
2018-01-25 19:37:56 UTC;5374228;2691656
2018-01-25 19:37:57 UTC;5375416;2690468
2018-01-25 19:37:58 UTC;5375296;2690588
2018-01-25 19:37:59 UTC;5375424;2690460
2018-01-25 19:38:00 UTC;5375392;2690492
2018-01-25 19:38:01 UTC;5375204;2690680
2018-01-25 19:38:02 UTC;5375020;2690864
2018-01-25 19:38:03 UTC;5375020;2690864
2018-01-25 19:38:04 UTC;5374896;2690988
2018-01-25 19:38:05 UTC;5374864;2691020
2018-01-25 19:38:06 UTC;5373352;2692532
2018-01-25 19:38:07 UTC;5374480;2691404
2018-01-25 19:38:08 UTC;5374384;2691500
2018-01-25 19:38:09 UTC;5374416;2691468
2018-01-25 19:38:10 UTC;5374228;2691656
2018-01-25 19:38:11 UTC;5374228;2691656
2018-01-25 19:38:12 UTC;5374384;2691500
2018-01-25 19:38:13 UTC;5374292;2691592
2018-01-25 19:38:14 UTC;5374324;2691560
2018-01-25 19:38:15 UTC;5374136;2691748
2018-01-25 19:38:16 UTC;5374104;2691780
2018-01-25 19:38:17 UTC;5371496;2694388
2018-01-25 19:38:18 UTC;5372612;2693272
2018-01-25 19:38:19 UTC;5372460;2693424
2018-01-25 19:38:20 UTC;5372304;2693580
2018-01-25 19:38:21 UTC;5372400;2693484
2018-01-25 19:38:22 UTC;5372212;2693672
2018-01-25 19:38:23 UTC;5372212;2693672
2018-01-25 19:38:24 UTC;5372116;2693768
2018-01-25 19:38:25 UTC;5372056;2693828
2018-01-25 19:38:26 UTC;5371928;2693956
2018-01-25 19:38:27 UTC;5371748;2694136
2018-01-25 19:38:28 UTC;5371620;2694264
2018-01-25 19:38:29 UTC;5371644;2694240
2018-01-25 19:38:30 UTC;5371676;2694208
2018-01-25 19:38:31 UTC;5371864;2694020
2018-01-25 19:38:32 UTC;5371800;2694084
2018-01-25 19:38:33 UTC;5371768;2694116
2018-01-25 19:38:34 UTC;5371708;2694176
2018-01-25 19:38:35 UTC;5371708;2694176
2018-01-25 19:38:36 UTC;5371740;2694144
2018-01-25 19:38:37 UTC;5371520;2694364
2018-01-25 19:38:38 UTC;5371644;2694240
2018-01-25 19:38:39 UTC;5371520;2694364
2018-01-25 19:38:40 UTC;5371552;2694332
2018-01-25 19:38:41 UTC;5371332;2694552
2018-01-25 19:38:42 UTC;5371336;2694548
2018-01-25 19:38:43 UTC;5371272;2694612
2018-01-25 19:38:44 UTC;5370960;2694924
2018-01-25 19:38:45 UTC;5370900;2694984
2018-01-25 19:38:46 UTC;5370900;2694984
2018-01-25 19:38:47 UTC;5368772;2697112
2018-01-25 19:38:48 UTC;5369632;2696252
2018-01-25 19:38:49 UTC;5369768;2696116
2018-01-25 19:38:50 UTC;5369908;2695976
2018-01-25 19:38:51 UTC;5369812;2696072
2018-01-25 19:38:52 UTC;5369040;2696844
2018-01-25 19:38:53 UTC;5369224;2696660
2018-01-25 19:38:54 UTC;5369224;2696660
2018-01-25 19:38:55 UTC;5369160;2696724
2018-01-25 19:38:56 UTC;5369288;2696596
2018-01-25 19:38:57 UTC;5369224;2696660
2018-01-25 19:38:58 UTC;5369288;2696596
2018-01-25 19:38:59 UTC;5369224;2696660
2018-01-25 19:39:00 UTC;5369128;2696756
2018-01-25 19:39:01 UTC;5369036;2696848
2018-01-25 19:39:02 UTC;5369100;2696784
2018-01-25 19:39:03 UTC;5366828;2699056
2018-01-25 19:39:04 UTC;5367644;2698240
2018-01-25 19:39:05 UTC;5367548;2698336
2018-01-25 19:39:06 UTC;5367784;2698100
2018-01-25 19:39:07 UTC;5367704;2698180
2018-01-25 19:39:08 UTC;5367736;2698148
2018-01-25 19:39:09 UTC;5367640;2698244
2018-01-25 19:39:10 UTC;5367736;2698148
2018-01-25 19:39:11 UTC;5367736;2698148
2018-01-25 19:39:12 UTC;5367892;2697992
2018-01-25 19:39:13 UTC;5367828;2698056
2018-01-25 19:39:14 UTC;5367564;2698320
2018-01-25 19:39:15 UTC;5367596;2698288
2018-01-25 19:39:16 UTC;5366412;2699472
2018-01-25 19:39:17 UTC;5366120;2699764
2018-01-25 19:39:18 UTC;5366656;2699228
2018-01-25 19:39:19 UTC;5366600;2699284
2018-01-25 19:39:20 UTC;5366820;2699064
2018-01-25 19:39:21 UTC;5366664;2699220
2018-01-25 19:39:22 UTC;5366820;2699064
2018-01-25 19:39:23 UTC;5366784;2699100
2018-01-25 19:39:24 UTC;5366076;2699808
2018-01-25 19:39:25 UTC;5365948;2699936
2018-01-25 19:39:26 UTC;5366076;2699808
2018-01-25 19:39:27 UTC;5366076;2699808
2018-01-25 19:39:28 UTC;5365948;2699936
2018-01-25 19:39:29 UTC;5366012;2699872
2018-01-25 19:39:30 UTC;5366044;2699840
2018-01-25 19:39:31 UTC;5365980;2699904
2018-01-25 19:39:32 UTC;5366076;2699808
2018-01-25 19:39:33 UTC;5365980;2699904
2018-01-25 19:39:34 UTC;5366012;2699872
2018-01-25 19:39:35 UTC;5365968;2699916
2018-01-25 19:39:36 UTC;5365716;2700168
2018-01-25 19:39:37 UTC;5363080;2702804
2018-01-25 19:39:38 UTC;5364192;2701692
2018-01-25 19:39:39 UTC;5364352;2701532
2018-01-25 19:39:40 UTC;5364384;2701500
2018-01-25 19:39:41 UTC;5364384;2701500
2018-01-25 19:39:42 UTC;5364352;2701532
2018-01-25 19:39:43 UTC;5363436;2702448
2018-01-25 19:39:44 UTC;5363140;2702744
2018-01-25 19:39:45 UTC;5363264;2702620
2018-01-25 19:39:46 UTC;5363576;2702308
2018-01-25 19:39:47 UTC;5363668;2702216
2018-01-25 19:39:48 UTC;5363888;2701996
2018-01-25 19:39:49 UTC;5363732;2702152
2018-01-25 19:39:50 UTC;5363668;2702216
2018-01-25 19:39:51 UTC;5363636;2702248
2018-01-25 19:39:52 UTC;5363700;2702184
2018-01-25 19:39:53 UTC;5363732;2702152
2018-01-25 19:39:54 UTC;5363700;2702184
2018-01-25 19:39:55 UTC;5363636;2702248
2018-01-25 19:39:56 UTC;5363796;2702088
2018-01-25 19:39:57 UTC;5363636;2702248
2018-01-25 19:39:58 UTC;5363576;2702308
2018-01-25 19:39:59 UTC;5363544;2702340
2018-01-25 19:40:00 UTC;5363608;2702276
2018-01-25 19:40:01 UTC;5363544;2702340
2018-01-25 19:40:02 UTC;5363576;2702308
2018-01-25 19:40:03 UTC;5363640;2702244
2018-01-25 19:40:04 UTC;5363420;2702464
2018-01-25 19:40:05 UTC;5363328;2702556
2018-01-25 19:40:06 UTC;5363360;2702524
2018-01-25 19:40:07 UTC;5362784;2703100
2018-01-25 19:40:08 UTC;5362816;2703068
2018-01-25 19:40:09 UTC;5362816;2703068
2018-01-25 19:40:10 UTC;5362600;2703284
2018-01-25 19:40:11 UTC;5362472;2703412
2018-01-25 19:40:12 UTC;5362504;2703380
2018-01-25 19:40:13 UTC;5362536;2703348
2018-01-25 19:40:14 UTC;5362536;2703348
2018-01-25 19:40:15 UTC;5362600;2703284
2018-01-25 19:40:16 UTC;5360388;2705496
2018-01-25 19:40:17 UTC;5360684;2705200
2018-01-25 19:40:18 UTC;5361288;2704596
2018-01-25 19:40:19 UTC;5361224;2704660
2018-01-25 19:40:20 UTC;5361320;2704564
2018-01-25 19:40:21 UTC;5361444;2704440
2018-01-25 19:40:22 UTC;5361380;2704504
2018-01-25 19:40:23 UTC;5361256;2704628
2018-01-25 19:40:24 UTC;5361164;2704720
2018-01-25 19:40:25 UTC;5361040;2704844
2018-01-25 19:40:26 UTC;5360976;2704908
2018-01-25 19:40:27 UTC;5360912;2704972
2018-01-25 19:40:28 UTC;5361040;2704844
2018-01-25 19:40:29 UTC;5359488;2706396
2018-01-25 19:40:30 UTC;5359452;2706432
2018-01-25 19:40:31 UTC;5359572;2706312
2018-01-25 19:40:32 UTC;5359544;2706340
2018-01-25 19:40:33 UTC;5358364;2707520
2018-01-25 19:40:34 UTC;5359180;2706704
2018-01-25 19:40:35 UTC;5359108;2706776
2018-01-25 19:40:36 UTC;5359356;2706528
2018-01-25 19:40:37 UTC;5359076;2706808
2018-01-25 19:40:38 UTC;5359044;2706840
2018-01-25 19:40:39 UTC;5359236;2706648
2018-01-25 19:40:40 UTC;5359232;2706652
2018-01-25 19:40:41 UTC;5359108;2706776
2018-01-25 19:40:42 UTC;5359204;2706680
2018-01-25 19:40:43 UTC;5358796;2707088
2018-01-25 19:40:44 UTC;5357036;2708848
2018-01-25 19:40:45 UTC;5356892;2708992
2018-01-25 19:40:46 UTC;5357456;2708428
2018-01-25 19:40:47 UTC;5357356;2708528
2018-01-25 19:40:48 UTC;5357528;2708356
2018-01-25 19:40:49 UTC;5357728;2708156
2018-01-25 19:40:50 UTC;5357728;2708156
2018-01-25 19:40:51 UTC;5357824;2708060
2018-01-25 19:40:52 UTC;5357824;2708060
2018-01-25 19:40:53 UTC;5357824;2708060
2018-01-25 19:40:54 UTC;5357824;2708060
2018-01-25 19:40:55 UTC;5357824;2708060
2018-01-25 19:40:56 UTC;5357824;2708060
2018-01-25 19:40:57 UTC;5357732;2708152
2018-01-25 19:40:58 UTC;5357732;2708152
2018-01-25 19:40:59 UTC;5357732;2708152
2018-01-25 19:41:00 UTC;5357700;2708184
2018-01-25 19:41:01 UTC;5357732;2708152
2018-01-25 19:41:02 UTC;5355424;2710460
2018-01-25 19:41:03 UTC;5354880;2711004
2018-01-25 19:41:04 UTC;5356036;2709848
2018-01-25 19:41:05 UTC;5355100;2710784
2018-01-25 19:41:06 UTC;5355304;2710580
2018-01-25 19:41:07 UTC;5355428;2710456
2018-01-25 19:41:08 UTC;5355460;2710424
2018-01-25 19:41:09 UTC;5355520;2710364
2018-01-25 19:41:10 UTC;5355552;2710332
2018-01-25 19:41:11 UTC;5355396;2710488
2018-01-25 19:41:12 UTC;5355396;2710488
2018-01-25 19:41:13 UTC;5355316;2710568
2018-01-25 19:41:14 UTC;5355332;2710552
2018-01-25 19:41:15 UTC;5355380;2710504
2018-01-25 19:41:16 UTC;5355252;2710632
2018-01-25 19:41:17 UTC;5355284;2710600
2018-01-25 19:41:18 UTC;5355412;2710472
2018-01-25 19:41:19 UTC;5355348;2710536
2018-01-25 19:41:20 UTC;5355256;2710628
2018-01-25 19:41:21 UTC;5355132;2710752
2018-01-25 19:41:22 UTC;5355164;2710720
2018-01-25 19:41:23 UTC;5355100;2710784
2018-01-25 19:41:24 UTC;5355036;2710848
2018-01-25 19:41:25 UTC;5355100;2710784
2018-01-25 19:41:26 UTC;5354976;2710908
2018-01-25 19:41:27 UTC;5354820;2711064
2018-01-25 19:41:28 UTC;5354884;2711000
2018-01-25 19:41:29 UTC;5354820;2711064
2018-01-25 19:41:30 UTC;5354884;2711000
2018-01-25 19:41:31 UTC;5354696;2711188
2018-01-25 19:41:32 UTC;5354760;2711124
2018-01-25 19:41:33 UTC;5354604;2711280
2018-01-25 19:41:34 UTC;5354448;2711436
2018-01-25 19:41:35 UTC;5352292;2713592
2018-01-25 19:41:36 UTC;5352960;2712924
2018-01-25 19:41:37 UTC;5352912;2712972
2018-01-25 19:41:38 UTC;5353284;2712600
2018-01-25 19:41:39 UTC;5353284;2712600
2018-01-25 19:41:40 UTC;5353284;2712600
2018-01-25 19:41:41 UTC;5353284;2712600
2018-01-25 19:41:42 UTC;5353160;2712724
2018-01-25 19:41:43 UTC;5353160;2712724
2018-01-25 19:41:44 UTC;5352912;2712972
2018-01-25 19:41:45 UTC;5350756;2715128
2018-01-25 19:41:46 UTC;5351316;2714568
2018-01-25 19:41:47 UTC;5351440;2714444
2018-01-25 19:41:48 UTC;5351484;2714400
2018-01-25 19:41:49 UTC;5351552;2714332
2018-01-25 19:41:50 UTC;5351584;2714300
2018-01-25 19:41:51 UTC;5349320;2716564
2018-01-25 19:41:52 UTC;5350212;2715672
2018-01-25 19:41:53 UTC;5350312;2715572
2018-01-25 19:41:54 UTC;5350496;2715388
2018-01-25 19:41:55 UTC;5350496;2715388
2018-01-25 19:41:56 UTC;5350528;2715356
2018-01-25 19:41:57 UTC;5350624;2715260
2018-01-25 19:41:58 UTC;5350436;2715448
2018-01-25 19:41:59 UTC;5350404;2715480
2018-01-25 19:42:00 UTC;5350344;2715540
2018-01-25 19:42:01 UTC;5350344;2715540
2018-01-25 19:42:02 UTC;5350312;2715572
2018-01-25 19:42:03 UTC;5350280;2715604
2018-01-25 19:42:04 UTC;5350280;2715604
2018-01-25 19:42:05 UTC;5350280;2715604
2018-01-25 19:42:06 UTC;5350280;2715604
2018-01-25 19:42:07 UTC;5350280;2715604
2018-01-25 19:42:08 UTC;5350312;2715572
2018-01-25 19:42:09 UTC;5350156;2715728
2018-01-25 19:42:10 UTC;5350124;2715760
2018-01-25 19:42:11 UTC;5350124;2715760
2018-01-25 19:42:12 UTC;5294256;2771628
2018-01-25 19:42:13 UTC;5290336;2775548
2018-01-25 19:42:14 UTC;5290336;2775548
2018-01-25 19:42:15 UTC;5290304;2775580
2018-01-25 19:42:16 UTC;5290304;2775580
2018-01-25 19:42:17 UTC;5290304;2775580
2018-01-25 19:42:18 UTC;5290180;2775704
2018-01-25 19:42:19 UTC;5290180;2775704
2018-01-25 19:42:20 UTC;5290180;2775704
2018-01-25 19:42:21 UTC;5290056;2775828
2018-01-25 19:42:22 UTC;5289964;2775920
2018-01-25 19:42:23 UTC;5289964;2775920
2018-01-25 19:42:24 UTC;5289900;2775984
2018-01-25 19:42:25 UTC;5289776;2776108
2018-01-25 19:42:26 UTC;5309404;2756480
2018-01-25 19:42:27 UTC;5309856;2756028
2018-01-25 19:42:28 UTC;5308904;2756980
2018-01-25 19:42:29 UTC;5310020;2755864
2018-01-25 19:42:30 UTC;5310004;2755880
2018-01-25 19:42:31 UTC;5310080;2755804
2018-01-25 19:42:32 UTC;5310112;2755772
2018-01-25 19:42:33 UTC;5310020;2755864
2018-01-25 19:42:34 UTC;5310020;2755864
2018-01-25 19:42:35 UTC;5309956;2755928
2018-01-25 19:42:36 UTC;5309988;2755896
2018-01-25 19:42:37 UTC;5310020;2755864
2018-01-25 19:42:38 UTC;5309928;2755956
2018-01-25 19:42:39 UTC;5309864;2756020
2018-01-25 19:42:40 UTC;5309896;2755988
2018-01-25 19:42:41 UTC;5309772;2756112
2018-01-25 19:42:42 UTC;5309836;2756048
2018-01-25 19:42:43 UTC;5309616;2756268
2018-01-25 19:42:44 UTC;5307476;2758408
2018-01-25 19:42:45 UTC;5307212;2758672
2018-01-25 19:42:46 UTC;5308732;2757152
2018-01-25 19:42:47 UTC;5308732;2757152
2018-01-25 19:42:48 UTC;5308704;2757180
2018-01-25 19:42:49 UTC;5308528;2757356
2018-01-25 19:42:50 UTC;5308620;2757264
2018-01-25 19:42:51 UTC;5308716;2757168
2018-01-25 19:42:52 UTC;5308496;2757388
2018-01-25 19:42:53 UTC;5308560;2757324
2018-01-25 19:42:54 UTC;5308528;2757356
2018-01-25 19:42:55 UTC;5308500;2757384
2018-01-25 19:42:56 UTC;5308376;2757508
2018-01-25 19:42:57 UTC;5308156;2757728
2018-01-25 19:42:58 UTC;5308064;2757820
2018-01-25 19:42:59 UTC;5308128;2757756
2018-01-25 19:43:00 UTC;5308088;2757796
2018-01-25 19:43:01 UTC;5308056;2757828
2018-01-25 19:43:02 UTC;5306916;2758968
2018-01-25 19:43:03 UTC;5307616;2758268
2018-01-25 19:43:04 UTC;5307544;2758340
2018-01-25 19:43:05 UTC;5307496;2758388
2018-01-25 19:43:06 UTC;5307496;2758388
2018-01-25 19:43:07 UTC;5307620;2758264
2018-01-25 19:43:08 UTC;5307620;2758264
2018-01-25 19:43:09 UTC;5307744;2758140
2018-01-25 19:43:10 UTC;5307776;2758108
2018-01-25 19:43:11 UTC;5307744;2758140
2018-01-25 19:43:12 UTC;5307620;2758264
2018-01-25 19:43:13 UTC;5307620;2758264
2018-01-25 19:43:14 UTC;5307604;2758280
2018-01-25 19:43:15 UTC;5307604;2758280
2018-01-25 19:43:16 UTC;5307480;2758404
2018-01-25 19:43:17 UTC;5307480;2758404
2018-01-25 19:43:18 UTC;5307480;2758404
2018-01-25 19:43:19 UTC;5307432;2758452
2018-01-25 19:43:20 UTC;5307464;2758420
2018-01-25 19:43:21 UTC;5307340;2758544
2018-01-25 19:43:22 UTC;5307464;2758420
2018-01-25 19:43:23 UTC;5307464;2758420
2018-01-25 19:43:24 UTC;5307340;2758544
2018-01-25 19:43:25 UTC;5307340;2758544
2018-01-25 19:43:26 UTC;5307340;2758544
2018-01-25 19:43:27 UTC;5307340;2758544
2018-01-25 19:43:28 UTC;5307200;2758684
2018-01-25 19:43:29 UTC;5307076;2758808
2018-01-25 19:43:30 UTC;5307076;2758808
2018-01-25 19:43:31 UTC;5307076;2758808
2018-01-25 19:43:32 UTC;5306920;2758964
2018-01-25 19:43:33 UTC;5306828;2759056
2018-01-25 19:43:34 UTC;5306828;2759056
2018-01-25 19:43:35 UTC;5306704;2759180
2018-01-25 19:43:36 UTC;5306704;2759180
2018-01-25 19:43:37 UTC;5306324;2759560
2018-01-25 19:43:38 UTC;5306580;2759304
2018-01-25 19:43:39 UTC;5306456;2759428
2018-01-25 19:43:40 UTC;5306456;2759428
2018-01-25 19:43:41 UTC;5306456;2759428
2018-01-25 19:43:42 UTC;5306456;2759428
2018-01-25 19:43:43 UTC;5306332;2759552
2018-01-25 19:43:44 UTC;5305808;2760076
2018-01-25 19:43:45 UTC;5305836;2760048
2018-01-25 19:43:46 UTC;5305712;2760172
2018-01-25 19:43:47 UTC;5305712;2760172
2018-01-25 19:43:48 UTC;5305588;2760296
2018-01-25 19:43:49 UTC;5305712;2760172
2018-01-25 19:43:50 UTC;5305744;2760140
2018-01-25 19:43:51 UTC;5305652;2760232
2018-01-25 19:43:52 UTC;5305620;2760264
2018-01-25 19:43:53 UTC;5305620;2760264
2018-01-25 19:43:54 UTC;5305620;2760264
2018-01-25 19:43:55 UTC;5305588;2760296
2018-01-25 19:43:56 UTC;5305496;2760388
2018-01-25 19:43:57 UTC;5305372;2760512
2018-01-25 19:43:58 UTC;5305372;2760512
2018-01-25 19:43:59 UTC;5305372;2760512
2018-01-25 19:44:00 UTC;5305248;2760636
2018-01-25 19:44:01 UTC;5305248;2760636
2018-01-25 19:44:02 UTC;5305248;2760636
2018-01-25 19:44:03 UTC;5305248;2760636
2018-01-25 19:44:04 UTC;5304600;2761284
2018-01-25 19:44:05 UTC;5304752;2761132
2018-01-25 19:44:06 UTC;5301420;2764464
2018-01-25 19:44:07 UTC;5301528;2764356
2018-01-25 19:44:08 UTC;5301824;2764060
2018-01-25 19:44:09 UTC;5303072;2762812
2018-01-25 19:44:10 UTC;5303348;2762536
2018-01-25 19:44:11 UTC;5305060;2760824
2018-01-25 19:44:12 UTC;5308148;2757736
2018-01-25 19:44:13 UTC;5310932;2754952
2018-01-25 19:44:14 UTC;5312468;2753416
2018-01-25 19:44:15 UTC;5313076;2752808
2018-01-25 19:44:16 UTC;5313108;2752776
2018-01-25 19:44:17 UTC;5313076;2752808
2018-01-25 19:44:18 UTC;5313076;2752808
2018-01-25 19:44:19 UTC;5313076;2752808
2018-01-25 19:44:20 UTC;5313140;2752744
2018-01-25 19:44:21 UTC;5313108;2752776
2018-01-25 19:44:22 UTC;5313108;2752776
2018-01-25 19:44:23 UTC;5313108;2752776
2018-01-25 19:44:24 UTC;5313076;2752808
2018-01-25 19:44:25 UTC;5313108;2752776
2018-01-25 19:44:26 UTC;5313108;2752776
2018-01-25 19:44:27 UTC;5313108;2752776
2018-01-25 19:44:28 UTC;5313108;2752776
2018-01-25 19:44:29 UTC;5312984;2752900
2018-01-25 19:44:30 UTC;5312984;2752900
2018-01-25 19:44:31 UTC;5312984;2752900
2018-01-25 19:44:32 UTC;5311832;2754052
2018-01-25 19:44:33 UTC;5312820;2753064
2018-01-25 19:44:34 UTC;5312924;2752960
2018-01-25 19:44:35 UTC;5313268;2752616
2018-01-25 19:44:36 UTC;5313296;2752588
2018-01-25 19:44:37 UTC;5313172;2752712
2018-01-25 19:44:38 UTC;5286448;2779436
